objectname,objectid,rating,numplays,weight,own,fortrade,want,wanttobuy,wanttoplay,prevowned,preordered,wishlist,wishlistpriority,wishlistcomment,comment,conditiontext,haspartslist,wantpartslist,collid,baverage,average,avgweight,rank,numowned,objecttype,originalname,minplayers,maxplayers,playingtime,maxplaytime,minplaytime,yearpublished,bggrecplayers,bggbestplayers,bggrecagerange,bgglanguagedependence,publisherid,imageid,year,language,other,itemtype,barcode,version_publishers,version_languages,version_yearpublished,version_nickname
"011","93194","0","0","0","1","0","0","0","0","0","0","0","3","","79-1","","","","53477581","5.57478","6.04998","2.7959","10689","832","thing","011","3","6","90","90","90","2011","4,5,6","4","10+","No necessary in-game text","","","","","","standalone","","ElfinWerks; Heidelberger Spieleverlag; Scribabs","English; French; German; Italian; Portuguese; Spanish","2011","Multilingual edition"
"1000 hely amit látnod kell","27181","0","0","0","1","0","0","0","0","0","0","0","3","","34-1","","","","107194270","5.45471","3.0161","1.1111","28968","99","thing","1,000 Places to See Before You Die","2","6","0","0","0","2006","","3","6–16","","","","","","","standalone","","Piatnik","Hungarian","0","Hungarian edition"
"Az 1000 tükör vára","40962","0","0","0","1","0","0","0","0","0","0","0","3","","21-5","","","","53478385","5.54275","5.99142","1.3571","13915","491","thing","Mirror Mansion","2","4","20","20","20","2009","3,4","3,4","6+","No necessary in-game text","","","","","","standalone","","Piatnik","Hungarian","0","Hungarian edition"
"12 Rivers","447649","0","0","0","1","0","0","0","0","0","0","0","3","","34-5","","","","138486448","5.65262","7.26505","1.625","7244","610","thing","12 Rivers","2","4","75","75","45","2025","3,4","4","12+","Some necessary text - easily memorized or small crib sheet","","","","","","standalone","","Good Games Publishing","English","2025","English edition"
"1923 Cotton Club","340790","0","0","0","1","0","0","0","0","0","0","0","3","","65-2","","","","138486832","6.00863","7.43756","2.069","3057","1956","thing","1923 Cotton Club","2","4","60","60","45","2021","2,3,4","3","8+","No necessary in-game text","","","","","","standalone","","Looping Games","English; Spanish","2021","English/Spanish edition"
"20 másodperc totálkáosz","276431","0","0","0","1","0","0","0","0","0","0","0","3","","10-4
*","","","","100796958","5.57802","6.48411","1","10471","790","thing","20 Second Showdown","5","20","0","0","0","2022","5,7,8,9,10,11,12,13","6,7","8+","","","","","","","standalone","","Big Potato Games; Reflexshop","Hungarian","2022","Hungarian edition"
"2gether","364266","0","0","0","1","0","0","0","0","0","0","0","3","","50-2","","","","119276275","5.58046","6.67079","1.125","10298","431","thing","Complices","2","2","25","25","15","2024","2","2","6+","Some necessary text - easily memorized or small crib sheet","","","","","","standalone","","OldChap Games; Piatnik","Czech; German; Hungarian; Slovak","2024","DE/HU/CZ/SK edition"
"3Motion","409580","0","0","0","1","0","0","0","0","0","0","0","3","","53-2","","","","124592247","0","5.31176","2","0","44","thing","3Motion","2","2","20","20","20","2024","","","","","","","","","","standalone","","Piatnik","Czech; French; German; Hungarian; Polish; Slovak","2024","Multilingual edition"
"4Mation","329175","0","0","0","1","0","0","0","0","0","0","0","3","","53-2","","","","83375856","5.5367","6.55435","1","14892","209","thing","4Mation","2","2","10","10","10","2021","2","2","8+","","","","","","","standalone","","Piatnik","Czech; French; German; Hungarian; Polish; Slovak; Spanish","2021","Multilingual edition"
"504","175878","0","0","0","1","0","0","0","0","0","0","0","3","","77-1","","","","53767335","5.79077","6.18978","3.4623","4808","4188","thing","504","2","4","120","120","30","2015","2,3,4","4","10+","No necessary in-game text","","","","","","standalone","","Stronghold Games","English","2015","English edition"
"7 csoda","68448","0","0","0","1","0","0","0","0","0","0","0","3","","62-5","","","","53477600","7.55396","7.66622","2.3149","111","152287","thing","7 Wonders","2","7","30","30","30","2011","3,4,5,6,7","4,5","10+","No necessary in-game text","","","","","","standalone","","Repos Production","Hungarian","2011","Repos Hungarian edition"
"7 Csoda (2021-es kiadás)","316377","0","0","0","1","0","0","0","0","0","0","0","3","","65-4
*","","","","84247872","7.34401","7.82903","2.2909","209","18045","thing","7 Wonders (Second Edition)","3","7","30","30","30","2021","3,4,5,6,7","4,5","10+","No necessary in-game text","","","","","","standalone","","Gém Klub Kft.; Repos Production","Hungarian","2021","Hungarian edition"
"7 Csoda Párbaj","173346","0","0","0","1","0","0","0","0","0","0","0","3","","52-4
*","","","","84246801","7.9576","8.08188","2.2273","21","177590","thing","7 Wonders Duel","2","2","30","30","30","2016","2","2","10+","No necessary in-game text","","","","","","standalone","","Gém Klub Kft.; Repos Production","Hungarian","2016","Hungarian edition"
"7 Csoda Párbaj: Agora","309116","0","0","0","1","0","0","0","0","0","0","0","3","","52-4","","","","89785013","7.25737","8.06996","2.8898","0","22686","thing","7 Wonders Duel: Agora","2","2","30","30","30","2021","2","2","12+","No necessary in-game text","","","","","","expansion","","Gém Klub Kft.; Repos Production","Hungarian","2021","Hungarian edition"
"7 Csoda Párbaj: Panteon","202976","0","0","0","1","0","0","0","0","0","0","0","3","","52-4","","","","84247026","7.62981","7.99966","2.3207","0","49730","thing","7 Wonders Duel: Pantheon","2","2","30","30","30","2020","2","2","10+","No necessary in-game text","","","","","","expansion","","Gém Klub Kft.; Repos Production","Hungarian","2020","Hungarian edition"
"7 Csoda: Építészek","346703","0","0","0","1","0","0","0","0","0","0","0","3","","29-4","","","","88182466","6.75905","7.03346","1.3678","800","18583","thing","7 Wonders: Architects","2","7","25","25","25","2021","2,3,4,5,6,7","4","6+","No necessary in-game text","","","","","","standalone","","Gém Klub Kft.; Repos Production","Hungarian","2021","Hungarian edition"
"7 Steps","161537","0","0","0","1","0","0","0","0","0","0","0","3","","19-4","","","","124480674","5.58838","6.15408","1.7619","9820","318","thing","7 Steps","2","4","30","30","30","2014","2,3","2","8+","Some necessary text - easily memorized or small crib sheet","","","","","","standalone","","KOSMOS","German","2014","German edition"
"7 Wonders Duel","173346","0","0","0","1","0","0","0","0","0","0","0","3","","52-4","","","","53765941","7.9576","8.08188","2.2273","21","177590","thing","7 Wonders Duel","2","2","30","30","30","2015","2","2","10+","No necessary in-game text","","","","","","standalone","","Repos Production","English","2015","English first edition R01"
"7 Wonders Duel: Pantheon","202976","0","0","0","1","0","0","0","0","0","0","0","3","","52-4","","","","54877862","7.62981","7.99966","2.3207","0","49730","thing","7 Wonders Duel: Pantheon","2","2","30","30","30","2016","2","2","10+","No necessary in-game text","","","","","","expansion","","Repos Production","German","2016","German edition"
"7 Wonders: Cities","111661","0","0","0","1","0","0","0","0","0","0","0","3","","62-5","","","","53696622","7.36121","7.7988","2.3467","0","31618","thing","7 Wonders: Cities","2","8","40","40","40","2012","3,4,5,6,7,8","4,5","10+","No necessary in-game text","","","","","","expansion","","Rebel Sp. z o.o.; Repos Production","English; Japanese; Polish; Spanish","2012","English/Japanese/Polish/Spanish edition 2012"
"80 Days","348503","0","0","0","1","0","0","0","0","0","0","0","3","","34-2","","","","103633644","5.5935","6.86418","2.0769","9489","382","thing","80 Days","2","4","75","75","45","2022","2,3,4","4","8+","No necessary in-game text","","","","","","standalone","","Piatnik","Czech; Hungarian; Polish; Slovak","2022","East European edition"
"A fehér várkastély: Párbaj","438936","0","0","0","1","0","0","0","0","0","0","0","3","","56-2","","","","137612908","5.73","7.87615","2.8571","5632","1374","thing","The White Castle Duel","2","2","40","40","20","2025","2","2","10+","No necessary in-game text","","","","","","standalone","","Reflexshop","Hungarian","2025","Hungarian edition"
"A Piramis Kincse","38196","0","0","0","1","0","0","0","0","0","0","0","3","","22-2","","","","63423232","5.48362","4.2957","1.3333","27629","127","thing","Relic Raiders: Treasure of the Lost Pyramid","2","4","20","20","20","2008","2,3,4","4","6+","No necessary in-game text","","","","","","standalone","","Basic Concepts","Hungarian","0","Hungarian edition"
"Abalone","526","0","0","0","1","0","0","0","0","0","0","0","3","","54-1","","","","53765253","6.22104","6.48556","2.154","2109","13904","thing","Abalone","2","2","30","30","30","2003","2","2","8+","No necessary in-game text","","","","","","standalone","","Schmidt Spiele","French; German; Italian","2003","Schmidt edition 2003"
"Ábrándos bárányok","324242","0","0","0","1","0","0","0","0","0","0","0","3","","27-5","","","","114472755","5.94412","6.96471","1.7812","3468","2248","thing","Sheepy Time","1","4","45","45","30","2021","2,3,4","3,4","8+","Moderate in-game text - needs crib sheet or paste ups","","","","","","standalone","","Reflexshop","Hungarian","2021","Hungarian edition"
"Abszolút elfelejtett szavak","350267","0","0","0","1","0","0","0","0","0","0","0","3","","15-4","","","","93365742","0","6.54","0","0","41","thing","Abszolút elfelejtett szavak","3","8","20","0","20","2021","","","","Unplayable in another language","","","","","","standalone","","Pagony játék","Hungarian","2021","Hungarian edition"
"Abszolút képtelen sztorik","363678","0","0","0","1","0","0","0","0","0","0","0","3","","13-5","","","","96453687","0","6.66667","0","0","13","thing","Abszolút képtelen sztorik","3","6","60","60","60","2022","","","","Unplayable in another language","","","","","","standalone","","Pagony játék","Hungarian","2022","Hungarian Edition"
"Abszolút megvadult betűk","328484","0","0","0","1","0","0","0","0","0","0","0","3","","16-3","","","","93365728","5.52087","7.41429","2.5","18630","60","thing","Abszolút megvadult betűk","1","6","60","60","45","2020","1,2,3,4,5","3,4","8","Unplayable in another language","","","","","","standalone","","Pagony játék","Hungarian","2020","Hungarian edition"
"Acélfenyves","407343","0","0","0","1","0","0","0","0","0","0","0","3","","51-4","","","","129863820","6.39289","7.89111","2.8636","1566","4085","thing","Ironwood","1","2","60","60","30","2025","1,2","2","12+","Moderate in-game text - needs crib sheet or paste ups","","","","","","standalone","","Reflexshop","Hungarian","2025","Hungarian edition"
"Acélmágnás","318084","0","0","0","1","0","0","0","0","0","0","0","3","","64-2","","","","96454330","7.08291","7.39157","2.322","405","19210","thing","Furnace","2","4","60","60","30","2022","2,3,4","3,4","10+","Some necessary text - easily memorized or small crib sheet","","","","","","standalone","","Hobby World; Vagabund","Hungarian","2022","Hungarian edition"
"Achtung, frecher Frosch!","354871","0","0","0","1","0","0","0","0","0","0","0","3","","20-1","","","","99703910","0","7","0","0","16","thing","Achtung, frecher Frosch!","2","4","30","30","20","2013","","","","","","","","","","standalone","","Bookmark Verlag","German","2013","German edition"
"Activity","8790","0","0","0","1","0","0","0","0","0","0","0","3","","36-3","","","","53766643","5.60248","5.86318","1.1183","9039","2476","thing","Activity","3","16","45","45","45","1990","4,6,7,8,9,10,12","6,8","10+","Unplayable in another language","","","","","","standalone","","Piatnik","Hungarian","1990","Piatnik Hungarian edition"
"Activity Family Classic","190104","0","0","0","1","0","0","0","0","0","0","0","3","","36-3","","","","67647566","5.51508","5.97746","1","20369","286","thing","Activity Family Classic","3","16","0","0","0","2014","","","","","","","","","","standalone","","Piatnik","Hungarian","2014","Hungarian edition"
"Activity Junior","42644","0","0","0","1","0","0","0","0","0","0","0","3","","24-2","","","","53477853","5.50612","5.65025","1","23188","367","thing","Activity Junior","2","12","30","30","30","1997","","","","","22","","","2191","","standalone","","Piatnik","Hungarian","1997","Hungarian edition"
"Activity Pótkérdések I.","56688","0","0","0","1","0","0","0","0","0","0","0","3","","36-3","","","","93422269","0","5.6","2","0","44","thing","Activity Pótkérdések I.","3","16","30","30","30","1998","","","12+","Extensive use of text - massive conversion needed to be playable","","","","","","expansion","","Piatnik","Hungarian","1998","Hungarian edition"
"Adel Verpflichtet","120","0","0","0","1","0","0","0","0","0","0","0","3","","58-4","","","","96766822","6.20012","6.50971","1.8638","2190","8840","thing","Hoity Toity","2","5","45","45","45","1990","4,5","5","8+","Some necessary text - easily memorized or small crib sheet","","","","","","standalone","","F.X. Schmid","German","1990","F.X. Schmid German edition with SdJ"
"AdvenTourist","363401","0","0","0","1","0","0","0","0","0","0","0","3","","28-1
*","","","","105054904","0","4.66667","1.8","0","26","thing","AdvenTourist","2","5","120","120","60","2022","2,3,4,5","3,4","10+","Some necessary text - easily memorized or small crib sheet","","","","","","standalone","","Magyar Turisztikai Szövetség","Hungarian","2022","Hungarian edition"
"AdvenTourist: Természeti kincseink","364338","0","0","0","1","0","0","0","0","0","0","0","3","","28-1
*","","","","105054925","0","5.6","2.3333","0","25","thing","AdvenTourist: Természeti kincseink","2","5","120","120","60","2022","","","","Moderate in-game text - needs crib sheet or paste ups","","","","","","standalone","","Magyar Turisztikai Szövetség","Hungarian","2022","Hungarian edition"
"Afrika Csillaga","5130","0","0","0","1","0","0","0","0","0","0","0","3","","32-4","","","","130746948","5.13179","4.71511","1.0864","29579","2033","thing","Afrikan tähti","2","5","45","45","45","2015","2,3,4,5","4","5+","No necessary in-game text","","","","","","standalone","","Piatnik","Hungarian","2015","Piatnik Hungarian edition"
"Afrikaland","264607","0","0","0","1","0","0","0","0","0","0","0","3","","24-3","","","","55936181","0","6.33333","1","0","16","thing","Afrikaland","2","5","30","30","30","2018","2,3,4,5","2,3,4","4–8","No necessary in-game text","","","","","","standalone","","(Self-Published)","Hungarian","2018","Hungarian edition"
"Age of Thieves","203740","0","0","0","1","0","0","0","0","0","0","0","3","","78-1","","","","68144730","5.72546","6.67824","2.5833","5694","1450","thing","Age of Thieves","2","4","120","120","60","2016","2,3,4","4","10+","Some necessary text - easily memorized or small crib sheet","","","","","","standalone","","Galakta","English","0","English edition"
"Agent Undercover 2","193308","0","0","0","1","0","0","0","0","0","0","0","3","","13-3","","","","55851790","6.25987","6.80538","1.2157","1952","7459","thing","Spyfall 2","3","12","15","15","15","2018","5,6,7,8,9,10,11,12","6,7,8","10+","No necessary in-game text","","","","","","standalone","","Piatnik","Hungarian","2018","Hungarian edition"
"Agricola","31260","0","0","0","1","0","0","0","0","0","0","0","3","","84-3","","","","53477879","7.72963","7.86079","3.6352","62","89072","thing","Agricola","1","5","150","150","30","2009","1,2,3,4,5","3,4","12+","Extensive use of text - massive conversion needed to be playable","","","","","","standalone","","Compaya.hu: Gamer Café Kft.","Hungarian","2009","Compaya.hu Hungarian edition 2009"
"Agricola (Revised Edition)","200680","0","0","0","1","0","0","0","0","0","0","0","3","","84-3","","","","60887742","7.64889","7.95655","3.4457","84","28241","thing","Agricola (Revised Edition)","1","4","120","120","30","2016","1,2,3,4","3,4","12+","Extensive use of text - massive conversion needed to be playable","","","","","","standalone","","Compaya.hu: Gamer Café Kft.","Hungarian","2016","Hungarian edition"
"Ahau: Eclipse","363572","0","0","0","1","0","0","0","0","0","0","0","3","","81-1","","","","112529390","0","7.5","0","0","307","thing","Ahau: Eclipse","1","5","180","180","90","2023","","","","","","","","","","expansion","","Apeiron Games; Grand Gamers Guild","English","2023","English edition"
"Ahau: Rulers of Yucatán","321140","0","0","0","1","0","0","0","0","0","0","0","3","","81-1","","","","112529377","5.62252","6.96306","3.5882","8184","770","thing","Ahau: Rulers of Yucatán","1","5","120","120","90","2023","2,3,4,5","3","14–2","","","","","","","standalone","","Apeiron Games; Grand Gamers Guild","English","2023","English edition"
"Ahoy","20031","0","0","0","1","0","0","0","0","0","0","0","3","","21-2","","","","53477898","5.52721","5.94849","1.1111","16909","260","thing","Ahoy","2","5","30","30","30","2005","2,3,4","3","4+","No necessary in-game text","","","","","","standalone","","Cwali","Dutch; English; French; German","2005","Dutch/English/French/German edition"
"Airlines Europe","90419","0","0","0","1","0","0","0","0","0","0","0","3","","63-1","","","","53477920","6.86794","7.29747","2.4325","650","8370","thing","Airlines Europe","2","5","75","75","75","2011","3,4,5","4","10+","No necessary in-game text","","","","","","standalone","","ABACUSSPIELE","German","2011","German first edition"
"Akropolisz","357563","0","0","0","1","0","0","0","0","0","0","0","3","","29-4","","","","100170911","7.0358","7.4504","1.8053","453","13681","thing","Akropolis","1","4","30","30","20","2022","2,3,4","3","8+","No necessary in-game text","","","","","","standalone","","Gém Klub Kft.","Hungarian","2022","Hungarian edition"
"Akrotiri","154458","0","0","0","1","0","0","0","0","0","0","0","3","","55-2","","","","53766450","6.61273","7.15757","2.641","1051","8140","thing","Akrotiri","2","2","45","45","45","2014","2","2","12+","No necessary in-game text","","","","","","standalone","","Filosofia Éditions","French","2014","French first edition"
"Álarcosbál","139030","0","0","0","1","0","0","0","0","0","0","0","3","","12-5","","","","55944856","6.33322","6.55308","1.5301","1729","17746","thing","Mascarade","2","13","30","30","30","2018","4,5,6,7,8,9,10,11","6,7,8","10+","No necessary in-game text","","","","","","standalone","","Repos Production","Hungarian","2018","Hungarian edition"
"Alba Longa","58886","0","0","0","1","0","0","0","0","0","0","0","3","","79-1","","","","53477935","5.59158","6.09603","3.027","9603","822","thing","Alba Longa","2","5","90","90","90","2011","3,4","4,5","10+","No necessary in-game text","","","","","","standalone","","HUCH!","German","2011","German first edition"
"Alhambra","6249","0","0","0","1","0","0","0","0","0","0","0","3","","59-3","","","","53477954","6.90758","7.0346","2.0986","603","44901","thing","Alhambra","2","6","60","60","45","2003","2,3,4,5","3","8+","No necessary in-game text","","","","","","standalone","","Piatnik; Queen Games","Hungarian","2003","Piatnik Hungarian edition"
"Alhambra: A tolvajok órája – Hodina zlodějů – Hodina zlodejov","16494","0","0","0","1","0","0","0","0","0","0","0","3","","59-3","","","","53477974","5.85229","7.00068","2.3151","0","2745","thing","Alhambra: The Thief's Turn","2","6","60","60","60","2005","2,3,4,5","3,4","12+","No necessary in-game text","","","","","","expansion","","Piatnik; Queen Games","Czech; Hungarian; Slovak","0","Piatnik Hungarian/Czech/Slovak edition"
"Alhambra: A Város kapui","13287","0","0","0","1","0","0","0","0","0","0","0","3","","59-3","","","","53477989","6.01391","7.10383","2.2075","0","3488","thing","Alhambra: The City Gates","2","6","60","60","60","2005","2,3,4,5","3,4","12+","Some necessary text - easily memorized or small crib sheet","","","","","","expansion","","Queen Games","Hungarian","2005","Hungarian edition"
"Alhambra: A Vezír Kiváltsága – Vezírova přízeň – Vezírova priazeň","9687","0","0","0","1","0","0","0","0","0","0","0","3","","59-3","","","","53478010","6.05549","6.88084","2.1742","0","4765","thing","Alhambra: The Vizier's Favor","2","6","60","60","45","2004","2,3,4,5,6","3,4","12+","No necessary in-game text","","","","","","expansion","","Piatnik; Queen Games","Czech; Hungarian; Slovak","0","Piatnik Hungarian/Czech/Slovak edition"
"Ali Baba","3889","0","0","0","1","0","0","0","0","0","0","0","3","","II. ","","","","59813772","5.47503","5.2331","1","28268","428","thing","Ali Baba","2","4","30","30","30","2002","","","5","No necessary in-game text","","","","","","standalone","","Ravensburger","French; German; Italian","2002","Multilingual edition 2002"
"Alias","3818","0","0","0","1","0","0","0","0","0","0","0","3","","10-2
*","","","","53756586","5.62151","5.94799","1.2551","8221","2228","thing","Alias","4","12","60","60","60","1990","4,5,6,7,8,9","4,6,8","8+","Unplayable in another language","","","","","","standalone","","","","",""
"Alien Wars","175742","0","0","0","1","0","0","0","0","0","0","0","3","","04-2","","","","53918061","5.51438","5.73421","1.2","20599","404","thing","Alien Wars","2","6","10","10","10","2015","2,3,4,5,6","4,6","6+","No necessary in-game text","","","","","","standalone","","Superlude Éditions","German","0","German edition"
"Aljas 7-es","186302","0","0","0","1","0","0","0","0","0","0","0","3","","07-4
*","","","","62942969","5.7245","6.37622","1.05","5706","2147","thing","Die Fiesen 7","2","6","25","25","15","2019","3,4,5,6","5","8+","No necessary in-game text","","","","","","standalone","","Reflexshop","Hungarian","2019","Hungarian edition"
"Alkonyat","393175","0","0","0","1","0","0","0","0","0","0","0","3","","64-3
*III","","","","137227973","5.88735","6.94354","2.2143","3878","3123","thing","Nocturne","1","4","45","45","30","2025","1,2,3,4","2","8+","Some necessary text - easily memorized or small crib sheet","","","","","","standalone","","Alderac Entertainment Group; Flatout Games; Gém Klub Kft.","Hungarian","2025","Hungarian edition"
"Állati Árverés","408938","0","0","0","1","0","0","0","0","0","0","0","3","","13-1","","","","122165275","0","8","0","0","4","thing","Állati Árverés","2","8","60","60","45","2020","","","","","","","","","","standalone","","(Self-Published)","Hungarian","2020","Hungarian edition"
"Állati fogások","393429","0","0","0","1","0","0","0","0","0","0","0","3","","70-2","","","","137586542","6.51511","7.86412","2.4769","1258","5574","thing","Critter Kitchen","1","5","60","60","60","2025","1,2,3,4,5","4","8+","Moderate in-game text - needs crib sheet or paste ups","","","","","","standalone","","Cardboard Alchemy; Gém Klub Kft.","Hungarian","2025","Hungarian edition"
"Állatok a fedélzeten","191572","0","0","0","1","0","0","0","0","0","0","0","3","","32-1","","","","124411307","6.00442","6.52272","1.5152","3087","3027","thing","Animals on Board","2","4","30","30","15","2016","3,4","3,4","8+","No necessary in-game text","","","","","","standalone","","Piatnik","Hungarian","2016","Hungarian edition"
"Allűr","233009","0","0","0","1","0","0","0","0","0","0","0","3","","15-3","","","","62943222","5.49955","5.85484","1","24986","82","thing","Quirky","3","0","0","0","0","2018","","","","","","","","","","standalone","","Reflexshop","Hungarian","2018","Hungarian edition"
"Almamérce","336360","0","0","0","1","0","0","0","0","0","0","0","3","","20-3","","","","115171474","0","6","1","0","49","thing","Animeter","2","5","20","20","15","2023","2,3,4,5","2,3","5–10","","","","","","","standalone","","Compaya.hu: Gamer Café Kft.","Hungarian","2023","Hungarian edition"
"Álmodj Velem!","198454","0","0","0","1","0","0","0","0","0","0","0","3","","12-4","","","","58633455","6.50366","6.93064","1.1889","1285","11047","thing","When I Dream","4","10","40","40","20","2018","4,5,6,7,8,9,10","6","8+","Unplayable in another language","","","","","","standalone","","Gém Klub Kft.","Hungarian","2018","Hungarian edition"
"Álomház","194880","0","0","0","1","0","0","0","0","0","0","0","3","","29-4","","","","58633514","6.50792","6.85985","1.6548","1273","11976","thing","Dream Home","2","4","30","30","30","2017","2,3,4","3,4","6+","Some necessary text - easily memorized or small crib sheet","","","","","","standalone","","Gém Klub Kft.; Rebel Sp. z o.o.","Hungarian","2017","Hungarian edition"
"Álomház: Napsugárút 156","232291","0","0","0","1","0","0","0","0","0","0","0","3","","29-4","","","","96451688","6.00713","7.25493","1.6875","0","3452","thing","Dream Home: 156 Sunny Street","1","6","30","30","30","2022","2,3,4,5,6","4,6","6+","Some necessary text - easily memorized or small crib sheet","","","","","","expansion","","Gém Klub Kft.","Hungarian","2022","Hungarian edition"
"Álomkert","312618","0","0","0","1","0","0","0","0","0","0","0","3","","29-3","","","","87477858","5.958","6.67224","1.8511","3368","3952","thing","Flourish","1","7","60","60","20","2021","1,2,3,4,5,6,7","4","8+","No necessary in-game text","","","","","","standalone","","Gém Klub Kft.","Hungarian","2021","Hungarian edition"
"Alpino","394696","0","0","0","1","0","0","0","0","0","0","0","3","","28-2","","","","119275968","0","6.105","1.5","0","42","thing","Alpino","1","4","25","25","20","2024","1,2,3,4","2","6+","","","","","","","standalone","","Piatnik","Czech; French; German; Hungarian; Polish; Slovak","2024","Multilingual edition"
"Amazonas","125446","0","0","0","1","0","0","0","0","0","0","0","3","","24-1","","","","60746745","0","4.25","2","0","13","thing","Amazonas","2","4","90","90","90","0","2,3,4","2","6+","No necessary in-game text","","","","","","standalone","","(Unknown)","Hungarian","0","Hungarian edition"
"Amazónia","368305","0","0","0","1","0","0","0","0","0","0","0","3","","78-4","","","","120759749","6.92186","8.10866","2.8145","587","5634","thing","Life of the Amazonia","1","4","150","150","60","2024","1,2,3","2","10+","Some necessary text - easily memorized or small crib sheet","","","","","","standalone","","Gém Klub Kft.","Hungarian","2024","Hungarian edition"
"Amritsar: Az Aranytemplom","386502","0","0","0","1","0","0","0","0","0","0","0","3","","73-4","","","","118871536","6.07554","7.4189","3.3134","2723","2224","thing","Amritsar: The Golden Temple","1","4","120","120","60","2024","1,2,3,4","3","14","No necessary in-game text","","","","","","standalone","","Vagabund","Hungarian","2024","Hungarian edition"
"Anachrony","185343","0","0","0","1","0","0","0","0","0","0","0","3","","81-4","","","","59557834","7.73654","8.04657","4","59","26378","thing","Anachrony","1","4","120","120","30","2017","1,2,3,4","3","14+","No necessary in-game text","","","","","","standalone","","Mindclash Games","English; German","2017","English/German-only edition"
"Anachrony: Exosuit Commander Pack","218791","0","0","0","1","0","0","0","0","0","0","0","3","","81-4","","","","74524286","6.84592","8.53378","3.6667","0","8354","thing","Anachrony: Exosuit Commander Pack","1","4","120","120","60","2017","2,3,4","3","12+","No necessary in-game text","","","","","","expansion","","Mindclash Games","English","2017","English edition"
"Anachrony: Fractures of Time","272077","0","0","0","1","0","0","0","0","0","0","0","3","","81-4","","","","117662878","6.59908","8.83102","4.506","0","6800","thing","Anachrony: Fractures of Time","1","4","150","150","90","2020","1,2,3,4","3","16+","No necessary in-game text","","","","","","expansion","","Mindclash Games","English","2020","English edition"
"Anarchista palacsinta","390151","0","0","0","1","0","0","0","0","0","0","0","3","","07-3","","","","137114271","5.4946","5.53988","1","26103","1248","thing","Anarchy Pancakes","2","6","5","5","5","2024","2,3,4,5,6","3,4","5+","No necessary in-game text","","","","","","standalone","","Gém Klub Kft.","Hungarian","2024","Hungarian edition"
"Andor legendái","127398","0","0","0","1","0","0","0","0","0","0","0","3","","62-5","","","","53478095","6.86276","7.08858","2.7656","659","36672","thing","Legends of Andor","2","4","90","90","60","2012","1,2,3,4","4","10+","Extensive use of text - massive conversion needed to be playable","","","","","","standalone","","Piatnik","Hungarian","2012","Hungarian edition"
"Androméda","358661","0","0","0","1","0","0","0","0","0","0","0","3","","82-4","","","","129937730","7.34423","8.29444","3.7111","208","9170","thing","Andromeda's Edge","2","4","160","160","80","2024","1,2,3,4","3","14+","Moderate in-game text - needs crib sheet or paste ups","","","","","","standalone","","Cardboard Alchemy; Gém Klub Kft.","Hungarian","2024","Hungarian edition"
"Ankh'or: A Nílus-völgy kalmárjai","271530","0","0","0","1","0","0","0","0","0","0","0","3","","33-1","","","","69088929","6.00718","6.886","1.7568","3065","3382","thing","Ankh'or","2","4","30","30","30","2019","2,3,4","2","8+","No necessary in-game text","","","","","","standalone","","Gém Klub Kft.","Hungarian","2019","Hungarian edition"
"Anti-Monopoly","1931","0","0","0","1","0","0","0","0","0","0","0","3","","36-1","","","","53478137","5.03077","3.70313","1.6585","29592","2677","thing","Anti-Monopoly","2","6","120","120","120","1973","3,4,5,6","4","8+","Some necessary text - easily memorized or small crib sheet","","","","","","standalone","","","","",""
"Antigua","85338","0","0","0","1","0","0","0","0","0","0","0","3","","04-2","","","","53478148","5.5129","5.73724","1.7778","21033","343","thing","Antigua","2","4","35","35","35","2010","3,4","4","8+","No necessary in-game text","","","","","","standalone","","Adlung-Spiele","English; French; German; Spanish","2010","English/French/German/Spanish edition"
"Ape Town","412123","0","0","0","1","0","0","0","0","0","0","0","3","","71-1","","","","132069714","5.56354","7.15163","2.5","11590","130","thing","Ape Town","2","4","60","60","45","2025","2,3,4","3","8+","No necessary in-game text","","","","","","standalone","","Piatnik","Czech; French; Hungarian; Slovak","2025","Multilingual edition"
"Appenzell Sajtvára","28089","0","0","0","1","0","0","0","0","0","0","0","3","","21-3","","","","53784936","6.20565","6.85396","1.5882","2169","3768","thing","Château Roquefort","2","4","30","30","30","2007","2,3,4","3,4","6+","No necessary in-game text","","","","","","standalone","","Piatnik","Hungarian","2007","Hungarian edition"
"Apropó popó","365470","0","0","0","1","0","0","0","0","0","0","0","3","","24-4","","","","135863839","5.48961","5.54194","1","26903","442","thing","May Contain Butts","2","6","15","15","15","2024","","","","","","","","","","standalone","","Reflexshop","Hungarian","2024","Hungarian edition"
"Aquaretto","34194","0","0","0","1","0","0","0","0","0","0","0","3","","32-2","","","","53478268","6.25033","6.97027","2.1157","1988","3306","thing","Aquaretto","2","5","45","45","45","2007","2,3,4,5","4","8+","No necessary in-game text","","","","","","standalone","","ABACUSSPIELE","Dutch; English; French; German; Italian","2007","ABACUSSPIELE multilingual edition"
"Aramini Circus","154634","0","0","0","1","0","0","0","0","0","0","0","3","","06-5","","","","53665899","5.81257","6.29205","1.2222","4543","2710","thing","Yardmaster","2","5","20","20","20","2015","2,3,4,5","3","8+","Some necessary text - easily memorized or small crib sheet","","","","","","standalone","","Crash Games; IELLO","English","2015","English second edition (Europe only)"
"Aranyásók","9220","0","0","0","1","0","0","0","0","0","0","0","3","","06-3","","","","53478289","6.41398","6.54066","1.3182","1516","64514","thing","Saboteur","3","10","30","30","30","2005","5,6,7,8,9,10","7,8","8+","No necessary in-game text","","","","","","standalone","","Piatnik","Hungarian","2005","Piatnik Hungarian edition 2005"
"Aranyásók 2","91072","0","0","0","1","0","0","0","0","0","0","0","3","","06-3","","","","53478312","6.45985","6.93822","1.5411","0","17788","thing","Saboteur 2 (expansion-only editions)","2","12","45","45","45","2011","4,5,6,7,8,9,10","5,6,7,8","8+","No necessary in-game text","","","","","","expansion","","AMIGO; Piatnik","Hungarian","2011","Hungarian edition"
"Aranyásók Párbaj","168215","0","0","0","1","0","0","0","0","0","0","0","3","","56-3","","","","72493162","5.71619","6.0033","1.2742","5852","7912","thing","Saboteur: The Duel","1","2","30","30","30","2015","1,2","2","6+","No necessary in-game text","","","","","","standalone","","Piatnik","Hungarian","2015","Hungarian edition"
"Aranyásók: A sötét barlang","365702","0","0","0","1","0","0","0","0","0","0","0","3","","05-4","","","","98174592","5.55199","6.37315","1.75","12720","1068","thing","Saboteur: The Dark Cave","2","8","45","45","45","2022","4,5,6,7,8","6","6+","No necessary in-game text","","","","","","standalone","","Piatnik","Hungarian","2022","Hungarian edition"
"Aranyásók: Az Elfeledett Bányák","245214","0","0","0","1","0","0","0","0","0","0","0","3","","63-5","","","","135864387","5.68666","6.32185","2.05","6444","2830","thing","Saboteur: The Lost Mines","3","9","45","45","45","2018","4,5,6,7,8,9","6","8+","No necessary in-game text","","","","","","standalone","","Piatnik","Hungarian","2018","Hungarian edition"
"Aranyfolyó","399941","0","0","0","1","0","0","0","0","0","0","0","3","","66-5","","","","131418119","6.69438","7.55902","2.4737","907","4980","thing","River of Gold","2","4","90","90","60","2025","2,3,4","3","12+","Some necessary text - easily memorized or small crib sheet","","","","","","standalone","","Gém Klub Kft.; Office Dog","Hungarian","2025","Hungarian edition"
"Arborétum","140934","0","0","0","1","0","0","0","0","0","0","0","3","","03-5","","","","59929505","7.06863","7.25317","2.1123","421","41862","thing","Arboretum","2","4","30","30","30","2018","2,3,4","2","10+","No necessary in-game text","","","","","","standalone","","Renegade Game Studios; Vagabund","Hungarian","2018","Hungarian edition"
"Arcanum","99770","0","0","0","1","0","0","0","0","0","0","0","3","","79-1","","","","53665726","5.54517","5.93473","2.64","13583","708","thing","Arcanum","3","5","45","45","45","2011","3,4,5","4","","No necessary in-game text","","","","","","standalone","","Heidelberger Spieleverlag; Lo Scarabeo","English; French; German; Italian; Spanish","2011","Scarabeo Multilingual Edition"
"Arena: Revolte in Rom II","56931","0","0","0","1","0","0","0","0","0","0","0","3","","55-1","","","","53478326","6.1568","6.86371","1.9286","2350","2972","thing","Arena: Roma II","2","2","45","45","30","2009","2","2","10+","Moderate in-game text - needs crib sheet or paste ups","","","","","","standalone","","Queen Games","German","2009","German edition"
"Ark Nova","342942","0","0","0","1","0","0","0","0","0","0","0","3","","83-3","","","","96454569","8.35125","8.53953","3.7899","3","82525","thing","Ark Nova","1","4","150","150","90","2022","1,2,3","2","12+","Extensive use of text - massive conversion needed to be playable","","","","","","standalone","","Feuerland Spiele; Gém Klub Kft.","Hungarian","2022","Hungarian first edition"
"Arkham Horror: The Card Game","205637","0","0","0","1","0","0","0","0","0","0","0","3","","52-2","","","","90496646","7.89645","8.12541","3.5645","32","82040","thing","Arkham Horror: The Card Game","1","2","120","120","60","2016","1,2","2","14+","Extensive use of text - massive conversion needed to be playable","","","","","","standalone","","Fantasy Flight Games","English","2016","English edition"
"Armageddon","207208","0","0","0","1","0","0","0","0","0","0","0","3","","74-1","","","","54871471","5.7382","6.55374","2.963","5498","1811","thing","Armageddon","3","4","90","90","90","2016","3,4","4","12+","No necessary in-game text","","","","","","standalone","","Queen Games","Hungarian","2016","Hungarian edition"
"Armonia","341009","0","0","0","1","0","0","0","0","0","0","0","3","","17-2","","","","87473754","5.52631","5.78396","1.1818","17140","601","thing","Armonia","2","4","60","60","30","2021","2,3,4","2","8+","","","","","","","standalone","","Compaya.hu: Gamer Café Kft.","Hungarian","2021","Hungarian edition"
"Arnak elveszett romjai","312484","0","0","0","1","0","0","0","0","0","0","0","3","","76-3","","","","83375159","7.90635","8.07513","2.9333","30","81224","thing","Lost Ruins of Arnak","1","4","120","120","30","2021","1,2,3,4","3","10+","Moderate in-game text - needs crib sheet or paste ups","","","","","","standalone","","Gém Klub Kft.","Hungarian","2021","Hungarian edition"
"Arnak elveszett romjai: Expedícióvezetők","341254","0","0","0","1","0","0","0","0","0","0","0","3","","76-3","","","","93761083","7.99128","8.69964","3.1058","0","32959","thing","Lost Ruins of Arnak: Expedition Leaders","1","4","120","120","30","2022","1,2,3,4","3","12+","Moderate in-game text - needs crib sheet or paste ups","","","","","","expansion","","Czech Games Edition; Gém Klub Kft.","Hungarian","2022","Hungarian edition"
"Around the World in 80 Days","204599","0","0","0","1","0","0","0","0","0","0","0","3","","34-2","","","","53767409","5.68905","6.39528","1.625","6385","1325","thing","Around the World in 80 Days","2","6","60","60","45","2016","2,3,4,5,6","4","10+","Moderate in-game text - needs crib sheet or paste ups","","","","","","standalone","","IELLO; Purple Brain Creations","English","2016","English edition"
"Art Gallery","369395","0","0","0","1","0","0","0","0","0","0","0","3","","65-3","","","","107675006","5.61585","6.91767","2.0476","8450","522","thing","Art Gallery","2","6","75","75","45","2023","2,3,4,5,6","4","10+","No necessary in-game text","","","","","","standalone","","Piatnik","Czech; French; German; Hungarian; Polish; Slovak","2023","Multilingual edition"
"Artifact","144310","0","0","0","1","0","0","0","0","0","0","0","3","","75-4","","","","58419598","5.51045","5.67093","2.7273","21839","228","thing","Artifact","3","5","60","60","60","2013","2,4,5","5","10+","No necessary in-game text","","","","","","standalone","","White Goblin Games","Dutch; English; French; German","2013","Dutch/English/French/German edition"
"Artus","92643","0","0","0","1","0","0","0","0","0","0","0","3","","64-4","","","","53478342","5.77947","6.34168","2.2174","4944","1651","thing","Artus","2","4","60","60","60","2011","2,3","2","10+","Some necessary text - easily memorized or small crib sheet","","","","","","standalone","","alea","English; French; German","2011","Multilingual first edition"
"Astra","369270","0","0","0","1","0","0","0","0","0","0","0","3","","69-2","","","","99706271","5.91572","6.60691","2.1154","3667","2516","thing","Astra","2","5","90","90","40","2022","2,3,4","3","10+","Moderate in-game text - needs crib sheet or paste ups","","","","","","standalone","","Mindclash Games","English","2022","English edition"
"Atlantis","55253","0","0","0","1","0","0","0","0","0","0","0","3","","30-2","","","","53696899","5.97924","6.52349","1.8148","3240","2605","thing","Atlantis","2","4","45","45","45","2010","2,3,4","3","8+","No necessary in-game text","","","","","","standalone","","AMIGO; Piatnik","Czech; Hungarian; Slovak","2010","Piatnik East-European edition"
"Attila","827","0","0","0","1","0","0","0","0","0","0","0","3","","74-3","","","","53478360","5.89873","6.46057","2.5533","3799","2098","thing","Attila","2","5","45","45","45","2000","3,4,5","3,4","10+","No necessary in-game text","","","","","","standalone","","Rio Grande Games","English","2000","Rio Grande edition"
"Auch schon clever","354892","0","0","0","1","0","0","0","0","0","0","0","3","","24-3","","","","108176096","5.7444","6.89416","1.0833","5388","1338","thing","That's Pretty Clever! Kids","2","4","15","15","15","2022","2,3,4","2,3","5+","No necessary in-game text","","","","","","standalone","","Schmidt Spiele","German","2022","German edition"
"Auf Achse","110","0","0","0","1","0","0","0","0","0","0","0","3","","59-4","","","","100908002","5.83338","6.23944","1.949","4356","3564","thing","Auf Achse","2","6","60","60","60","1987","2,3,4,5","4","10+","Moderate in-game text - needs crib sheet or paste ups","","","","","","standalone","","F.X. Schmid","German","1987","F.X. Schmid German first edition 1987"
"Auf den Spuren von Marco Polo","171623","0","0","0","1","0","0","0","0","0","0","0","3","","77-3","","","","57763281","7.54998","7.7678","3.1784","113","27679","thing","The Voyages of Marco Polo","2","4","100","100","40","2015","2,3,4","4","12+","No necessary in-game text","","","","","","standalone","","Hans im Glück","German","2015","German first edition, first printing"
"Ausonia","302469","0","0","0","1","0","0","0","0","0","0","0","3","","04-3","","","","69211619","5.91085","7.64942","2.4167","3701","1102","thing","Ausonia","1","4","30","30","30","2021","1,2,3,4","2","10+","Moderate in-game text - needs crib sheet or paste ups","","","","","","standalone","","Lycan Studio","English","2021","English edition"
"Axio","219475","0","0","0","1","0","0","0","0","0","0","0","3","","18-2
*","","","","61215331","5.74242","6.75412","1.6111","5419","972","thing","Axio","1","4","45","45","30","2018","2,3,4","2","8+","No necessary in-game text","","","","","","standalone","","Piatnik","Hungarian","2018","Hungarian edition"
"Axio Rota","270637","0","0","0","1","0","0","0","0","0","0","0","3","","18-2","","","","68520151","5.6046","6.56969","1.6364","8954","525","thing","Axio Rota","1","4","30","30","20","2019","1,2,3,4","1,2","6+","No necessary in-game text","","","","","","standalone","","Pegasus Spiele","English; German","2019","English/German edition"
"AYA","182194","0","0","0","1","0","0","0","0","0","0","0","3","","29-2","","","","128493803","5.53062","5.77015","1.7143","16094","785","thing","AYA","2","5","30","30","30","2016","1,2,3,4","2,3","6+","","","","","","","standalone","","Act in games","English","2016","English-only edition"
"Aztlán","124490","0","0","0","1","0","0","0","0","0","0","0","3","","65-4","","","","53478419","5.62501","6.27712","2.3929","8084","1205","thing","Aztlán","2","4","60","60","60","2012","3,4","4","10+","Moderate in-game text - needs crib sheet or paste ups","","","","","","standalone","","Ares Games","English","2012","English edition"
"Azul","230802","0","0","0","1","0","0","0","0","0","0","0","3","","60-2","","","","55944779","7.61162","7.72138","1.7741","92","173438","thing","Azul","2","4","45","45","30","2018","2,3,4","2","8+","No necessary in-game text","","","","","","standalone","","Gém Klub Kft.","Hungarian","2018","Hungarian edition"
"Azul Mini","230802","0","0","0","1","0","0","0","0","0","0","0","3","","18-5","","","","119614089","7.61162","7.72138","1.7741","92","173438","thing","Azul","2","4","45","45","30","2023","2,3,4","2","8+","No necessary in-game text","","","","","","standalone","","Gém Klub Kft.","Hungarian","2023","Hungarian edition"
"Azul: A királyi pavilon","287954","0","0","0","1","0","0","0","0","0","0","0","3","","18-5","","","","72346679","7.3044","7.57591","2.0728","230","31633","thing","Azul: Summer Pavilion","2","4","45","45","30","2020","2,3,4","2,3","8+","No necessary in-game text","","","","","","standalone","","Gém Klub Kft.","Hungarian","2020","Hungarian edition"
"Azul: A királyné kertje","346965","0","0","0","1","0","0","0","0","0","0","0","3","","18-5","","","","94100489","6.85398","7.44229","2.9224","674","13086","thing","Azul: Queen's Garden","2","4","60","60","45","2022","2,3,4","2","12+","No necessary in-game text","","","","","","standalone","","Gém Klub Kft.; Next Move Games","Hungarian","2022","Hungarian edition"
"Azul: Csokoládéműhely","363247","0","0","0","1","0","0","0","0","0","0","0","3","","18-5","","","","100897558","6.79512","7.86975","1.7662","746","7563","thing","Azul: Master Chocolatier","2","4","45","45","30","2022","2,3,4","2,3","8+","No necessary in-game text","","","","","","standalone","","Gém Klub Kft.; Next Move Games","Hungarian","2022","Hungarian edition"
"Azul: Sintra üvegcsodái","256226","0","0","0","1","0","0","0","0","0","0","0","3","","18-5","","","","59929489","6.99767","7.28751","2.01","489","24482","thing","Azul: Stained Glass of Sintra","2","4","45","45","30","2019","2,3,4","3","8+","No necessary in-game text","","","","","","standalone","","Gém Klub Kft.","Hungarian","2019","Hungarian edition"
"Babilon tornyai","415910","0","0","0","1","0","0","0","0","0","0","0","3","","51-3","","","","131824087","5.83509","7.0494","2","4344","862","thing","The Architects of Amytis","2","2","30","30","30","2025","2","2","10+","No necessary in-game text","","","","","","standalone","","Reflexshop","Hungarian","2025","Hungarian edition"
"Babszüret","11","0","0","0","1","0","0","0","0","0","0","0","3","","06-3","","","","122130997","6.95904","7.07685","1.6681","541","80439","thing","Bohnanza","2","7","45","45","45","2000","3,4,5,6,7","4,5","8+","No necessary in-game text","","","","","","standalone","","Piatnik","Hungarian","2000","Hungarian first edition"
"Backgammon Set","2397","0","0","0","1","0","0","0","0","0","0","0","3","","52-1","","","","57761328","6.37261","6.57378","2.0068","1617","24771","thing","Backgammon","2","2","30","30","30","-3000","2","2","8+","No necessary in-game text","","","","","","standalone","","WHSmith","English","0","WHSmith English travel edition"
"Bag of Chips","344114","0","0","0","1","0","0","0","0","0","0","0","3","","14-5
*","","","","112529451","5.94653","6.42502","1.1159","3447","4039","thing","Bag of Chips","2","5","20","20","15","2022","2,3,4,5","4,5","8+","No necessary in-game text","","","","","","standalone","","Blue Orange Games; Mixlore","English","2022","English second edition"
"Bagolytanoda","290055","0","0","0","1","0","0","0","0","0","0","0","3","","24-3","","","","66156221","0","7.28571","1.3333","0","11","thing","Bagolytanoda","2","4","50","50","40","2019","","","","","","","","","","standalone","","Lenge Gerle","Hungarian","2019","Hungarian edition"
"Bájos Árnyak","359502","0","0","0","1","0","0","0","0","0","0","0","3","","06-5","","","","119463601","5.7206","6.3001","2.2593","5774","4407","thing","Casting Shadows","2","4","60","60","30","2024","3,4","4","8+","Some necessary text - easily memorized or small crib sheet","","","","","","standalone","","Reflexshop","Hungarian","2024","Hungarian edition"
"Bájos kis bestiák","299252","0","0","0","1","0","0","0","0","0","0","0","3","","06-5","","","","87042220","6.42096","6.88182","1.6809","1493","23478","thing","Here to Slay","2","6","60","60","30","2021","2,3,4,5","3,4","10+","Moderate in-game text - needs crib sheet or paste ups","","","","","","standalone","","Reflexshop","Hungarian","2021","Hungarian edition"
"Bakschisch","1504","0","0","0","1","0","0","0","0","0","0","0","3","","36-2","","","","53478441","5.51497","5.7705","1.7273","20411","265","thing","Bakschisch","2","4","60","60","60","1995","3,4","4","8+","No necessary in-game text","","","","","","standalone","","Goldsieber Spiele","German","1995","German edition"
"Bal jobb dilemma","370235","0","0","0","1","0","0","0","0","0","0","0","3","","08-5","","","","100108263","5.54685","5.95563","1","13372","649","thing","Left Right Dilemma","3","6","30","30","30","2022","3,4,5,6","4,5,6","18+","","","","","","","standalone","","Gém Klub Kft.","Hungarian","2022","Hungarian edition"
"Bálnalovasok","305761","0","0","0","1","0","0","0","0","0","0","0","3","","32-2","","","","84848298","6.07982","6.99193","1.85","2702","2405","thing","Whale Riders","2","6","45","45","45","2021","2,3,4,5","4","8+","No necessary in-game text","","","","","","standalone","","Gém Klub Kft.; Grail Games","Hungarian","2021","Hungarian edition"
"Bananagrams","27225","0","0","0","1","0","0","0","0","0","0","0","3","","16-3","","","","96607616","6.21765","6.41557","1.2887","2121","29083","thing","Bananagrams","1","8","15","15","15","2006","2,3,4,5,6","3,4,5","8+","No necessary in-game text","","","","","","standalone","","","","",""
"Bandida","299571","0","0","0","1","0","0","0","0","0","0","0","3","","07-2","","","","96770083","5.88184","6.47766","1.4737","3913","4872","thing","Bandida","1","4","15","15","15","2020","1,2,3,4","2,3","8+","No necessary in-game text","","","","","","standalone","","Reflexshop","Hungarian","2020","Hungarian edition"
"Bandido","191925","0","0","0","1","0","0","0","0","0","0","0","3","","07-2
*","","","","54454332","6.12364","6.40219","1.1217","2503","13349","thing","Bandido","1","4","15","15","10","2016","1,2,3,4","2","6+","No necessary in-game text","","","","","","standalone","","Helvetiq","Czech; English; Hungarian; Latvian; Lithuanian; Russian","0","ENG/HUN/LIT/RUS/LAT/CZE edition"
"BANG!","3955","0","0","0","1","0","0","0","0","0","0","0","3","","03-3
*","","","","53478454","6.32034","6.48688","1.6332","1770","45291","thing","BANG!","4","7","40","40","20","2008","5,6,7","7","10+","Some necessary text - easily memorized or small crib sheet","","","","","","standalone","","DV Games; Gém Klub Kft.","Hungarian","2008","Gém Klub Hungarian edition 2008"
"BANG! A párbaj","182094","0","0","0","1","0","0","0","0","0","0","0","3","","56-2","","","","58633510","5.78562","6.39553","1.913","4863","3861","thing","BANG! The Duel","2","2","30","30","30","2016","2","2","10+","Extensive use of text - massive conversion needed to be playable","","","","","","standalone","","DV Games; Gém Klub Kft.","Hungarian","2016","Hungarian edition"
"BANG! Aranyláz","107794","0","0","0","1","0","0","0","0","0","0","0","3","","03-3","","","","115551469","5.83293","6.74491","2.0357","0","3732","thing","BANG! Gold Rush","4","7","40","40","20","2015","5,6,7","5,6","8+","Some necessary text - easily memorized or small crib sheet","","","","","","expansion","","DV Games; Gém Klub Kft.","Hungarian","2015","Hungarian edition"
"Bang! Kiegészítő paklik","183275","0","0","0","1","0","0","0","0","0","0","0","3","","03-3","","","","86044519","5.55283","6.98232","1.6","0","516","thing","BANG! Expansion Pack","4","7","40","40","20","2020","5,6,7","7","8+","Extensive use of text - massive conversion needed to be playable","","","","","","expansion","","Gém Klub Kft.","Hungarian","2020","Hungarian edition"
"BANG! Kockajáték","143741","0","0","0","1","0","0","0","0","0","0","0","3","","16-2","","","","67616650","6.72515","6.88137","1.2799","851","42121","thing","BANG! The Dice Game","3","8","15","15","15","2014","5,6,7,8","6,7","8+","Some necessary text - easily memorized or small crib sheet","","","","","","standalone","","Gém Klub Kft.","Hungarian","2014","Hungarian edition"
"BANG! The Dice Game","143741","0","0","0","1","0","0","0","0","0","0","0","3","","01-4","","","","53783464","6.72515","6.88137","1.2799","851","42121","thing","BANG! The Dice Game","3","8","15","15","15","2013","5,6,7,8","6,7","8+","Some necessary text - easily memorized or small crib sheet","","","","","","standalone","","DV Games","English; Italian","2013","English/Italian first edition"
"Barakka","262291","0","0","0","1","0","0","0","0","0","0","0","3","","53-4
*","","","","84246026","5.52155","6.50308","1.3333","18439","138","thing","Barakka","1","2","20","20","15","2021","1,2","2","8+","No necessary in-game text","","","","","","standalone","","Vagabund","English; German; Hungarian","2021","English/German/Hungarian edition"
"Barbarossa und die Rätselmeister","550","0","0","0","1","0","0","0","0","0","0","0","3","","59-4","","","","100907389","5.80921","6.31943","1.5524","4571","2891","thing","Barbarossa","3","4","60","60","60","1988","3,4","4","8+","No necessary in-game text","","","","","","standalone","","ASS Altenburger Spielkarten","German","1988","ASS German first edition 1988"
"Barikarám","347348","0","0","0","1","0","0","0","0","0","0","0","3","","25-2","","","","95185950","0","7.57143","2","0","22","thing","Barikarám","2","4","30","30","20","2021","","","","","","","","","","standalone","","Keller & Mayer","Hungarian","2021","Hungarian edition"
"Bastille","259038","0","0","0","1","0","0","0","0","0","0","0","3","","74-1","","","","61215974","5.75593","7.0935","2.5","5236","900","thing","Bastille","3","4","60","60","60","2019","3,4","4","10+","No necessary in-game text","","","","","","standalone","","Piatnik; Queen Games","Hungarian","2019","Hungarian edition"
"Battle Sheep","54137","0","0","0","1","0","0","0","0","0","0","0","3","","19-4","","","","53478467","6.25371","6.60254","1.4603","1974","7048","thing","Battle Sheep","2","4","15","15","15","2013","2,3,4","4","6+","No necessary in-game text","","","","","","standalone","","Blue Orange (EU)","Dutch; English; French; German; Italian; Portuguese; Spanish","2013","Multilingual edition"
"Battleship","2425","0","0","0","1","0","0","0","0","0","0","0","3","","53-1","","","","53478480","4.79222","4.74497","1.2008","29603","20543","thing","Battleship","2","2","30","30","30","1931","2","2","6+","No necessary in-game text","","","","","","standalone","","Hasbro; Milton Bradley","English","0","Hasbro/Milton Bradley travel edition"
"Die Baumeister des Colosseum","206928","0","0","0","1","0","0","0","0","0","0","0","3","","66-4","","","","83377726","5.62572","6.36064","1.8462","8056","919","thing","The Architects of the Colosseum","2","4","30","30","30","2016","2,3,4","3","8+","No necessary in-game text","","","","","","standalone","","Schmidt Spiele","German","2016","German edition"
"Bears vs Babies","211534","0","0","0","1","0","0","0","0","0","0","0","3","","04-5","","","","73525513","5.32891","5.37907","1.2479","29501","15732","thing","Bears vs Babies","2","5","20","20","15","2020","3,4,5","4","8+","Some necessary text - easily memorized or small crib sheet","","","","","","standalone","","Gém Klub Kft.","Hungarian","2020","Hungarian edition"
"Betűtorony","1515","0","0","0","1","0","0","0","0","0","0","0","3","","16-4","","","","53478520","5.62685","5.75878","1.6709","8027","8616","thing","Upwords","2","4","90","90","90","2008","2,3,4","2","8+","Unplayable in another language","","","","","","standalone","","Parker Brothers","Hungarian","2008","Parker Hungarian edition 2008"
"Betyárvilág","433344","0","0","0","1","0","0","0","0","0","0","0","3","","03-3","","","","131606105","0","6.28421","2","0","41","thing","Betyárvilág","3","8","60","60","30","2024","3,4,5,6,7,8","4,5","10+","","","","","","","standalone","","Korona Games","Hungarian","2024","Hungarian edition"
"Beyond Baker Street: Sherlock Holmes árnyékában","168681","0","0","0","1","0","0","0","0","0","0","0","3","","66-2","","","","58633441","6.15161","6.80332","2.1667","2375","4154","thing","Beyond Baker Street","2","4","30","30","30","2018","2,3,4","2,4","10+","Some necessary text - easily memorized or small crib sheet","","","","","","standalone","","Gém Klub Kft.","Hungarian","2018","Hungarian edition"
"Biberbande Schnupperspiel","212663","0","0","0","1","0","0","0","0","0","0","0","3","","24-4","","","","115751110","5.56316","6.76357","1","11625","363","thing","Biberbande Schnupperspiel","2","4","0","0","0","2016","2,3,4","3","6+","No necessary in-game text","","","","","","standalone","","","","",""
"The Big Book of Madness","171233","0","0","0","1","0","0","0","0","0","0","0","3","","80-3
*","","","","53665656","6.50247","6.86871","2.6859","1286","12397","thing","The Big Book of Madness","2","5","90","90","60","2015","2,3,4","3","10+","Moderate in-game text - needs crib sheet or paste ups","","","","","","standalone","","IELLO","English","2015","English first edition"
"Birodalmi bányászok","378758","0","0","0","1","0","0","0","0","0","0","0","3","","29-4","","","","120969983","6.1477","7.10186","2.0175","2389","3360","thing","Imperial Miners","1","5","60","60","20","2024","1,2,3,4,5","1,2","10+","Moderate in-game text - needs crib sheet or paste ups","","","","","","standalone","","Portal Games; Reflexshop","Hungarian","2024","Hungarian edition"
"Birodalmi Telepesek","154203","0","0","0","1","0","0","0","0","0","0","0","3","","77-4","","","","53766235","7.10522","7.29548","2.7721","384","34076","thing","Imperial Settlers","1","4","90","90","45","2015","1,2,3,4","2","10+","Moderate in-game text - needs crib sheet or paste ups","","","","","","standalone","","Gém Klub Kft.","Hungarian","2015","Hungarian edition"
"A Birodalom Alkonya","356952","0","0","0","1","0","0","0","0","0","0","0","3","","64-4","","","","121593361","6.2008","6.95408","2.3973","2187","3979","thing","Empire's End","2","4","60","60","45","2023","2,3,4","3,4","12+","Some necessary text - easily memorized or small crib sheet","","","","","","standalone","","Gém Klub Kft.","Hungarian","2023","Hungarian edition"
"Bison","32","0","0","0","1","0","0","0","0","0","0","0","3","","21-5
*","","","","113314098","5.57952","6.07273","1.5517","10354","911","thing","Buffalo Chess","2","2","30","30","30","2016","2","2","6+","No necessary in-game text","","","","","","standalone","","Piatnik","Czech; English; French; German; Hungarian; Italian; Polish; Slovak","2016","Piatnik multilingual edition 2016"
"Bitoku","323612","0","0","0","1","0","0","0","0","0","0","0","3","","82-4","","","","99861387","7.19893","7.79308","3.7655","300","14625","thing","Bitoku","1","4","120","120","120","2022","1,2,3,4","3","12+","No necessary in-game text","","","","","","standalone","","Devir; Reflexshop","Hungarian","2022","Hungarian edition"
"Black Fleet","157403","0","0","0","1","0","0","0","0","0","0","0","3","","29-1","","","","53482491","6.54135","6.99171","1.9378","1194","8506","thing","Black Fleet","3","4","60","60","60","2014","3,4","4","8+","Moderate in-game text - needs crib sheet or paste ups","","","","","","standalone","","Space Cowboys","English","2014","English edition"
"Black Stories","18803","0","0","0","1","0","0","0","0","0","0","0","3","","14-5","","","","103637972","5.80687","5.98965","1.2569","4601","10384","thing","Black Stories","2","99","20","20","20","2005","3,4,5,6,7,8,9,10,11","4,5,6","12+","Extensive use of text - massive conversion needed to be playable","","","","","","standalone","","moses. Verlag GmbH","German","2005","German edition 2005"
"Black Stories: Real Crime Edition","57052","0","0","0","1","0","0","0","0","0","0","0","3","","14-5","","","","122484088","5.52033","5.66911","1.2667","18797","2043","thing","Black Stories: Real Crime Edition","2","99","20","20","20","2009","2,3,4,5,6,7,8,9","4,5,6","12+","Unplayable in another language","","","","","","standalone","","moses. Verlag GmbH","German","2009","German first edition"
"Blanko","26729","0","0","0","1","0","0","0","0","0","0","0","3","","16-4","","","","57222280","5.48733","5.035","1","27228","153","thing","Blanko","2","4","30","30","30","1995","","","","","","","","","","standalone","","Piatnik","Hungarian","0","Hungarian edition"
"Blockers!","29073","0","0","0","1","0","0","0","0","0","0","0","3","","18-4","","","","113283342","6.06192","6.62627","1.6919","2790","2586","thing","Blockers!","2","5","40","40","30","2013","2,3,4,5","4,5","8+","No necessary in-game text","","","","","","standalone","","Jumping Turtle Games","Dutch; French","2013","Jumping Turtle Belgian edition"
"The Blood of an Englishman","206504","0","0","0","1","0","0","0","0","0","0","0","3","","56-3","","","","53764834","5.90324","6.5282","1.8333","3763","3098","thing","The Blood of an Englishman","2","2","30","30","20","2016","2","2","8+","No necessary in-game text","","","","","","standalone","","Renegade Game Studios","English","2016","English edition"
"Blood Rage","170216","0","0","0","1","0","0","0","0","0","0","0","3","","79-3","","","","117296572","7.73103","7.90534","2.8822","60","60748","thing","Blood Rage","2","4","90","90","60","2020","3,4","4","12+","Moderate in-game text - needs crib sheet or paste ups","","","","","","standalone","","CMON Global Limited; Delta Vision Publishing; Guillotine Games","Hungarian","2020","Hungarian second edition"
"Blue Banana","288424","0","0","0","1","0","0","0","0","0","0","0","3","","15-5","","","","88178469","5.59805","6.69096","1.5","9275","475","thing","Blue Banana","2","5","20","0","20","2019","2,3,4,5","3,4","","No necessary in-game text","","","","","","standalone","","Piatnik","Czech; Dutch; French; German; Hungarian; Polish; Russian; Slovak","2019","Multilingual edition"
"Bluff","45","0","0","0","1","0","0","0","0","0","0","0","3","","58-4","","","","100906422","6.7238","6.92734","1.2505","853","23233","thing","Perudo","2","10","30","30","15","1998","3,4,5,6,7","5,6","8+","No necessary in-game text","","","","","","standalone","","F.X. Schmid","Dutch; English; French; German; Italian","1998","FX Schmid SdJ edition"
"Bogyó és Babóca Úton az oviba","363484","0","0","0","1","0","0","0","0","0","0","0","3","","20-4","","","","113313816","0","5.14286","1","0","35","thing","Bogyó és Babóca Úton az oviba","0","0","0","0","0","0","","","","","","","","","","standalone","","Keller & Mayer","Hungarian","0","Hungarian edition"
"Bohnanza","11","0","0","0","1","0","0","0","0","0","0","0","3","","06-3","","","","96454889","6.95904","7.07685","1.6681","541","80439","thing","Bohnanza","2","7","45","45","45","2021","3,4,5,6,7","4,5","8+","No necessary in-game text","","","","","","standalone","","Piatnik","Hungarian","2021","Hungarian second edition"
"Bohókák","65814","0","0","0","1","0","0","0","0","0","0","0","3","","07-3","","","","62942941","5.59314","5.90497","1.0682","9505","1672","thing","Dweebies","2","6","20","20","20","2019","2,3,4,5","2,3","5–14","No necessary in-game text","","","","","","standalone","","Reflexshop","Hungarian","2019","Hungarian edition"
"Boldog kicsi dinók","325414","0","0","0","1","0","0","0","0","0","0","0","3","","06-5
*","","","","88179123","5.80773","6.16207","1.3387","4594","13372","thing","Happy Little Dinosaurs","2","4","60","60","30","2021","3,4","4","8+","Extensive use of text - massive conversion needed to be playable","","","","","","standalone","","Gém Klub Kft.; Unstable Games","Hungarian","2021","Hungarian edition"
"Boldog lazac","194626","0","0","0","1","0","0","0","0","0","0","0","3","","07-2
*","","","","117293507","6.32822","6.65548","1.0625","1740","15983","thing","Happy Salmon","3","8","2","2","2","2018","4,5,6,7,8","5,6","5+","Some necessary text - easily memorized or small crib sheet","","","","","","standalone","","Reflexshop","Hungarian","2018","Hungarian edition 2018"
"Bolsevíta","40610","0","0","0","1","0","0","0","0","0","0","0","3","","36-2","","","","54399570","0","6.2","0","0","5","thing","Bolsevíta","2","4","0","0","0","1997","","","","","","","","","","standalone","","Oliver Games","Hungarian","1997","Hungarian edition"
"Bombairtók","413246","0","0","0","1","0","0","0","0","0","0","0","3","","58-2","","","","135654820","7.4421","8.04044","1.9391","152","16482","thing","Bomb Busters","2","5","30","30","30","2025","2,3,4,5","4","10+","Moderate in-game text - needs crib sheet or paste ups","","","","","","standalone","","Reflexshop","Hungarian","2025","Hungarian edition"
"Bonszai","366994","0","0","0","1","0","0","0","0","0","0","0","3","","31-4","","","","111807864","6.47611","7.17838","1.8022","1352","5973","thing","Bonsai","1","4","40","40","40","2023","1,2,3,4","3","8+","No necessary in-game text","","","","","","standalone","","Gém Klub Kft.","Hungarian","2023","Hungarian editon"
"Boomtown Bandits","170922","0","0","0","1","0","0","0","0","0","0","0","3","","27-3","","","","53665620","5.55792","6.43084","1.75","12091","414","thing","Boomtown Bandits","2","5","30","30","30","2015","3,4,5","4,5","5+","No necessary in-game text","","","","","","standalone","","Breaking Games; Squirmy Beast","English","2015","English edition"
"Boost!","172064","0","0","0","1","0","0","0","0","0","0","0","3","","07-3","","","","53665809","5.50307","5.58929","1.1","24079","261","thing","Rally Up!","2","8","10","10","10","2015","2,3,4,5,6","4,5","3–6","No necessary in-game text","","","","","","standalone","","Ferti; Heidelberger Spieleverlag","German","2015","German edition"
"Bora Bora","127060","0","0","0","1","0","0","0","0","0","0","0","3","","84-4","","","","53482526","7.17706","7.55881","3.7238","319","13024","thing","Bora Bora","2","4","120","120","60","2013","2,3,4","4","14+","No necessary in-game text","","","","","","standalone","","alea; Ravensburger","English; French; German","2013","English/French/German edition"
"Boreal","400266","0","0","0","1","0","0","0","0","0","0","0","3","","54-3","","","","135658745","5.68373","6.53735","1.381","6507","820","thing","Boreal","2","2","20","20","15","2025","2","2","10+","No necessary in-game text","","","","","","standalone","","Gém Klub Kft.","Hungarian","2025","Hungarian edition"
"Das Börsenspiel","2947","0","0","0","1","0","0","0","0","0","0","0","3","","II. ","","","","58515494","5.54782","5.8181","2.0435","13233","1197","thing","Broker","2","6","75","75","75","1977","2,3,4,5,6","4","8+","No necessary in-game text","","","","","","standalone","","Otto Maier Verlag","English; German; Italian","1977","Ravensburger German/English/Italian edition 1977"
"Brainstorm","206082","0","0","0","1","0","0","0","0","0","0","0","3","","04-2","","","","56439473","5.49481","5.41913","1","26068","456","thing","Eye Sea","2","10","15","15","15","2018","2,3,4,5","4","6–10","No necessary in-game text","","","","","","standalone","","Piatnik","Hungarian","2018","Hungarian edition"
"Brass: Birmingham","224517","0","0","0","1","0","0","0","0","0","0","0","3","","83-1","","","","75720010","8.39917","8.57155","3.8665","1","78757","thing","Brass: Birmingham","2","4","120","120","60","2020","2,3,4","3,4","14+","No necessary in-game text","","","","","","standalone","","Gém Klub Kft.","Hungarian","2020","Hungarian edition"
"Brazil: Birodalom","249277","0","0","0","1","0","0","0","0","0","0","0","3","","77-3","","","","104795895","6.67556","7.52707","2.9948","934","7065","thing","Brazil: Imperial","1","4","100","100","100","2022","2,3,4","4","12+","Moderate in-game text - needs crib sheet or paste ups","","","","","","standalone","","Gém Klub Kft.; MeepleBR","Hungarian","2022","Hungarian edition"
"The Breyer Game of Horse Sense","8213","0","0","0","1","0","0","0","0","0","0","0","3","","21-1","","","","60750324","0","4.95833","3","0","53","thing","The Breyer Game of Horse Sense","2","4","30","30","30","2008","","","","Unplayable in another language","","","","","","standalone","","International Playthings, Inc.","English","2008","Second edition"
"Broom Service","172308","0","0","0","1","0","0","0","0","0","0","0","3","","61-5","","","","53665681","6.86338","7.17022","2.3936","657","17631","thing","Broom Service","2","5","75","75","30","2015","2,3,4,5","4","10+","Some necessary text - easily memorized or small crib sheet","","","","","","standalone","","alea; Ravensburger","English; French","2015","English/French first edition"
"Brüsszel 1893: Belle Époque","345155","0","0","0","1","0","0","0","0","0","0","0","3","","74-4","","","","115747034","6.20761","7.95281","3.3611","2158","2541","thing","Bruxelles 1893: Belle Époque","2","5","120","120","45","2023","2,3,4,5","4","12+","No necessary in-game text","","","","","","standalone","","Reflexshop","Hungarian","2023","Hungarian edition"
"Buffet Boss","371055","0","0","0","1","0","0","0","0","0","0","0","3","","19-2","","","","130735516","5.61878","6.48487","1","8332","766","thing","Buffet Boss","1","5","25","25","15","2023","2,3,4,5","3,4","","","","","","","","standalone","","","","",""
"Buliszerviz: A partibeindító","294603","0","0","0","1","0","0","0","0","0","0","0","3","","08-4","","","","67649449","0","5","0","0","17","thing","Buliszerviz: A partibeindító","4","8","90","90","60","0","","","","","","","","","","standalone","","Bohéma-Games Kft.","Hungarian","0","Hungarian edition"
"Bullshit","376861","0","0","0","1","0","0","0","0","0","0","0","3","","08-4
*","","","","109901464","0","5","0","0","27","thing","Bullshit","3","99","30","30","30","2022","","","","","","","","","","standalone","","Reflexshop","Hungarian","2022","Hungarian edition"
"Bűnjelek: Gyilkosság Hongkongban","156129","0","0","0","1","0","0","0","0","0","0","0","3","","13-3","","","","58633425","7.22237","7.42621","1.5861","278","36992","thing","Deception: Murder in Hong Kong","4","12","20","20","20","2018","5,6,7,8,9,10,11,12","6,7,8","12+","Moderate in-game text - needs crib sheet or paste ups","","","","","","standalone","","Gém Klub Kft.","Hungarian","2018","Hungarian edition"
"Bűnügyi Krónikák","239188","0","0","0","1","0","0","0","0","0","0","0","3","","66-2
*III","","","","67616572","7.16562","7.54529","2.06","332","40737","thing","Chronicles of Crime","1","4","90","90","60","2019","1,2,3","2","12+","Extensive use of text - massive conversion needed to be playable","","","","","","standalone","","Gém Klub Kft.","Hungarian","2019","Hungarian edition"
"Bűnügyi krónikák: Noir","249811","0","0","0","1","0","0","0","0","0","0","0","3","","66-2","","","","136787216","6.54705","7.96901","2.0345","0","10171","thing","Chronicles of Crime: Noir","1","4","90","90","60","2022","1,2,3,4","2","14+","Extensive use of text - massive conversion needed to be playable","","","","","","expansion","","Gém Klub Kft.; Lucky Duck Games","Hungarian","2022","Hungarian edition"
"Die Burgen von Burgund: Das Kartenspiel","191977","0","0","0","1","0","0","0","0","0","0","0","3","","06-2","","","","83375920","6.57934","6.94418","2.5663","1125","13735","thing","The Castles of Burgundy: The Card Game","1","4","60","60","30","2016","1,2,3,4","2","10+","No necessary in-game text","","","","","","standalone","","alea; Ravensburger","German","2016","German edition"
"Bűvös kulcsok","368899","0","0","0","1","0","0","0","0","0","0","0","3","","57-1","","","","115171526","5.70845","7.25724","1.0833","5980","694","thing","Magic Keys","2","4","30","30","20","2023","2,3,4","3,4","4+","No necessary in-game text","","","","","","standalone","","Gém Klub Kft.","Hungarian","2023","Hungarian edition"
"Ca$h 'n Guns (Second Edition): Team Spirit","199240","0","0","0","1","0","0","0","0","0","0","0","3","","09-1","","","","53756519","5.75054","7.22803","1.6667","0","2791","thing","Ca$h 'n Guns (Second Edition): Team Spirit","4","9","30","30","30","2016","5,6,7,8,9","8,9","10+","Some necessary text - easily memorized or small crib sheet","","","","","","expansion","","Repos Production","English","2016","English first edition"
"Ca$h 'n Guns: Second Edition","155362","0","0","0","1","0","0","0","0","0","0","0","3","","09-1","","","","53756499","6.61962","6.81067","1.2487","1040","23451","thing","Ca$h 'n Guns: Second Edition","4","8","30","30","30","2014","4,5,6,7,8","6,7,8","8+","Some necessary text - easily memorized or small crib sheet","","","","","","standalone","","Repos Production","French; Hungarian","2014","French/Hungarian edition"
"Ca$h 'n Guns: Second Edition – More Ca$h 'n More Guns","181228","0","0","0","1","0","0","0","0","0","0","0","3","","09-1","","","","53756510","5.97295","7.24522","1.4667","0","3887","thing","Ca$h 'n Guns: Second Edition – More Ca$h 'n More Guns","4","8","30","0","30","2015","4,5,6,7,8","6,7,8","10+","No necessary in-game text","","","","","","expansion","","Repos Production","English","2015","English edition"
"Cacao","171499","0","0","0","1","0","0","0","0","0","0","0","3","","30-4","","","","53482558","6.78397","7.07162","1.8225","764","14651","thing","Cacao","2","4","45","45","45","2015","2,3,4","3","8+","No necessary in-game text","","","","","","standalone","","ABACUSSPIELE","English; German","2015","English/German first edition"
"Café","284936","0","0","0","1","0","0","0","0","0","0","0","3","","70-4","","","","98114205","6.53093","7.17162","2.0661","1219","7782","thing","Café","1","4","45","45","20","2022","1,2,3,4","2","10+","No necessary in-game text","","","","","","standalone","","Reflexshop","Hungarian","2022","Hungarian edition"
"Café del Gatto","377738","0","0","0","1","0","0","0","0","0","0","0","3","","28-5","","","","110373087","5.58306","6.3572","1.6154","10151","480","thing","Café del Gatto","2","5","30","30","30","2023","3,4","3","8+","No necessary in-game text","","","","","","standalone","","Schmidt Spiele","German","2023","German edition"
"Café International","214","0","0","0","1","0","0","0","0","0","0","0","3","","58-4","","","","53482568","5.89178","6.21803","1.6422","3850","4634","thing","Café International","2","4","60","60","45","1989","2,3,4","4","8+","No necessary in-game text","","","","","","standalone","","Mattel, Inc.","German","1989","Mattel German second edition with Spiel des Jahres"
"Calavera: Vár a karnevál","269041","0","0","0","1","0","0","0","0","0","0","0","3","","16-2","","","","84246594","5.87662","6.78068","1.0769","3952","2191","thing","Calavera","2","4","20","20","20","2020","2,3,4","3","8+","No necessary in-game text","","","","","","standalone","","moses. Verlag GmbH; Reflexshop","Hungarian","2020","Hungarian edition"
"Calçada","385543","0","0","0","1","0","0","0","0","0","0","0","3","","19-5","","","","124591811","5.54164","7.04779","2","14092","128","thing","Calçada","2","4","50","50","50","2024","2,3,4","2","","","","","","","","standalone","","Piatnik","English; French; German; Hungarian","2024","Multilingual edition"
"Calico: Foltok, cicák, takarók","283155","0","0","0","1","0","0","0","0","0","0","0","3","","71-3","","","","82667633","7.25344","7.49382","2.1967","261","39612","thing","Calico","1","4","45","45","30","2021","1,2,3,4","2","10+","No necessary in-game text","","","","","","standalone","","Alderac Entertainment Group; Flatout Games; Gém Klub Kft.","Hungarian","2021","Hungarian edition"
"Camel Up (Second Edition)","260605","0","0","0","1","0","0","0","0","0","0","0","3","","12-2","","","","56439159","7.25041","7.55076","1.5069","263","28635","thing","Camel Up (Second Edition)","3","8","45","45","30","2018","3,4,5,6,7,8","5,6","8+","No necessary in-game text","","","","","","standalone","","Piatnik","Hungarian","2018","Hungarian edition"
"Camel Up Kártyajáték","192947","0","0","0","1","0","0","0","0","0","0","0","3","","04-4
*","","","","88474807","5.91816","6.65978","1.7273","3647","2977","thing","Camel Up Cards","2","6","60","60","30","2016","2,3,4,5,6","4","6+","No necessary in-game text","","","","","","standalone","","Piatnik","Hungarian","2016","Hungarian edition"
"Camel Up!","153938","0","0","0","1","0","0","0","0","0","0","0","3","","60-2","","","","58988103","6.87945","7.03163","1.5036","636","37026","thing","Camel Up","2","8","30","30","20","2014","3,4,5,6,7","4,5","8+","No necessary in-game text","","","","","","standalone","","Piatnik","Hungarian","2014","Hungarian edition"
"Can't Stop!","41","0","0","0","1","0","0","0","0","0","0","0","3","","18-4","","","","53482613","6.78119","6.93876","1.1425","768","21489","thing","Can't Stop","2","4","30","30","30","2007","2,3,4","3","8+","No necessary in-game text","","","","","","standalone","","Ravensburger","Dutch; English; French; German; Italian; Spanish","2007","Ravensburger multilingual edition"
"Candamir: Az első telepesek","12004","0","0","0","1","0","0","0","0","0","0","0","3","","72-2","","","","53768055","5.78757","6.18013","2.2333","4840","3358","thing","Candamir: The First Settlers","2","4","120","120","60","2004","2,3,4","3","10+","No necessary in-game text","","","","","","standalone","","Piatnik","Hungarian","2004","Hungarian edition"
"Canvas: Festői vásznak","290236","0","0","0","1","0","0","0","0","0","0","0","3","","28-4","","","","87040870","6.92823","7.20638","1.7249","576","30358","thing","Canvas","1","5","30","30","30","2021","1,2,3,4,5","3,4","8+","Some necessary text - easily memorized or small crib sheet","","","","","","standalone","","Gém Klub Kft.; Road To Infamy Games (R2i Games)","Hungarian","2021","Hungarian edition"
"Cápaleső matrózeső!","26106","0","0","0","1","0","0","0","0","0","0","0","3","","21-5","","","","53482629","5.47544","4.71667","1.0909","28251","124","thing","Gezanke auf der Planke!","2","4","20","20","20","2006","2,3,4","3,4","6–12","No necessary in-game text","","","","","","standalone","","Piatnik","Hungarian","0","Hungarian edition"
"Capio","238932","0","0","0","1","0","0","0","0","0","0","0","3","","16-1","","","","98403020","5.51393","6.46071","1.6667","20740","79","thing","Capio","2","4","40","40","15","2017","2,3,4","3","","","","","","","","standalone","","","","",""
"Capitaly: Az üzleti élet játéka","18618","0","0","0","1","0","0","0","0","0","0","0","3","","I. ","","","","53482655","5.46754","4.53205","1.4444","28604","144","thing","Capitaly","2","8","60","60","60","2011","3,4,5,6,7","4","10+","Extensive use of text - massive conversion needed to be playable","","","","","","standalone","","Oliver Games","Hungarian","2011","Hungarian Euro edition"
"Capitaly: Régi idők játékai","18618","0","0","0","1","0","0","0","0","0","0","0","3","","36-1","","","","59817342","5.46754","4.53205","1.4444","28604","144","thing","Capitaly","2","8","60","60","60","1986","3,4,5,6,7","4","10+","Extensive use of text - massive conversion needed to be playable","","","","","","standalone","","Tücsök","Hungarian","1986","Tücsök edition"
"El Capitan","178937","0","0","0","1","0","0","0","0","0","0","0","3","","21-2","","","","53483594","5.50407","5.70338","1","23805","224","thing","El Capitan","2","6","20","20","20","2015","2,3,4,5","4","5+","No necessary in-game text","","","","","","standalone","","Gigamic","French; Hungarian","2015","French/Hungarian edition"
"Cappuccino","146818","0","0","0","1","0","0","0","0","0","0","0","3","","18-3","","","","53765372","5.63087","6.17732","1.2353","7888","773","thing","Cappuccino","2","4","20","20","10","2013","2,3,4","3","6+","No necessary in-game text","","","","","","standalone","","Matagot","Dutch; English; French; Italian","2013","Multilingual first edition"
"Capt'n Sharky: Messer werfen","101874","0","0","0","1","0","0","0","0","0","0","0","3","","22-3","","","","53762115","0","4.75","0","0","14","thing","Capt'n Sharky: Messer werfen","2","4","10","10","10","2008","","","","","","","","","","standalone","","Die Spiegelburg","English; French; German","2008","English/French/German edition"
"Captain Sonar","171131","0","0","0","1","0","0","0","0","0","0","0","3","","66-3
*","","","","62205130","7.29092","7.50388","2.1952","238","33024","thing","Captain Sonar","2","8","60","60","45","2017","6,7,8","8","12+","No necessary in-game text","","","","","","standalone","","Gém Klub Kft.; Lex Games; Matagot","Hungarian; Romanian","2017","Hungarian/Romanian edition"
"Captain Sonar","171131","0","0","0","1","0","0","0","0","0","0","0","3","","02-1","","","","122468902","7.29092","7.50388","2.1952","238","33024","thing","Captain Sonar","2","8","60","60","45","2016","6,7,8","8","12+","No necessary in-game text","","","","","","standalone","","Matagot","Dutch; English; French; Spanish","2016","Multilingual edition"
"Caravanserai","405542","0","0","0","1","0","0","0","0","0","0","0","3","","77-5","","","","118645414","5.53673","7.47636","3","14886","67","thing","Caravanserai","2","4","75","75","75","2024","3,4","3","","No necessary in-game text","","","","","","standalone","","Private Moon Studios","English; Hungarian","2024","English/Hungarian edition"
"Carcassonne","822","0","0","0","1","0","0","0","0","0","0","0","3","","60-3","","","","53929909","7.29578","7.4134","1.8863","236","215913","thing","Carcassonne","2","5","45","45","30","2000","2,3,4,5","2","8+","No necessary in-game text","","","","","","standalone","","Hans im Glück; Piatnik","Hungarian","2000","Hungarian first edition 2000"
"Carcassonne","822","0","0","0","1","0","0","0","0","0","0","0","3","","31-5
*IV","","","","66760777","7.29578","7.4134","1.8863","236","215913","thing","Carcassonne","2","5","45","45","30","2017","2,3,4,5","2","8+","No necessary in-game text","","","","","","standalone","","Hans im Glück; Piatnik","Hungarian","2017","Hungarian third edition 2017"
"Carcassonne Big Box","164127","0","0","0","1","0","0","0","0","0","0","0","3","","30-5","","","","97544217","6.57744","7.86812","2.2237","0","5312","thing","Carcassonne Big Box 5","2","8","40","40","40","2014","2,3,4,5,6","2,3","6+","No necessary in-game text","","","","","","standalone","","Schmidt Spiele","German","2014","German edition"
"Carcassonne Big Box","364405","0","0","0","1","0","0","0","0","0","0","0","3","","30-5","","","","114766603","6.25998","8.25564","2","0","3855","thing","Carcassonne Big Box 7","2","6","35","35","35","2021","2,3,4,5,6","2,3,4","8+","","","","","","","standalone","","Hans im Glück; Piatnik","Hungarian","0","Hungarian edition"
"Carcassonne: A ködbe zárt Carcassonne","358124","0","0","0","1","0","0","0","0","0","0","0","3","","31-5","","","","102719470","6.42397","7.29314","2.1455","1486","7333","thing","Mists over Carcassonne","1","5","35","35","35","2022","1,2,3,4","2","8+","No necessary in-game text","","","","","","standalone","","Hans im Glück; Piatnik","Hungarian","2022","Hungarian edition"
"Carcassonne: Amazonas","206940","0","0","0","1","0","0","0","0","0","0","0","3","","30-5","","","","53767724","6.24901","7.02448","1.8868","1993","5040","thing","Carcassonne: Amazonas","2","5","35","35","35","2016","2,3,4,5","4","6+","No necessary in-game text","","","","","","standalone","","Hans im Glück","German","2016","German edition"
"Carcassonne: Az 1. kiegészítés – Fogadók és katedrálisok","2993","0","0","0","1","0","0","0","0","0","0","0","3","","60-3","","","","67616828","7.39472","7.64103","1.926","0","52705","thing","Carcassonne: Expansion 1 – Inns & Cathedrals","2","6","60","60","60","2015","2,3,4,5,6","2,3","8+","No necessary in-game text","","","","","","expansion","","Hans im Glück; Piatnik","Hungarian","2015","Hungarian second edition 2015"
"Carcassonne: Jubileumi kiadás","329954","0","0","0","1","0","0","0","0","0","0","0","3","","31-5","","","","83377213","6.85344","8.02112","1.869","0","9035","thing","Carcassonne: 20th Anniversary Edition","2","5","35","35","35","2021","2,3,4","2,3","8+","No necessary in-game text","","","","","","standalone","","Piatnik","Hungarian","2021","Hungarian edition"
"Carcassonne: Star Wars","180564","0","0","0","1","0","0","0","0","0","0","0","3","","30-5","","","","53482729","6.12998","6.70092","1.6721","2478","5588","thing","Carcassonne: Star Wars","2","5","35","35","35","2015","2,3,4,5","3","6+","No necessary in-game text","","","","","","standalone","","Hans im Glück","English; French; German; Italian","2015","Multilingual edition"
"Carcassonne: Südsee","147303","0","0","0","1","0","0","0","0","0","0","0","3","","31-5","","","","90310136","6.41784","7.05151","1.8816","1499","5739","thing","Carcassonne: South Seas","2","5","35","35","35","2013","2,3,4","2,3","8+","No necessary in-game text","","","","","","standalone","","Hans im Glück","German","2013","German edition"
"Carcassonne: Vadászok és gyűjtögetők","4390","0","0","0","1","0","0","0","0","0","0","0","3","","30-5","","","","75719796","6.85569","7.13344","1.9216","671","19091","thing","Carcassonne: Hunters and Gatherers","2","5","40","40","35","2020","2,3,4,5","2,3","8+","No necessary in-game text","","","","","","standalone","","Hans im Glück","Hungarian","2020","Hungarian edition"
"Cardcassonne","58798","0","0","0","1","0","0","0","0","0","0","0","3","","06-2","","","","53482744","5.78095","6.30132","1.7368","4917","2740","thing","Cardcassonne","2","5","45","45","30","2009","3,4,5","4","8+","No necessary in-game text","","","","","","standalone","","Piatnik","Hungarian","2009","Hungarian edition"
"CardLine: Állatok","130882","0","0","0","1","0","0","0","0","0","0","0","3","","07-1","","","","64656091","6.00719","6.54592","1.1235","3064","4150","thing","Cardline: Animals","2","8","15","15","15","2015","2,3,4,5,6,7","4","6+","No necessary in-game text","","","","","","standalone","","Gém Klub Kft.","Hungarian","2015","Hungarian edition"
"Cardline: Dinosaurs","163277","0","0","0","1","0","0","0","0","0","0","0","3","","07-1","","","","131418241","5.5947","5.97075","1.1","9439","1343","thing","Cardline: Dinosaurs","2","8","15","15","15","2014","2,3,4,5,6","2","6+","No necessary in-game text","","","","","","standalone","","","","",""
"Cards Against Humanity","50381","0","0","0","1","0","0","0","0","0","0","0","3","","08-4","","","","134793977","5.5487","5.71987","1.1728","13108","55084","thing","Cards Against Humanity","4","30","30","30","30","2017","4,5,6,7,8,9,10","6,7,8","16+","Extensive use of text - massive conversion needed to be playable","","","","","","standalone","","(Self-Published)","English","2017","English INTL 2.0 edition"
"Cards Against Humanity: Design Pack","181423","0","0","0","1","0","0","0","0","0","0","0","3","","08:4","","","","134794030","5.49688","5.73493","1","0","1133","thing","Cards Against Humanity: Design Pack","4","30","30","0","30","2015","","","","No necessary in-game text","","","","","","expansion","","Cards Against Humanity  LLC","English","2015","English edition"
"Cards Against Humanity: Green Box","214020","0","0","0","1","0","0","0","0","0","0","0","3","","08-4","","","","130127137","5.64571","6.51612","1.6667","0","3027","thing","Cards Against Humanity: Green Box","4","30","30","30","30","2016","3,4,5,6,7,8,9,10","5,6,7,8","18+","Unplayable in another language","","","","","","expansion","","(Self-Published)","English","2016","English edition"
"Cartagena","826","0","0","0","1","0","0","0","0","0","0","0","3","","33-1","","","","53482761","6.40438","6.68331","1.5992","1540","9393","thing","Cartagena","2","5","45","45","45","2008","2,3,4,5","3","8+","No necessary in-game text","","","","","","standalone","","Nordic Games ehf","Danish; Icelandic; Norwegian; Swedish","2008","Nordic Games Nordic edition"
"Cascadia vadvilága","295947","0","0","0","1","0","0","0","0","0","0","0","3","","59-2","","","","88479021","7.74356","7.90258","1.8477","56","85486","thing","Cascadia","1","4","45","45","30","2021","1,2,3,4","2,3","8+","Some necessary text - easily memorized or small crib sheet","","","","","","standalone","","Gém Klub Kft.","Hungarian","2021","Hungarian edition"
"Cascadia: Gördülő dombok","407317","0","0","0","1","0","0","0","0","0","0","0","3","","29-2","","","","123576585","5.99217","7.13248","2","3157","4861","thing","Cascadia: Rolling Hills","1","4","30","30","15","2024","1,2,3,4","1","10+","Some necessary text - easily memorized or small crib sheet","","","","","","standalone","","Gém Klub Kft.","Hungarian","2024","Hungarian edition"
"Cascadia: Gördülő folyók","407318","0","0","0","1","0","0","0","0","0","0","0","3","","29-2","","","","123576581","6.07912","7.17753","2","2710","5338","thing","Cascadia: Rolling Rivers","1","4","30","30","15","2024","1,2,3,4","1","10+","Some necessary text - easily memorized or small crib sheet","","","","","","standalone","","Gém Klub Kft.","Hungarian","2024","Hungarian edition"
"A Castle for All Seasons","38386","0","0","0","1","0","0","0","0","0","0","0","3","","78-2","","","","53767673","6.1957","6.72415","2.7877","2213","3614","thing","A Castle for All Seasons","2","4","60","60","60","2008","2,3,4","4","10+","Some necessary text - easily memorized or small crib sheet","","","","","","standalone","","eggertspiele; Rio Grande Games","English","2008","English edition"
"Castle of Mind","276629","0","0","0","1","0","0","0","0","0","0","0","3","","56-1
*","","","","61215288","5.51366","7.85484","3","20812","65","thing","Castle of Mind","2","2","80","80","15","2019","2","2","","No necessary in-game text","","","","","","standalone","","Fontanus Center","English; German; Hungarian; Spanish","2019","English/German/Hungarian/Spanish edition"
"Cat Lady","228504","0","0","0","1","0","0","0","0","0","0","0","3","","04-4","","","","88479365","6.56412","6.98615","1.3728","1149","12213","thing","Cat Lady","2","4","30","30","15","2019","2,3,4","2","8+","Some necessary text - easily memorized or small crib sheet","","","","","","standalone","","Reflexshop","Hungarian","2019","Hungarian edition"
"Cat-a-comb","380975","0","0","0","1","0","0","0","0","0","0","0","3","","50-1","","","","125866215","5.5839","7.00853","1.2857","10098","572","thing","Cat-a-comb","2","2","15","15","15","2024","2","2","10","","","","","","","standalone","","ThunderGryph Games","English","2024","English edition"
"Catan telepesei","13","0","0","0","1","0","0","0","0","0","0","0","3","","57-4
72-2","","","","100905589","6.90587","7.09083","2.2856","604","230804","thing","CATAN","3","4","120","120","60","2015","3,4","4","8+","Some necessary text - easily memorized or small crib sheet","","","","","","standalone","","Piatnik","Hungarian","2015","Hungarian third edition"
"Catan Telepesei Junior","184842","0","0","0","1","0","0","0","0","0","0","0","3","","24-2","","","","58515719","5.83174","6.51134","1.3333","4370","3598","thing","Catan Junior","2","4","30","30","30","2014","2,3,4","4","5–12","No necessary in-game text","","","","","","standalone","","KOSMOS; Piatnik","Hungarian","2014","Hungarian edition"
"Catan: Az emberiség hajnala","358858","0","0","0","1","0","0","0","0","0","0","0","3","","73-2","","","","100903040","5.70098","7.25586","2.5833","6141","1508","thing","CATAN: Dawn of Humankind","3","4","120","120","90","2022","3,4","4","10+","","","","","","","standalone","","Piatnik","Hungarian","2022","Hungarian edition"
"Catan: Az Inka birodalom felemelkedése","244144","0","0","0","1","0","0","0","0","0","0","0","3","","73-2","","","","55851683","5.78959","7.15696","2.6667","4821","2073","thing","Catan Histories: Rise of the Inkas","3","4","90","90","90","2018","3,4","4","8+","Moderate in-game text - needs crib sheet or paste ups","","","","","","standalone","","Piatnik","Hungarian","2018","Hungarian edition"
"Catan: Csillaghajósok","282853","0","0","0","1","0","0","0","0","0","0","0","3","","72-2","","","","73332621","6.32494","7.51591","2.6042","1749","5091","thing","CATAN: Starfarers","3","4","120","120","120","2020","3,4","4","10+","Moderate in-game text - needs crib sheet or paste ups","","","","","","standalone","","Piatnik","Hungarian","2020","Hungarian edition"
"Catan: Das Würfelspiel","27710","0","0","0","1","0","0","0","0","0","0","0","3","","17-5","","","","133399532","5.63408","5.72467","1.2282","7776","18730","thing","Catan Dice Game","1","4","30","30","15","2015","1,2,3","2","8+","No necessary in-game text","","","","","","standalone","","KOSMOS","German","2015","German edition 2015"
"Catan: Entdecker & Piraten","135378","0","0","0","1","0","0","0","0","0","0","0","3","","57-4","","","","100905576","6.26793","7.15001","2.8298","0","10155","thing","CATAN: Explorers & Pirates","2","4","120","120","90","2015","2,3,4","4","12+","Some necessary text - easily memorized or small crib sheet","","","","","","expansion","","KOSMOS","German","2015","German edition 2015"
"CATAN: New Energies","408727","0","0","0","1","0","0","0","0","0","0","0","3","","71-2
*IV","","","","123795007","5.6401","6.95","2.3636","7594","979","thing","CATAN: New Energies","3","4","90","90","90","2024","3,4","3,4","10+","Moderate in-game text - needs crib sheet or paste ups","","","","","","standalone","","","","",""
"Catowl","239629","0","0","0","1","0","0","0","0","0","0","0","3","","07-5","","","","55678153","0","6.1303","1","0","47","thing","Catowl","2","5","10","10","10","2017","","","","","","","","","","standalone","","The Brainy Band","English","2017","English edition"
"The Cave: Aufbruch ins Dunkel","129351","0","0","0","1","0","0","0","0","0","0","0","3","","64-1","","","","53697651","5.92438","6.4661","2.5196","3607","2492","thing","The Cave","2","5","60","60","60","2013","2,3,4,5","4","8+","No necessary in-game text","","","","","","standalone","","Pegasus Spiele","German","2013","German edition"
"Caverna: The Cave Farmers","102794","0","0","0","1","0","0","0","0","0","0","0","3","","84-3","","","","56532766","7.73997","7.92808","3.7755","58","47632","thing","Caverna: The Cave Farmers","1","7","210","210","30","2014","1,2,3,4,5","4","12+","Moderate in-game text - needs crib sheet or paste ups","","","","","","standalone","","Lookout Games; Mayfair Games","English","2014","English second edition, first printing"
"Cégépítők","406522","0","0","0","1","0","0","0","0","0","0","0","3","","28-5","","","","122166523","0","5.36","1.5","0","51","thing","Cégépítők","2","4","60","60","30","2023","","2,3","","","","","","","","standalone","","Keller & Mayer","Hungarian","2023","Hungarian edition"
"Cellris","254658","0","0","0","1","0","0","0","0","0","0","0","3","","28-4","","","","68144704","0","6.66667","0","0","6","thing","Cellris","2","5","80","80","60","2018","","","","","","","","","","standalone","","(Self-Published)","Hungarian","2018","Hungarian edition"
"Celtica","21293","0","0","0","1","0","0","0","0","0","0","0","3","","II. ","","","","53482931","5.52794","5.62437","1.4257","16736","1118","thing","Celtica","2","5","45","45","30","2007","2,3,4","2","8–14","No necessary in-game text","34","","","2191","","standalone","","Ravensburger","Czech; Hungarian; Polish; Russian; Slovak","2007","Ravensburger Eastern Europe edition"
"Century: A Kelet Csodái","242574","0","0","0","1","0","0","0","0","0","0","0","3","","70-5","","","","62942462","6.7133","7.10396","2.1027","867","15548","thing","Century: Eastern Wonders","2","4","45","45","30","2018","2,3,4","4","8+","No necessary in-game text","","","","","","standalone","","Piatnik","Hungarian","2018","Hungarian edition"
"Century: Big Box","382315","0","0","0","1","0","0","0","0","0","0","0","3","","70-5","","","","133022894","5.68546","7.74412","2","0","1185","thing","Century: Big Box","2","4","45","45","30","2023","2,3,4","2","8–12","No necessary in-game text","","","","","","standalone","","Plan B Games","German","2023","German edition"
"Century: Egy Új Világ!","270970","0","0","0","1","0","0","0","0","0","0","0","3","","70-5","","","","63960068","6.73222","7.28492","2.1226","837","12148","thing","Century: A New World","2","4","45","45","30","2019","2,3,4","3","8+","No necessary in-game text","","","","","","standalone","","Piatnik","Hungarian","2019","Hungarian edition"
"Century: Fűszerút","209685","0","0","0","1","0","0","0","0","0","0","0","3","","70-5","","","","54395535","7.11054","7.29609","1.8018","374","34666","thing","Century: Spice Road","2","5","45","45","30","2017","2,3,4,5","3,4","8+","No necessary in-game text","","","","","","standalone","","Piatnik","Hungarian","2017","Hungarian edition"
"Cerebria: The Card Game","236304","0","0","0","1","0","0","0","0","0","0","0","3","","05-3
*","","","","61695850","5.64363","6.3781","2.125","7493","1530","thing","Cerebria: The Card Game","2","5","30","30","15","2018","2,3,4","3","12+","No necessary in-game text","","","","","","standalone","","Mindclash Games","English","2018","English edition"
"Cerebria: The Inside World","218479","0","0","0","1","0","0","0","0","0","0","0","3","","81-3","","","","61744463","6.66131","7.70379","4.3395","961","5659","thing","Cerebria: The Inside World","1","4","120","120","60","2018","1,2,3,4","2,4","16+","Some necessary text - easily memorized or small crib sheet","","","","","","standalone","","Mindclash Games","English","2018","Standard edition"
"Cerebria: The Inside World – Forces of Balance","259988","0","0","0","1","0","0","0","0","0","0","0","3","","81-3","","","","61744475","5.77259","8.14948","4.25","0","2009","thing","Cerebria: The Inside World – Forces of Balance","3","6","135","135","135","2018","3,6","3","16","No necessary in-game text","","","","","","expansion","","Mindclash Games","English","2018","English standard edition"
"Ceres","349948","0","0","0","1","0","0","0","0","0","0","0","3","","79-2","","","","125400562","6.06086","7.62016","3.2667","2794","1857","thing","Ceres","1","4","120","120","90","2024","1,2,3,4","3","14+","No necessary in-game text","","","","","","standalone","","Artipia Games; Vagabund","Hungarian","2024","Hungarian edition"
"Chachapoya","262520","0","0","0","1","0","0","0","0","0","0","0","3","","04-1","","","","64867921","5.61583","7.13316","1.8125","8451","348","thing","Chachapoya","2","4","45","45","30","2019","2,3,4","2,3","8+","No necessary in-game text","","","","","","standalone","","Reflexshop; Vagabund","English; German; Hungarian","2019","English/German/Hungarian edition"
"Chachapoya (Second Edition)","357912","0","0","0","1","0","0","0","0","0","0","0","3","","04-1
*","","","","97115067","5.52932","7.35476","1.5","16416","122","thing","Chachapoya (Second Edition)","2","5","45","45","30","2022","3,4,5","3","","","","","","","","standalone","","Vagabund","English; Hungarian","2022","English/Hungarian edition"
"Chachapoya: A Yapalocté Expedíció","312222","0","0","0","1","0","0","0","0","0","0","0","3","","04-1
*","","","","74881250","5.5362","7.87308","2.5","0","153","thing","Chachapoya: A Yapalocté Expedíció","2","4","30","30","25","2020","","","","","","","","","","expansion","","Vagabund","English; German; Hungarian","2020","Multilingual first edition"
"Chachapoya: Demon Promo","326660","0","0","0","1","0","0","0","0","0","0","0","3","","04-1","","","","78590915","0","8.04444","0","0","43","thing","Chachapoya: Demon Promo","2","4","45","45","30","2020","","","","","","","","","","expansion","","Vagabund","English; Hungarian","2020","English/Hungarian edition"
"Chachapoya: Yayaucha Promo","291690","0","0","0","1","0","0","0","0","0","0","0","3","","04-1","","","","74881245","5.53444","7.95312","0","0","101","thing","Chachapoya: Yayaucha Promo","2","4","45","45","25","2019","","","","","","","","","","expansion","","Vagabund","English; Hungarian","2019","English/Hungarian edition"
"Challengers! Beach Cup","390340","0","0","0","1","0","0","0","0","0","0","0","3","","61-3","","","","116280128","6.33795","7.73854","2.1389","1719","3644","thing","Challengers! Beach Cup","1","8","45","45","45","2023","2,4,5,6,7,8","4,6,8","8+","Moderate in-game text - needs crib sheet or paste ups","","","","","","standalone","","Gém Klub Kft.","Hungarian","2023","Hungarian edition"
"Charon Inc.","71593","0","0","0","1","0","0","0","0","0","0","0","3","","68-1","","","","53482944","5.65041","6.29756","2.25","7294","810","thing","Charon Inc.","2","5","60","60","60","2010","3,4,5","4","8+","No necessary in-game text","","","","","","standalone","","Eagle-Gryphon Games; Pegasus Spiele","German","2010","German edition"
"Cheaty Mages","38194","0","0","0","1","0","0","0","0","0","0","0","3","","03-1","","","","53482950","5.8507","6.25158","1.5943","4195","3775","thing","Cheaty Mages!","3","6","30","30","30","2013","3,4,5,6","4","8+","Some necessary text - easily memorized or small crib sheet","","","","","","standalone","","Alderac Entertainment Group","English","2013","English second edition"
"Checkers","2083","0","0","0","1","0","0","0","0","0","0","0","3","","52-1","","","","134797419","5.0044","4.94414","1.7136","29594","12421","thing","Checkers","2","2","30","30","30","1150","2","2","6+","No necessary in-game text","","","","","","standalone","","","","",""
"Checkpoint Charlie","205079","0","0","0","1","0","0","0","0","0","0","0","3","","04-3
*","","","","74455806","5.68768","6.63726","1.2","6418","1169","thing","Checkpoint Charlie","3","5","30","30","20","2016","3,4,5","5","8+","No necessary in-game text","","","","","","standalone","","Devir","English","0","English-only edition"
"Cheeky Monkey","29773","0","0","0","1","0","0","0","0","0","0","0","3","","22-3","","","","113314175","5.89859","6.63645","1.1443","3800","1574","thing","Cheeky Monkey","2","6","15","15","15","2019","3,4,5,6","4,5","5+","No necessary in-game text","","","","","","standalone","","Jumping Turtle Games","Dutch; English; French","2019","Dutch/French/English edition"
"Cheops","268","0","0","0","1","0","0","0","0","0","0","0","3","","65-1","","","","53482962","5.59162","6.27619","2.1429","9599","496","thing","Cheops","2","5","45","45","45","1998","2,3,4","2,3","8+","No necessary in-game text","","","","","","standalone","","Hans im Glück","German","1998","German edition"
"Chess","171","0","0","0","1","0","0","0","0","0","0","0","3","","52-1","","","","99704718","7.03231","7.23197","3.6474","455","59029","thing","Chess","2","2","0","0","0","1475","2","2","6+","No necessary in-game text","","","","","","standalone","","(Unknown)","Hungarian","0","Hungarian handcrafted 'Budapest' edition"
"Chess","171","0","0","0","1","0","0","0","0","0","0","0","3","","52-1","","","","134795043","7.03231","7.23197","3.6474","455","59029","thing","Chess","2","2","0","0","0","1475","2","2","6+","No necessary in-game text","","","","","","standalone","","","","",""
"Chicago Express","31730","0","0","0","1","0","0","0","0","0","0","0","3","","73-1","","","","53482970","6.87661","7.2512","2.7767","641","9205","thing","Wabash Cannonball","2","6","60","60","30","2009","3,4,5","4","12+","No necessary in-game text","","","","","","standalone","","M-Ágnes; Queen Games","Hungarian","2009","Hungarian second edition"
"Chili Mafia","329588","0","0","0","1","0","0","0","0","0","0","0","3","","03-4
*","","","","82667724","5.56462","6.98313","1.8333","11496","468","thing","Chili Mafia","2","8","40","40","20","2022","2,3,4,5,6,7,8","5,6","10+","","","","","","","standalone","","Lemery Games","English","2022","English edition"
"Chilli Csali","16497","0","0","0","1","0","0","0","0","0","0","0","3","","55-1","","","","53482978","5.74752","6.28981","1.4651","5357","1577","thing","Rat Hot","2","2","30","30","30","2005","2","2","8+","No necessary in-game text","","","","","","standalone","","Queen Games","Hungarian","0","Hungarian edition"
"Chinese Chequers","2386","0","0","0","1","0","0","0","0","0","0","0","3","","18-1","","","","53482996","5.2438","5.21363","1.5882","29553","7535","thing","Chinese Checkers","2","6","30","30","30","1976","2,3,4,6","3","6+","No necessary in-game text","","","","","","standalone","","Spear's Games","English","1976","Spear's edition 1976"
"Chocolates","394338","0","0","0","1","0","0","0","0","0","0","0","3","","28-2","","","","119275978","5.5464","7.20493","1.2","13414","120","thing","Chocolates","2","4","20","20","15","2024","2,3,4","3","8+","","","","","","","standalone","","Piatnik","Czech; French; German; Hungarian; Polish; Slovak","2024","Multilingual edition"
"Christmas Tree","375712","0","0","0","1","0","0","0","0","0","0","0","3","","03-2","","","","113289815","5.53639","6.44486","1","14954","226","thing","Christmas Tree","2","5","15","15","15","2023","","","","","","","","","","standalone","","Good Game Studio; Taiwan Boardgame Design","Chinese; English","2023","Chinese/English second edition"
"Chronicles of Crime: Welcome to Redview","258089","0","0","0","1","0","0","0","0","0","0","0","3","","66-2","","","","136787240","6.19569","7.60906","2","0","8120","thing","Chronicles of Crime: Welcome to Redview","1","4","90","90","30","2019","1,2,3,4","2","12+","Some necessary text - easily memorized or small crib sheet","","","","","","expansion","","Lucky Duck Games","English","2019","English edition"
"Cicaharc: Állati csetepaté","411404","0","0","0","1","0","0","0","0","0","0","0","3","","07-5","","","","123395466","5.7466","6.9738","1.1429","5366","1926","thing","Power Hungry Pets","2","6","15","15","15","2024","3,4,5,6","4,5","8+","Extensive use of text - massive conversion needed to be playable","","","","","","standalone","","Gém Klub Kft.","Hungarian","2024","Hungarian edition"
"Cin Cin","25233","0","0","0","1","0","0","0","0","0","0","0","3","","04-2","","","","83380298","5.52907","5.91314","1.2667","16474","500","thing","Tchin Tchin","4","8","15","15","15","2008","4,5,6,7,8","6","8+","No necessary in-game text","","","","","","standalone","","Hutter Trade GmbH + Co KG","German","2008","German edition"
"Citadella","478","0","0","0","1","0","0","0","0","0","0","0","3","","11-5","","","","57640843","6.93205","7.05517","2.0473","572","78163","thing","Citadels","2","8","60","60","20","2005","2,3,4,5,6,7","5","10+","Moderate in-game text - needs crib sheet or paste ups","","","","","","standalone","","Delta Vision Publishing; Fantasy Flight Games","Hungarian","2005","Delta Vision Hungarian edition with Dark City expansion"
"Citrus","145588","0","0","0","1","0","0","0","0","0","0","0","3","","70-4","","","","53665692","6.18526","7.08512","2.5556","2246","2288","thing","Citrus","2","5","60","60","60","2013","2,3,4","2","10+","No necessary in-game text","","","","","","standalone","","dlp games","English; German","2013","English/German edition"
"City Tycoon","104994","0","0","0","1","0","0","0","0","0","0","0","3","","74-2","","","","67531984","5.7955","6.48133","2.7931","4743","1133","thing","City Tycoon","2","5","120","120","60","2013","2,3,4,5","3,4","12+","No necessary in-game text","","","","","","standalone","","Pegasus Spiele","German","2013","German second edition"
"Ciúb","162152","0","0","0","1","0","0","0","0","0","0","0","3","","16-1","","","","64412200","5.62792","6.13659","1.9167","7990","885","thing","Ciúb","2","4","45","45","45","2014","2,3,4","2,3","8+","No necessary in-game text","","","","","","standalone","","AMIGO","Hungarian","2014","Hungarian edition"
"CIV: Carta Impera Victoria","240465","0","0","0","1","0","0","0","0","0","0","0","3","","04-3","","","","53759166","5.69385","6.12532","2.0606","6277","2937","thing","CIV: Carta Impera Victoria","2","4","60","60","20","2018","2,3,4","2","8+","No necessary in-game text","","","","","","standalone","","Ludonaute","Hungarian","2018","Hungarian edition"
"Claim","233961","0","0","0","1","0","0","0","0","0","0","0","3","","03-5","","","","73117256","6.46413","6.90494","1.6489","1377","12443","thing","Claim","2","2","25","25","25","2020","2","2","8+","No necessary in-game text","","","","","","standalone","","Vagabund","Hungarian","2020","Hungarian edition"
"Claim 2","249763","0","0","0","1","0","0","0","0","0","0","0","3","","03-5","","","","74069090","6.17624","6.93579","1.6222","2272","6640","thing","Claim 2","2","2","25","25","25","2020","2","2","10+","No necessary in-game text","","","","","","standalone","","Vagabund","Hungarian","2020","Hungarian edition"
"Claim: Dark Elves","292096","0","0","0","1","0","0","0","0","0","0","0","3","","03-5","","","","73117705","5.5687","7.06422","1","0","768","thing","Claim: Dark Elves","2","2","25","25","25","2019","","","","","","","","","","expansion","","White Goblin Games","Dutch","2019","English edition"
"Claim: Erősítés – Félelem","305656","0","0","0","1","0","0","0","0","0","0","0","3","","03-5","","","","74069099","5.59986","7.4117","1.4286","0","884","thing","Claim: Reinforcements – Fear","2","2","25","25","25","2020","2","2","10+","No necessary in-game text","","","","","","expansion","","Vagabund","Hungarian","2020","Hungarian edition"
"Claim: Ghosts","267315","0","0","0","1","0","0","0","0","0","0","0","3","","03-5","","","","73117687","5.57422","7.03843","1","0","845","thing","Claim: Ghosts","2","2","25","25","25","2019","","","","No necessary in-game text","","","","","","expansion","","Deep Water Games","English","2019","English edition"
"Claim: Reinforcements – Frost","305661","0","0","0","1","0","0","0","0","0","0","0","3","","03-5","","","","96771568","5.55207","6.90712","1","0","727","thing","Claim: Reinforcements – Frost","2","2","25","25","25","2020","2","2","10+","No necessary in-game text","","","","","","expansion","","White Goblin Games","Dutch; English","2020","Dutch/English edition"
"Clever 4Ever","366162","0","0","0","1","0","0","0","0","0","0","0","3","","17-5","","","","108176076","6.48869","7.63592","2.3659","1319","5476","thing","Clever 4Ever","1","4","30","30","30","2022","1,2,3,4","2","10+","No necessary in-game text","","","","","","standalone","","Coiledspring Games; Schmidt Spiele","English","2022","English UK edition"
"Clever hoch Drei","316546","0","0","0","1","0","0","0","0","0","0","0","3","","17-5","","","","108176060","6.71093","7.47357","2.3723","873","8808","thing","Clever Cubed","1","4","30","30","30","2020","1,2,3,4","2","12+","No necessary in-game text","","","","","","standalone","","Schmidt Spiele","German","2020","German edition"
"Click Clack Lumberjack","39206","0","0","0","1","0","0","0","0","0","0","0","3","","19-1","","","","53483018","6.03072","6.3829","1.0375","2943","5406","thing","Tac Tac Jack","2","7","10","10","10","2013","2,3,4,5,6,7","4","6+","No necessary in-game text","","","","","","standalone","","Gemblo Company; Mayday Games","English","2013","Mayday English edition"
"Clinic Rush: Rohanás a sürgősségin!","284217","0","0","0","1","0","0","0","0","0","0","0","3","","67-4","","","","104329247","6.23915","7.42678","2.3667","2032","4276","thing","Rush M.D.","1","4","45","45","30","2022","2,3,4","3","10+","Some necessary text - easily memorized or small crib sheet","","","","","","standalone","","Artipia Games; Compaya.hu: Gamer Café Kft.","Hungarian","2022","Hungarian edition"
"Cloud Mine","235506","0","0","0","1","0","0","0","0","0","0","0","3","","04-2","","","","88686564","5.49927","5.55758","1","25059","66","thing","Cloud Mine","3","8","30","30","30","2018","","","","","","","","","","standalone","","","","",""
"Cluedo","1294","0","0","0","1","0","0","0","0","0","0","0","3","","35-3","","","","58338119","5.57044","5.68363","1.6424","11027","41364","thing","Clue","2","6","45","45","45","1997","3,4,5,6","4,5","8+","Some necessary text - easily memorized or small crib sheet","","","","","","standalone","","Hasbro; Parker Spiele","Hungarian","1997","Hasbro/Parker Hungarian second edition 1997"
"Cluedo Rejtély","88922","0","0","0","1","0","0","0","0","0","0","0","3","","06-3","","","","108823459","5.57044","5.85577","1.2727","11026","2908","thing","Clue: Card Game","3","4","15","15","15","2011","3,4","4","8+","Some necessary text - easily memorized or small crib sheet","","","","","","standalone","","Hasbro","Hungarian","2011","Hungarian edition"
"Co-Mix","162367","0","0","0","1","0","0","0","0","0","0","0","3","","10-1","","","","53665745","5.56906","6.04475","1.1","11140","921","thing","Co-Mix","3","10","30","30","30","2014","3,4,5,6,7,8,10","4,5","6+","No necessary in-game text","","","","","","standalone","","Heidelberger Spieleverlag","German","2014","German edition"
"Codenames","178900","0","0","0","1","0","0","0","0","0","0","0","3","","01-4","","","","53756275","7.43367","7.52923","1.2572","159","173141","thing","Codenames","2","8","15","15","15","2016","4,5,6,7,8","6,8","10+","Unplayable in another language","","","","","","standalone","","Czech Games Edition","English","2016","English edition with SdJ nomination"
"Codenames: Harry Potter","249821","0","0","0","1","0","0","0","0","0","0","0","3","","01-4","","","","71968398","5.85398","6.48342","1.6087","4161","4942","thing","Codenames: Harry Potter","2","2","15","15","15","2018","2","2","8+","Moderate in-game text - needs crib sheet or paste ups","","","","","","standalone","","The Op Games","English","2018","English edition"
"Codenames: Pictures XXL","198773","0","0","0","1","0","0","0","0","0","0","0","3","","09-5","","","","60988296","7.00199","7.17991","1.2398","484","43918","thing","Codenames: Pictures","2","8","15","15","15","2018","4,5,6,7,8","6","8+","No necessary in-game text","","","","","","standalone","","Czech Games Edition","English","2018","English XXL version"
"Coffee Rush","377061","0","0","0","1","0","0","0","0","0","0","0","3","","28-5
","","","","110688244","6.44425","7.11078","1.813","1438","9277","thing","Coffee Rush","2","4","30","30","30","2023","2,3,4","3","8+","No necessary in-game text","","","","","","standalone","","Gém Klub Kft.","Hungarian","2023","Hungarian edition"
"Color Code","342211","0","0","0","1","0","0","0","0","0","0","0","3","","12-3","","","","96607188","5.50466","5.7568","1","23648","264","thing","Color Code","2","6","30","30","30","2021","4,5,6","4,5,6","6+","","","","","","","standalone","","Chili Island; Piatnik","Czech; Hungarian; Slovak","2021","Czech/Slovak/Hungarian edition"
"Colorado","247900","0","0","0","1","0","0","0","0","0","0","0","3","","34-1","","","","87474529","0","6.51389","1","0","35","thing","Colorado","2","4","0","0","0","2017","","","","No necessary in-game text","","","","","","standalone","","Keller & Mayer","Hungarian","2017","Hungarian edition"
"Colorado: Kalandok a vadnyugaton","366397","0","0","0","1","0","0","0","0","0","0","0","3","","33-5","","","","138528339","5.69813","6.98005","1.9286","6192","410","thing","Colorado","2","4","50","50","25","2024","2,3,4","3","10+","No necessary in-game text","","","","","","standalone","","Gém Klub Kft.","Hungarian","2024","Hungarian edition"
"Coloretto","5782","0","0","0","1","0","0","0","0","0","0","0","3","","04-2","","","","53483030","6.82251","6.98104","1.2709","713","30816","thing","Coloretto","2","5","30","30","30","2006","2,3,4,5","4","6+","No necessary in-game text","","","","","","standalone","","ABACUSSPIELE","English; French; German; Italian","2006","Abacus edition with Fairplay logo"
"Colossal Arena","105","0","0","0","1","0","0","0","0","0","0","0","3","","03-2","","","","53483041","6.44681","6.7555","2.0202","1432","8990","thing","Colossal Arena","2","5","60","60","40","2004","2,3,4,5","3","10+","Some necessary text - easily memorized or small crib sheet","","","","","","standalone","","Fantasy Flight Games","English","2004","Fantasy Flight English edition"
"Colt Express","158899","0","0","0","1","0","0","0","0","0","0","0","3","","60-2","","","","53483055","6.95271","7.09689","1.8344","548","50086","thing","Colt Express","2","6","40","40","40","2015","3,4,5,6","5,6","8+","No necessary in-game text","","","","","","standalone","","Gém Klub Kft.","Hungarian","2015","Hungarian edition"
"Colt Express: Big Box","341504","0","0","0","1","0","0","0","0","0","0","0","3","","14-2","","","","136330513","6.08148","7.86323","2.1923","0","2799","thing","Colt Express: Big Box","2","9","40","40","40","2024","3,4,5,6,7,8,9","5,6","8+","No necessary in-game text","","","","","","standalone","","Ludonaute","English; French; German; Spanish","2024","Multilingual edition 2024"
"Combo Color","289601","0","0","0","1","0","0","0","0","0","0","0","3","","19-4","","","","75719916","5.61935","6.33929","1.1111","8309","832","thing","Combo Color","2","4","20","20","20","2020","2,3,4","3","6+","No necessary in-game text","","","","","","standalone","","Gém Klub Kft.; Zygomatic","Hungarian","2020","Hungarian edition"
"Concept","147151","0","0","0","1","0","0","0","0","0","0","0","3","","09-2
*","","","","53483072","6.58689","6.74574","1.3768","1110","36377","thing","Concept","4","12","40","40","40","2014","3,4,5,6,7,8,9,10,11,12","6","10+","Extensive use of text - massive conversion needed to be playable","","","","","","standalone","","Gém Klub Kft.; Repos Production","Hungarian","2014","Hungarian edition"
"Concept","147151","0","0","0","1","0","0","0","0","0","0","0","3","","01-3","","","","53916850","6.58689","6.74574","1.3768","1110","36377","thing","Concept","4","12","40","40","40","2014","3,4,5,6,7,8,9,10,11,12","6","10+","Extensive use of text - massive conversion needed to be playable","","","","","","standalone","","Repos Production","English","2014","English second edition with 1 award"
"Concordia: Sestertiusszal kikövezett utak","124361","0","0","0","1","0","0","0","0","0","0","0","3","","73-4","","","","63960352","7.92998","8.08204","2.9867","26","50211","thing","Concordia","2","5","100","100","100","2018","2,3,4,5","4","12+","Moderate in-game text - needs crib sheet or paste ups","","","","","","standalone","","Gém Klub Kft.","Hungarian","2018","Hungarian edition"
"Connecting London","352784","0","0","0","1","0","0","0","0","0","0","0","3","","01-3","","","","119277152","0","4.40741","0","0","53","thing","Connecting London","2","6","20","20","15","2021","","","","","","","","","","standalone","","Gibsons","English","2021","English edition"
"Conspiracy","363360","0","0","0","1","0","0","0","0","0","0","0","3","","06-4","","","","103128653","0","6.48182","1","0","60","thing","Conspiracy","1","4","35","35","5","2022","","","","","","","","","","standalone","","Urban Games Ltd.","Hungarian","2022","Hungarian edition"
"Continental Express","142432","0","0","0","1","0","0","0","0","0","0","0","3","","07-1","","","","83376731","5.59074","5.97887","1.2444","9667","1376","thing","Continental Express","2","4","20","20","20","2014","2,3,4","3","8+","No necessary in-game text","","","","","","standalone","","asmodee; Bombyx","English","2014","English second edition"
"Copenhagen","269595","0","0","0","1","0","0","0","0","0","0","0","3","","32-3","","","","60770286","6.4252","6.93292","1.6854","1482","5413","thing","Copenhagen","2","4","40","40","20","2019","2,3,4","4","6+","No necessary in-game text","","","","","","standalone","","Piatnik","Hungarian","2019","Hungarian edition"
"CoraQuest","318546","0","0","0","1","0","0","0","0","0","0","0","3","","26-4","","","","117295614","6.31696","7.79456","2","1776","4041","thing","CoraQuest","1","4","60","60","45","2023","1,2,3,4","4","6+","Extensive use of text - massive conversion needed to be playable","","","","","","standalone","","A-Z kiadó; Bright Eye Games","Hungarian","2023","Hungarian edition"
"Cortex 2","251481","0","0","0","1","0","0","0","0","0","0","0","3","","14-5","","","","58703285","5.64071","6.38064","1.2","7570","1399","thing","Braintopia Beyond","2","6","15","15","15","2019","2,3,4,5,6","4","8+","No necessary in-game text","","","","","","standalone","","Gém Klub Kft.","Hungarian","2019","Hungarian edition"
"Cortex Challenge","206175","0","0","0","1","0","0","0","0","0","0","0","3","","14-5","","","","58633465","5.75589","6.20215","1.0588","5238","3456","thing","Braintopia","2","6","15","15","15","2017","2,3,4,5,6","4","8+","Some necessary text - easily memorized or small crib sheet","","","","","","standalone","","Gém Klub Kft.","Hungarian","2017","Hungarian edition"
"Cosmic Factory","253379","0","0","0","1","0","0","0","0","0","0","0","3","","28-2","","","","128006824","5.74218","6.77773","1.8889","5422","1185","thing","Cosmic Factory","2","6","30","30","20","2018","2,3,4,5,6","4","10+","Some necessary text - easily memorized or small crib sheet","","","","","","standalone","","Gigamic","English","2018","English-only edition"
"Council of Four","173101","0","0","0","1","0","0","0","0","0","0","0","3","","66-4","","","","53665649","6.42776","7.1169","2.6796","1479","4418","thing","Council of 4","2","4","75","75","40","2015","2,3,4","3,4","10+","No necessary in-game text","","","","","","standalone","","Cranio Creations","English","2015","English first edition"
"Countdown","2681","0","0","0","1","0","0","0","0","0","0","0","3","","I.","","","","122184965","5.48943","5.2978","1","26928","246","thing","Countdown","2","6","30","30","30","1993","2","2","8+","","","","","","","standalone","","Spear's Games","English","1993","Spear's edition"
"Coup: Deluxe Edition","158408","0","0","0","1","0","0","0","0","0","0","0","3","","11-5","","","","53762082","5.99056","7.31886","1.381","0","2722","thing","Coup: Deluxe Edition","2","8","15","15","15","2016","4,5,6,7,8","4,5,6","12+","Some necessary text - easily memorized or small crib sheet","","","","","","standalone","","Indie Boards & Cards","English","2016","English second edition"
"Coyote","8172","0","0","0","1","0","0","0","0","0","0","0","3","","15-5
*","","","","53483097","6.00984","6.63318","1.1783","3053","2950","thing","Coyote","3","6","30","30","20","2003","4,5,6","5,6","8+","No necessary in-game text","","","","","","standalone","","Kidultgame","Dutch; English; German; Italian; Japanese; Korean; Spanish","2003","Multilingual first edition"
"Crabz","172033","0","0","0","1","0","0","0","0","0","0","0","3","","30-1","","","","53767916","5.56338","6.2915","1.8889","11603","415","thing","Crab Stack","2","4","20","20","20","2015","2,3","2","6+","No necessary in-game text","","","","","","standalone","","Blue Orange (EU)","French","2015","French edition"
"The Crew: A mélytengeri küldetés","324856","0","0","0","1","0","0","0","0","0","0","0","3","","03-3","","","","98599425","7.81106","8.06408","2.0469","44","47376","thing","The Crew: Mission Deep Sea","2","5","20","20","20","2022","3,4,5","4","10+","Moderate in-game text - needs crib sheet or paste ups","","","","","","standalone","","KOSMOS; Piatnik","Hungarian","2022","Hungarian edition"
"The Crew: Küldetés a 9. bolygóhoz","284083","0","0","0","1","0","0","0","0","0","0","0","3","","62-4","","","","86044471","7.62652","7.76553","1.9616","88","90131","thing","The Crew: The Quest for Planet Nine","2","5","20","20","20","2021","3,4,5","4","10+","No necessary in-game text","","","","","","standalone","","KOSMOS; Piatnik","Hungarian","2021","Hungarian edition"
"Crime Story: Detectives Without License","181193","0","0","0","1","0","0","0","0","0","0","0","3","","03-1","","","","53665771","0","6.3913","2","0","61","thing","Crime Story: Detectives Without License","3","8","45","45","30","2015","3,4,5,6,7,8","5,6","12","No necessary in-game text","","","","","","standalone","","Cube Factory of Ideas","English; Polish","2015","English/Polish edition"
"Crime Zoom: Nagyító alatt – Az utolsó kártyalap","294235","0","0","0","1","0","0","0","0","0","0","0","3","","14-4","","","","135697079","5.68469","6.61685","1.1875","6485","1105","thing","Crime Zoom: His Last Card","1","6","60","60","60","2021","1,2,3","1,2","14+","Extensive use of text - massive conversion needed to be playable","","","","","","standalone","","Aurora; Gém Klub Kft.","Hungarian","2021","Hungarian edition"
"Crime Zoom: Nagyító alatt – Vészmadár","321305","0","0","0","1","0","0","0","0","0","0","0","3","","14-4","","","","135697112","5.62247","6.53928","1.5","8186","854","thing","Crime Zoom: Bird of Ill Omen","1","6","60","60","60","2022","1,2,3","2","14+","Extensive use of text - massive conversion needed to be playable","","","","","","standalone","","Aurora; Gém Klub Kft.","Hungarian","2022","Hungarian edition"
"Critters Below","216282","0","0","0","1","0","0","0","0","0","0","0","3","","03-1","","","","53764561","5.53728","6.32931","2.2222","14798","321","thing","Critters Below","1","6","60","60","30","2017","3,4,5,6","4,6","12+","No necessary in-game text","","","","","","standalone","","Antler Games","English","2017","English edition"
"Cross Clues","300753","0","0","0","1","0","0","0","0","0","0","0","3","","02-4","","","","88477102","6.58857","7.20176","1.0783","1104","8815","thing","Cross Clues","2","6","10","10","5","2020","2,3,4,5,6","4","8+","Unplayable in another language","","","","","","standalone","","Blue Orange Games","English","2020","English edition"
"Crown of Emara","256570","0","0","0","1","0","0","0","0","0","0","0","3","","74-2","","","","124408773","6.68177","7.35858","3.0495","925","6147","thing","Crown of Emara","1","4","75","75","45","2019","1,2,3,4","3","12+","No necessary in-game text","","","","","","standalone","","Pegasus Spiele","English","2019","English-only edition"
"Cryptid","246784","0","0","0","1","0","0","0","0","0","0","0","3","","69-3","","","","113310244","7.16683","7.43105","2.2576","329","22624","thing","Cryptid","3","5","50","50","30","2023","3,4,5","4","10+","Moderate in-game text - needs crib sheet or paste ups","","","","","","standalone","","Osprey Games; Reflexshop","Hungarian","2023","Hungarian edition"
"CS-Files","156129","0","0","0","1","0","0","0","0","0","0","0","3","","01-2","","","","53768043","7.22237","7.42621","1.5861","278","36992","thing","Deception: Murder in Hong Kong","4","12","20","20","20","2014","5,6,7,8,9,10,11,12","6,7,8","12+","Moderate in-game text - needs crib sheet or paste ups","","","","","","standalone","","Jolly Thinkers","Chinese; English","2014","Chinese/English first edition"
"Csak egy","254640","0","0","0","1","0","0","0","0","0","0","0","3","","59-2","","","","61216266","7.43971","7.59801","1.0356","155","57089","thing","Just One","3","7","60","60","20","2019","4,5,6,7","6,7","8+","Unplayable in another language","","","","","","standalone","","Gém Klub Kft.","Hungarian","2019","Hungarian edition"
"Csak egy: Új kiadás","450619","0","0","0","1","0","0","0","0","0","0","0","3","","09-4","","","","138902419","5.5534","7.79811","1","12554","273","thing","Just One: New Version","3","7","20","20","20","2025","4,5,6,7","5,6,7","10+","Unplayable in another language","","","","","","standalone","","Gém Klub Kft.","Hungarian","2025","Hungarian edition"
"Csatacsirkék","350637","0","0","0","1","0","0","0","0","0","0","0","3","","07-4","","","","123395348","5.7644","7.2639","1.4444","5122","1286","thing","Regroup! Chicken Army","2","4","20","20","10","2024","2,3,4","3,4","6+","No necessary in-game text","","","","","","standalone","","Gém Klub Kft.","Hungarian","2024","Hungarian edition"
"Csend Apó kertje","431062","0","0","0","1","0","0","0","0","0","0","0","3","","25-2","","","","129707142","0","4.58333","2","0","17","thing","Csend Apó kertje","2","4","30","30","30","2024","","","","","","","","","","standalone","","Pagony játék","Hungarian","2024","Hungarian edition"
"Cseresznyéskert","189061","0","0","0","1","0","0","0","0","0","0","0","3","","20-5","","","","58634292","0","6.1","1","0","20","thing","Cseresznyéskert","2","4","30","30","15","2015","1,2,3,4","2,3,4","4–6","","","","","","","standalone","","Keller & Mayer","Hungarian","2015","Hungarian edition"
"Csillagvadászok","254088","0","0","0","1","0","0","0","0","0","0","0","3","","31-1","","","","69088973","5.80278","6.65807","1.4286","4655","1242","thing","Gravity Superstar","2","6","30","30","15","2019","2,3,4,5,6","4","6+","No necessary in-game text","","","","","","standalone","","Gém Klub Kft.; Sit Down!","Hungarian","2019","Hungarian edition"
"Csoda és Kósza: Ollé!","340186","0","0","0","1","0","0","0","0","0","0","0","3","","24-4","","","","94369523","0","6.92857","0","0","11","thing","Csoda és Kósza: Ollé!","3","6","20","20","15","2021","","","","","","","","","","standalone","","Pagony játék","Hungarian","2021","Hungarian edition"
"A csodák kertje","418354","0","0","0","1","0","0","0","0","0","0","0","3","","34-3","","","","136916421","5.84087","7.151","1.8182","4281","1364","thing","Babylon","2","4","60","60","40","2025","2,3,4","3","8+","No necessary in-game text","","","","","","standalone","","Reflexshop","Hungarian","2025","Hungarian edition"
"Csodálatos teremtmények","400366","0","0","0","1","0","0","0","0","0","0","0","3","","80-4","","","","134010825","7.07753","8.06732","3.0192","410","8153","thing","Wondrous Creatures","1","4","80","80","40","2025","1,2,3","2,3","12+","Moderate in-game text - needs crib sheet or paste ups","","","","","","standalone","","Gém Klub Kft.","Hungarian","2025","Hungarian edition"
"Csodaország csatái","227935","0","0","0","1","0","0","0","0","0","0","0","3","","78-3","","","","118211124","7.49012","8.04479","3.0467","137","15648","thing","Wonderland's War","2","5","125","125","45","2023","3,4,5","4","12+","Moderate in-game text - needs crib sheet or paste ups","","","","","","standalone","","Gém Klub Kft.","Hungarian","2023","Hungarian edition"
"Csordaszellem","311322","0","0","0","1","0","0","0","0","0","0","0","3","","10-4
*","","","","100796547","6.12185","6.62144","1","2512","8457","thing","Herd Mentality","4","20","30","30","20","2022","5,6,7,8,9,10,11,12,13,14,15","7,8","10+","Moderate in-game text - needs crib sheet or paste ups","","","","","","standalone","","Reflexshop","Hungarian","2022","Hungarian edition"
"Csótánypóker","11971","0","0","0","1","0","0","0","0","0","0","0","3","","06-4
*","","","","119582151","6.60229","6.80363","1.0986","1069","27765","thing","Cockroach Poker","2","6","20","20","20","2004","3,4,5,6","5","6+","No necessary in-game text","","","","","","standalone","","Drei Magier Spiele; Gém Klub Kft.","Hungarian","0","Hungarian edition"
"Csúszkaland","271785","0","0","0","1","0","0","0","0","0","0","0","3","","20-2","","","","119277811","5.98641","6.59024","1.1429","3197","3889","thing","Slide Quest","1","4","45","45","15","2019","2,3,4","4","6+","No necessary in-game text","","","","","","standalone","","Gém Klub Kft.","Hungarian","2019","Hungarian edition"
"Cucc!","400752","0","0","0","1","0","0","0","0","0","0","0","3","","07-2","","","","137115003","5.64013","6.89426","1","7592","1169","thing","Piles! A Fast-Paced Free-For-All","2","8","10","10","10","2025","3,4,5,6,7,8","4,5,6","6","","","","","","","standalone","","Gém Klub Kft.","Hungarian","2025","Hungarian edition"
"Cultistorm","233364","0","0","0","1","0","0","0","0","0","0","0","3","","01-2","","","","69642026","5.54726","6.59328","2.9167","13304","364","thing","Cultistorm","2","5","120","120","90","2021","2,3,4","3","16+","Extensive use of text - massive conversion needed to be playable","","","","","","standalone","","Purple Meeple Games","English","2021","English edition"
"Cultistorm","233364","0","0","0","1","0","0","0","0","0","0","0","3","","80-3","","","","71968203","5.54726","6.59328","2.9167","13304","364","thing","Cultistorm","2","5","120","120","90","2019","2,3,4","3","16+","Extensive use of text - massive conversion needed to be playable","","","","","","standalone","","Purple Meeple Games","Hungarian","2019","Hungarian edition"
"Cultistorm: Face 2 Face","351828","0","0","0","1","0","0","0","0","0","0","0","3","","56-3","","","","88331413","0","5.44","0","0","17","thing","Cultistorm: Face 2 Face","2","2","15","15","15","2019","","","","","","","","","","standalone","","Purple Meeple Games","English; German","2019","German/English edition"
"Cuvée","400211","0","0","0","1","0","0","0","0","0","0","0","3","","79-5","","","","112988342","5.56784","7.3989","3.5","11241","121","thing","Cuvée","2","4","90","90","90","2023","2,3,4","2","12+","Some necessary text - easily memorized or small crib sheet","","","","","","standalone","","Private Moon Studios","Hungarian","2023","Hungarian edition"
"CV","143986","0","0","0","1","0","0","0","0","0","0","0","3","","25-5","","","","86803310","6.27155","6.56603","1.8448","1920","8456","thing","CV","2","4","60","60","60","2016","2,3,4","2","10+","Some necessary text - easily memorized or small crib sheet","","","","","","standalone","","Gém Klub Kft.","Hungarian","2016","Hungarian edition"
"CV Pocket","229453","0","0","0","1","0","0","0","0","0","0","0","3","","25-4","","","","84850175","5.60649","6.29843","1.2857","8875","636","thing","CV Pocket","2","4","30","30","20","2018","2,3,4","3,4","6+","No necessary in-game text","","","","","","standalone","","Granna","Hungarian","2018","Hungarian edition"
"CVlizations","181494","0","0","0","1","0","0","0","0","0","0","0","3","","25-5","","","","53665757","5.74182","6.2356","1.8889","5428","1957","thing","CVlizations","2","5","60","60","45","2015","3,4,5","4","10+","Moderate in-game text - needs crib sheet or paste ups","","","","","","standalone","","Granna","English","2015","English first edition"
"Daimyo","9346","0","0","0","1","0","0","0","0","0","0","0","3","","76-4","","","","53483321","5.58818","6.40187","2.5357","9832","420","thing","Daimyo","2","4","60","60","60","2005","2,3,4","3","10+","No necessary in-game text","","","","","","standalone","","TENKIGAMES","Dutch; English; French; German; Italian","2005","Multilingual edition"
"Dampfross 1","539","0","0","0","1","0","0","0","0","0","0","0","3","","59-4","","","","96767452","5.68738","6.21358","2.1875","6426","2123","thing","Dampfross","2","6","90","90","90","1984","3,4,5,6","4,5","10+","No necessary in-game text","","","","","","standalone","","Schmidt Spiele","German","1984","Schmidt German-only edition"
"Dark Moon","111124","0","0","0","1","0","0","0","0","0","0","0","3","","69-1","","","","53665673","6.37851","6.97125","2.3864","1608","5178","thing","Dark Moon","3","7","75","75","60","2015","4,5,6,7","5,7","12+","Moderate in-game text - needs crib sheet or paste ups","","","","","","standalone","","Stronghold Games","English","2015","English first edition"
"Dark Stories","18803","0","0","0","1","0","0","0","0","0","0","0","3","","03-2","","","","54674191","5.80687","5.98965","1.2569","4601","10384","thing","Black Stories","2","99","20","20","20","2015","3,4,5,6,7,8,9,10,11","4,5,6","12+","Extensive use of text - massive conversion needed to be playable","","","","","","standalone","","Z-Man Games","English","2015","English edition 2015"
"Darwin nyomában","376683","0","0","0","1","0","0","0","0","0","0","0","3","","30-3","","","","113248586","6.49542","7.34799","1.6814","1305","5008","thing","In the Footsteps of Darwin","2","5","30","30","20","2023","2,3,4,5","3,4","6+","No necessary in-game text","","","","","","standalone","","Gém Klub Kft.","Hungarian","2023","Hungarian edition"
"Darwin utazásai","322289","0","0","0","1","0","0","0","0","0","0","0","3","","83-3","","","","125139967","7.61924","8.10666","3.9","90","15690","thing","Darwin's Journey","1","4","120","120","60","2024","1,2,3,4","3","14+","No necessary in-game text","","","","","","standalone","","Gém Klub Kft.","Hungarian","2024","Hungarian edition"
"Day & Night","332914","0","0","0","1","0","0","0","0","0","0","0","3","","07-4","","","","84245897","5.49806","5.48261","1","25334","117","thing","Day & Night","3","5","30","30","20","2021","","","","","","","","","","standalone","","Piatnik","Czech; German; Hungarian; Polish; Slovak","2021","Multilingual edition"
"Dead of Winter: A Crossroads Game","150376","0","0","0","1","0","0","0","0","0","0","0","3","","01-2","","","","63585235","7.27818","7.44464","3.0133","247","68476","thing","Dead of Winter: A Crossroads Game","2","5","120","120","60","2014","3,4,5","4","12+","Extensive use of text - massive conversion needed to be playable","","","","","","standalone","","Plaid Hat Games","English","2014","English first edition"
"Dead of Winter: Kodiak Colby","150482","0","0","0","1","0","0","0","0","0","0","0","3","","01-2","","","","102751888","5.9295","7.66991","2.5556","0","2887","thing","Dead of Winter: Kodiak Colby","3","5","100","100","100","2014","3,4,5","4","14+","Unplayable in another language","","","","","","expansion","","Plaid Hat Games","English","2014","English edition"
"Dead of Winter: Roberta Plum","183785","0","0","0","1","0","0","0","0","0","0","0","3","","01-2","","","","102751960","5.64596","7.61534","2.8","0","1179","thing","Dead of Winter: Roberta Plum","2","5","100","100","100","2015","3,4,5","4","","Unplayable in another language","","","","","","expansion","","Plaid Hat Games","English","2015","English edition"
"A Dél-Tigris bölcsei","367041","0","0","0","1","0","0","0","0","0","0","0","3","","81-2","","","","117433762","6.95203","8.01718","4.1194","549","8057","thing","Scholars of the South Tigris","1","4","90","90","60","2024","1,2,3,4","3","14+","No necessary in-game text","","","","","","standalone","","Reflexshop","Hungarian","2024","Hungarian edition"
"A Dél-Tigris vándorai","350316","0","0","0","1","0","0","0","0","0","0","0","3","","81-2","","","","107359681","7.14359","7.78589","3.8127","347","12630","thing","Wayfarers of the South Tigris","1","4","90","90","60","2023","1,2,3","2","14+","No necessary in-game text","","","","","","standalone","","Reflexshop","Hungarian","2023","Hungarian edition"
"Demon Worker","216856","0","0","0","1","0","0","0","0","0","0","0","3","","62-1","","","","53765640","5.86512","6.98931","2.3889","4055","1545","thing","Demon Worker","3","4","45","45","45","2018","3,4","4","10+","No necessary in-game text","","","","","","standalone","","cosaic; Group SNE; Japanime Games","English; German; Italian","2018","Multilingual edition"
"Deszkalózok: Csak semmi fánik!","367771","0","0","0","1","0","0","0","0","0","0","0","3","","20-3","","","","115171497","5.87253","6.89613","1","3994","1796","thing","Stomp the Plank","2","4","20","20","15","2023","2,3,4","4","4+","No necessary in-game text","","","","","","standalone","","Gém Klub Kft.","Hungarian","2023","Hungarian edition"
"Detektív Klub","256788","0","0","0","1","0","0","0","0","0","0","0","3","","12-4","","","","66760305","6.7227","7.36889","1.2468","855","7884","thing","Detective Club","4","8","45","45","45","2019","5,6,7,8","6,7","10+","No necessary in-game text","","","","","","standalone","","Reflexshop","Hungarian","2019","Hungarian edition"
"Dice City","179572","0","0","0","1","0","0","0","0","0","0","0","3","","17-4","","","","53665643","6.33732","6.71323","2.0171","1721","8972","thing","Dice City","1","4","60","60","45","2015","1,2,3","2","8+","Some necessary text - easily memorized or small crib sheet","","","","","","standalone","","Alderac Entertainment Group; Artipia Games","English","2015","English edition"
"Dice Forge: A sors kovácsai","194594","0","0","0","1","0","0","0","0","0","0","0","3","","17-4","","","","63960329","7.00932","7.2152","1.9718","477","37677","thing","Dice Forge","2","4","45","45","45","2017","2,3,4","4","8+","No necessary in-game text","","","","","","standalone","","Gém Klub Kft.","Hungarian","2017","Hungarian edition"
"Dice Upon a Time","264278","0","0","0","1","0","0","0","0","0","0","0","3","","02-2","","","","66608856","5.5923","6.98936","1.7","9552","509","thing","Dice Upon a Time","2","5","60","60","45","2020","3,4,5","4","8+","Moderate in-game text - needs crib sheet or paste ups","","","","","","standalone","","Korona Games","English","2020","English edition"
"Diced Veggies","381356","0","0","0","1","0","0","0","0","0","0","0","3","","16-5","","","","131824074","6.12018","6.96277","1.4","2519","4265","thing","Diced Veggies","2","4","30","30","30","2023","1,2,3,4","3","6+","Moderate in-game text - needs crib sheet or paste ups","","","","","","standalone","","","","",""
"Dig Mars","147889","0","0","0","1","0","0","0","0","0","0","0","3","","31-1","","","","53765442","5.54902","6.09198","1.6429","13064","295","thing","Dig Mars","2","4","30","30","30","2013","3,4","3,4","","No necessary in-game text","","","","","","standalone","","Brain Games","Dutch; English; Estonian; French; German; Latvian; Lithuanian; Russian; Ukrainian","2013","Multilingual edition"
"Digger","89611","0","0","0","1","0","0","0","0","0","0","0","3","","16-2","","","","64795446","5.5108","5.77675","1","21740","212","thing","Digger","3","5","15","15","15","2010","2,3,4,5","3,5","8+","No necessary in-game text","","","","","","standalone","","asmodee; Descartes Editeur","French","2010","First edition"
"Dinomino","438647","0","0","0","1","0","0","0","0","0","0","0","3","","20-3","","","","133399713","0","0","0","0","2","thing","Dinomino","2","4","30","30","30","2015","","","","","","","","","","standalone","","Piatnik","German","2015","German edition"
"Dixit","39856","0","0","0","1","0","0","0","0","0","0","0","3","","57-3","","","","53483376","7.07177","7.1864","1.193","416","104843","thing","Dixit","3","6","30","30","30","2014","4,5,6","5,6","8+","No necessary in-game text","","","","","","standalone","","Gém Klub Kft.; Libellud","Hungarian","2014","Gém Klub Hungarian edition 2014"
"Dixit","39856","0","0","0","1","0","0","0","0","0","0","0","3","","13-4
*","","","","118549460","7.07177","7.1864","1.193","416","104843","thing","Dixit","3","6","30","30","30","2022","4,5,6","5,6","8+","No necessary in-game text","","","","","","standalone","","ADC Blackfire Entertainment; Gém Klub Kft.; Libellud; Rebel Sp. z o.o.","Czech; Hungarian; Polish; Slovak","2022","Czech/Slovak/Polish/Hungarian edition"
"Dixit: Disney Edition","381308","0","0","0","1","0","0","0","0","0","0","0","3","","13-4","","","","111656045","6.24582","7.3895","1.1","2011","6143","thing","Dixit: Disney Edition","3","6","30","30","30","2023","3,4,5,6","5,6","5+","No necessary in-game text","","","","","","standalone","","Gém Klub Kft.; Libellud","Hungarian","2023","Hungarian edition"
"Dixit: Odyssey","92828","0","0","0","1","0","0","0","0","0","0","0","3","","13-4
*","","","","53483356","7.15079","7.38459","1.1637","342","34016","thing","Dixit: Odyssey","3","12","30","30","30","2014","4,5,6,7,8,9,10,11,12","6","8+","No necessary in-game text","","","","","","standalone","","Gém Klub Kft.; Libellud","Hungarian","2014","Gém Klub Kft. Hungarian first edition"
"Dobble","63268","0","0","0","1","0","0","0","0","0","0","0","3","","07-3","","","","53756787","6.36733","6.53218","1.0388","1633","47896","thing","Spot it!","2","8","15","15","15","2009","2,3,4,5,6,7","4,5","4+","No necessary in-game text","","","","","","standalone","","Gém Klub Kft.","Hungarian","0","Hungarian first edition"
"Dobble Connect","381429","0","0","0","1","0","0","0","0","0","0","0","3","","07-3","","","","109031453","5.59562","6.23074","1.1429","9394","847","thing","Dobble Connect","2","8","15","15","15","2023","2,3,4,6","3","6+","No necessary in-game text","","","","","","standalone","","Gém Klub Kft.","Hungarian","2023","Hungarian edition"
"Dobble Harry Potter","63268","0","0","0","1","0","0","0","0","0","0","0","3","","07-3","","","","97177237","6.36733","6.53218","1.0388","1633","47896","thing","Spot it!","2","8","15","15","15","2019","2,3,4,5,6,7","4,5","4+","No necessary in-game text","","","","","","standalone","","asmodee","English; Hungarian","2019","Asmodee English edition"
"Dobble Hollywood","63268","0","0","0","1","0","0","0","0","0","0","0","3","","07-3","","","","53756814","6.36733","6.53218","1.0388","1633","47896","thing","Spot it!","2","8","15","15","15","2015","2,3,4,5,6,7","4,5","4+","No necessary in-game text","","","","","","standalone","","asmodee","German","2015","German edition 2015"
"Dobble Jégvarázs II","63268","0","0","0","1","0","0","0","0","0","0","0","3","","07-3","","","","97177536","6.36733","6.53218","1.0388","1633","47896","thing","Spot it!","2","8","15","15","15","2009","2,3,4,5,6,7","4,5","4+","No necessary in-game text","","","","","","standalone","","asmodee","Hungarian","0","Hungarian edition"
"Dobble Marvel","63268","0","0","0","1","0","0","0","0","0","0","0","3","","07-2","","","","135696155","6.36733","6.53218","1.0388","1633","47896","thing","Spot it!","2","8","15","15","15","2021","2,3,4,5,6,7","4,5","4+","No necessary in-game text","","","","","","standalone","","Zygomatic","English","2021","English edition 2021"
"Dobble Star Wars: Mandalorian","63268","0","0","0","1","0","0","0","0","0","0","0","3","","07-3","","","","128004064","6.36733","6.53218","1.0388","1633","47896","thing","Spot it!","2","8","15","15","15","2022","2,3,4,5,6,7","4,5","4+","No necessary in-game text","","","","","","standalone","","Zygomatic","German","2022","German edition"
"Dobble: Star Wars","63268","0","0","0","1","0","0","0","0","0","0","0","3","","07-3","","","","53756807","6.36733","6.53218","1.0388","1633","47896","thing","Spot it!","2","8","15","15","15","2016","2,3,4,5,6,7","4,5","4+","No necessary in-game text","","","","","","standalone","","asmodee","German","2016","Asmodee German edition"
"Dobj egy sárgát!","429963","0","0","0","1","0","0","0","0","0","0","0","3","","08-3","","","","135696623","5.50402","5.86111","1","23817","220","thing","Texas Hold It","2","6","15","15","10","2025","4,5,6","5","","","","","","","","standalone","","Gém Klub Kft.","Hungarian","2025","Hungarian edition"
"Dock","315531","0","0","0","1","0","0","0","0","0","0","0","3","","17-4","","","","88178735","0","5.60714","0","0","56","thing","Dock","1","10","45","45","20","2020","","","","","","","","","","standalone","","Cogitate Games","English; Hungarian","2020","Multilingual edition"
"Dog Lover","344839","0","0","0","1","0","0","0","0","0","0","0","3","","04-4","","","","105487394","5.94553","6.71894","1.8333","3455","2689","thing","Dog Lover","2","4","30","30","30","2022","2,3,4","2","10+","Moderate in-game text - needs crib sheet or paste ups","","","","","","standalone","","Reflexshop","Hungarian","2022","Hungarian edition"
"Dog Park","331401","0","0","0","1","0","0","0","0","0","0","0","3","","02-5","","","","113318325","6.314","6.89537","2.1679","1789","8399","thing","Dog Park","1","4","80","80","40","2022","1,2,3,4","3,4","10+","Moderate in-game text - needs crib sheet or paste ups","","","","","","standalone","","Birdwood Games","English","2022","English edition"
"Dog Park: New Tricks","381242","0","0","0","1","0","0","0","0","0","0","0","3","","02-5","","","","128494471","5.61031","7.46285","2.2857","0","1619","thing","Dog Park: New Tricks","1","5","90","90","50","2024","1,3,4,5","1,3","8+","Moderate in-game text - needs crib sheet or paste ups","","","","","","expansion","","Birdwood Games","English","2024","English edition"
"Dolmen","161921","0","0","0","1","0","0","0","0","0","0","0","3","","78-3","","","","124413366","5.58383","6.79967","2.5714","10104","283","thing","Dolmen","2","4","30","30","30","2015","3,4","4","10+","No necessary in-game text","","","","","","standalone","","eggertspiele","English; German","2015","English/German edition"
"Dominant Species","62219","0","0","0","1","0","0","0","0","0","0","0","3","","83-3","","","","118647258","7.5595","7.80465","4.0408","108","24376","thing","Dominant Species","2","6","240","240","120","2010","3,4,5,6","4","14+","Moderate in-game text - needs crib sheet or paste ups","","","","","","standalone","","GMT Games","English","2010","English edition, first printing"
"Dominion","36218","0","0","0","1","0","0","0","0","0","0","0","3","","58-3","","","","53483422","7.47516","7.59725","2.3456","142","127951","thing","Dominion","2","4","30","30","30","2009","2,3,4","3","10+","Moderate in-game text - needs crib sheet or paste ups","","","","","","standalone","","Gém Klub Kft.","Hungarian","2009","Hungarian edition"
"Dorfromantik: A társasjáték","370591","0","0","0","1","0","0","0","0","0","0","0","3","","59-2","","","","111401224","7.15425","7.60643","1.6434","337","21828","thing","Dorfromantik: The Board Game","1","6","60","60","30","2023","1,2,3","1,2","6+","Some necessary text - easily memorized or small crib sheet","","","","","","standalone","","Gém Klub Kft.","Hungarian","2023","Hungarian edition"
"Dorfromantik: Párbaj","395364","0","0","0","1","0","0","0","0","0","0","0","3","","51-3","","","","137116270","5.78913","6.99701","1.8462","4825","2321","thing","Dorfromantik: The Duel","2","2","45","45","30","2024","2","2","8+","Some necessary text - easily memorized or small crib sheet","","","","","","standalone","","Gém Klub Kft.","Hungarian","2024","Hungarian edition"
"DOS","246701","0","0","0","1","0","0","0","0","0","0","0","3","","06-3","","","","55944810","5.19419","4.84767","1.4","29566","6950","thing","DOS","2","4","45","45","30","2018","3,4","3","6+","No necessary in-game text","","","","","","standalone","","Mattel, Inc.","English","2018","English edition"
"Double Six Dominoes","2394","0","0","0","1","0","0","0","0","0","0","0","3","","18-1","","","","53784415","5.49033","5.55507","1.3654","26801","17397","thing","Dominoes","2","10","30","30","30","1500","2,3,4","4","5+","No necessary in-game text","","","","","","standalone","","Wood Expressions","English","0","Wood Expressions edition"
"Downforce","215311","0","0","0","1","0","0","0","0","0","0","0","3","","27-2","","","","55033222","7.0025","7.26307","1.7321","483","20067","thing","Downforce","2","6","40","40","20","2018","2,3,4,5,6","3,6","8+","Some necessary text - easily memorized or small crib sheet","","","","","","standalone","","Reflexshop","Hungarian","2018","Hungarian edition"
"Drachenland","3208","0","0","0","1","0","0","0","0","0","0","0","3","","II. ","","","","53483536","5.717","6.26574","1.8349","5831","1691","thing","Dragonland","2","4","45","45","45","2002","2,3,4","3,4","8+","No necessary in-game text","","","","","","standalone","","Ravensburger","German","2002","Ravensburger German edition"
"Draft & Write Records","350185","0","0","0","1","0","0","0","0","0","0","0","3","","65-2","","","","126594404","6.25093","7.3082","2.2297","1985","2264","thing","Draft & Write Records","1","6","60","60","30","2024","1,2,3,4,5,6","3,4","10+","No necessary in-game text","","","","","","standalone","","Inside Up Games","English","2024","English edition"
"Draftosaurus","264055","0","0","0","1","0","0","0","0","0","0","0","3","","28-3","","","","84988017","6.859","7.08562","1.2534","664","26694","thing","Draftosaurus","2","5","15","15","15","2020","2,3,4,5","4","6+","No necessary in-game text","","","","","","standalone","","Ankama; Reflexshop","Hungarian","2020","Hungarian edition"
"Dragomino: Sárkánytojások nyomában","300010","0","0","0","1","0","0","0","0","0","0","0","3","","58-1","","","","89785105","6.33135","7.04214","1.0632","1736","6815","thing","Dragomino","2","4","15","15","15","2020","2,3,4","3,4","4–12","No necessary in-game text","","","","","","standalone","","Gém Klub Kft.","Hungarian","2020","Hungarian edition"
"The Dragon & Flagon","193840","0","0","0","1","0","0","0","0","0","0","0","3","","61-1","","","","53766175","5.83282","6.38592","2.375","4364","2460","thing","The Dragon & Flagon","2","8","60","60","60","2016","4,5,6,7,8","6","10+","Moderate in-game text - needs crib sheet or paste ups","","","","","","standalone","","Stronghold Games","English","2016","English edition"
"Dragon Chess","23724","0","0","0","1","0","0","0","0","0","0","0","3","","18-1","","","","53766874","5.52043","7.21667","0","18765","78","thing","Dragon Chess","2","2","30","30","30","2011","2","2","8+","No necessary in-game text","","","","","","standalone","","Dohánytoys","Hungarian","2011","Hungarian edition"
"Dragon Valley","157083","0","0","0","1","0","0","0","0","0","0","0","3","","21-3","","","","67535889","5.48475","5.28017","1.125","27494","365","thing","Dragon Valley","2","4","20","20","20","2014","2,3,4","2,3","6+","No necessary in-game text","","","","","","standalone","","Queen Games","English; German","2014","English/German first edition"
"Dragonquest: A Fantasy Dice Game","359127","0","0","0","1","0","0","0","0","0","0","0","3","","32-2","","","","128502587","5.51114","6.01377","1.25","21629","281","thing","Dragonquest: A Fantasy Dice Game","1","4","40","40","30","2022","1,2,3,4","1,2,3","10+","No necessary in-game text","","","","","","standalone","","Queen Games","Dutch; English; French; German","2022","Multilingual edition"
"Drunter & Drüber","19","0","0","0","1","0","0","0","0","0","0","0","3","","58-4","","","","100907091","5.85376","6.2736","1.8155","4165","3894","thing","Wacky Wacky West","2","4","45","45","30","1991","3,4","4","8+","Some necessary text - easily memorized or small crib sheet","","","","","","standalone","","Hans im Glück","German","1991","German second edition"
"Duck & Cover","422019","0","0","0","1","0","0","0","0","0","0","0","3","","04-5","","","","125929285","5.92543","6.56261","1.0256","3595","2931","thing","Duck & Cover","2","7","20","20","15","2025","2,3,4,5,6,7","4,6","6+","No necessary in-game text","","","","","","standalone","","Captain Games","Dutch; English; French","2025","English/French/Dutch edition"
"Duck & Cover: Artist Pack","430300","0","0","0","1","0","0","0","0","0","0","0","3","","04-5","","","","133238561","5.5369","8.08571","1","0","249","thing","Duck & Cover: Artist Pack","8","9","0","0","0","2024","","","8+","","","","","","","expansion","","Captain Games","English; French","2024","English/French edition 2024"
"Dudab","165414","0","0","0","1","0","0","0","0","0","0","0","3","","06-1","","","","53483556","5.497","5.41613","1.5","25575","170","thing","Dudab","2","6","30","30","30","2014","2,3,4,5,6","4","8+","No necessary in-game text","","","","","","standalone","","A-games (Board Game)","English; German; Hungarian","2014","Multilingual first edition"
"Dudab Buba","257595","0","0","0","1","0","0","0","0","0","0","0","3","","06-1","","","","60617459","0","4.9","1","0","36","thing","Dudab Buba","2","6","30","30","15","2018","","","","","","","","","","standalone","","A-games (Board Game); Delta Vision Publishing","English; German; Hungarian","2018","English/German/Hungarian edition"
"Duel for Cardia","447243","0","0","0","1","0","0","0","0","0","0","0","3","","56-3
*III","","","","135864297","6.37131","7.55747","1.7708","1624","3903","thing","Duel for Cardia","2","2","15","15","15","2025","2","2","10+","Moderate in-game text - needs crib sheet or paste ups","","","","","","standalone","","Piatnik","Hungarian","2025","Hungarian edition"
"Duel for Cardia: Ceremonia Promo Card","451441","0","0","0","1","0","0","0","0","0","0","0","3","","56-3
*III","","","","137583653","0","7.47222","0","0","330","thing","Duel for Cardia: Ceremonia Promo Card","2","2","15","15","15","2025","","","","","","","","","","expansion","","","","",""
"Dűlőre jutunk","412527","0","0","0","1","0","0","0","0","0","0","0","3","","70-4","","","","117502336","5.54842","7.768","2.1429","13148","182","thing","Dűlőre jutunk","1","4","40","40","30","2024","1,2,3,4","2,3,4","6+","No necessary in-game text","","","","","","standalone","","Gém Klub Kft.","Hungarian","2024","Hungarian edition"
"Dűne: Impérium","316554","0","0","0","1","0","0","0","0","0","0","0","3","","76-2","","","","94862192","8.22223","8.41358","3.0716","6","74331","thing","Dune: Imperium","1","4","120","120","60","2022","1,2,3,4","3,4","12+","Moderate in-game text - needs crib sheet or paste ups","","","","","","standalone","","Dire Wolf; Reflexshop","Hungarian","2022","Hungarian edition"
"Dűne: Impérium – Felkelés","397598","0","0","0","1","0","0","0","0","0","0","0","3","","76-2","","","","120341744","8.18813","8.70249","3.5093","9","23771","thing","Dune: Imperium – Uprising","1","6","120","120","60","2024","1,2,3,4,6","4","12+","Moderate in-game text - needs crib sheet or paste ups","","","","","","standalone","","Reflexshop","Hungarian","2024","Hungarian edition"
"Dungeon Petz","97207","0","0","0","1","0","0","0","0","0","0","0","3","","83-3","","","","53767291","7.12341","7.38661","3.6307","362","20697","thing","Dungeon Petz","2","4","90","90","90","2011","2,3,4","4","12+","No necessary in-game text","","","","","","standalone","","Czech Games Edition; Z-Man Games","English","2011","English edition 2011"
"DUOS","338006","0","0","0","1","0","0","0","0","0","0","0","3","","09-4","","","","111402251","5.55857","6.87542","1.3333","12038","236","thing","DUOS","2","6","45","45","15","2022","3,4,5,6","4","8+","No necessary in-game text","","","","","","standalone","","","","",""
"Duplán okos húzás!","269210","0","0","0","1","0","0","0","0","0","0","0","3","","17-5","","","","98599598","7.03914","7.42286","2.2745","448","18850","thing","Twice as Clever!","1","4","30","30","30","2022","1,2,3,4","2","10+","No necessary in-game text","","","","","","standalone","","Compaya.hu: Gamer Café Kft.","Hungarian","2022","Hungarian edition"
"E.T. The Extra-Terrestrial: Light Years From Home Game","355772","0","0","0","1","0","0","0","0","0","0","0","3","","25-1","","","","124662311","5.74368","6.79286","2","5397","2951","thing","E.T. The Extra-Terrestrial: Light Years From Home Game","2","4","30","30","30","2022","1,2,3,4","2","8+","Some necessary text - easily memorized or small crib sheet","","","","","","standalone","","Funko Games","English","2022","English edition"
"Ébredés","332772","0","0","0","1","0","0","0","0","0","0","0","3","","75-3","","","","107912162","7.61933","8.08016","3.4578","89","17018","thing","Revive","1","4","120","120","90","2023","1,2,3,4","3","14+","Some necessary text - easily memorized or small crib sheet","","","","","","standalone","","Gém Klub Kft.","Hungarian","2023","Hungarian edition"
"Ébredő erdő","328479","0","0","0","1","0","0","0","0","0","0","0","3","","62-4","","","","88478445","6.79712","7.23309","2.2125","741","12905","thing","Living Forest","1","4","40","40","40","2021","2,3,4","3","10+","No necessary in-game text","","","","","","standalone","","Gém Klub Kft.","Hungarian","2021","Hungarian edition"
"Edo","113636","0","0","0","1","0","0","0","0","0","0","0","3","","75-1","","","","53483564","6.17035","7.02078","2.9643","2297","2849","thing","Edo","2","4","60","60","60","2012","2,3,4","4","12+","No necessary in-game text","","","","","","standalone","","Queen Games","Dutch; English; French; German; Spanish","2012","ENG/FRE/DUT/SPA/GER edition"
"Az égbolt vándorai","362986","0","0","0","1","0","0","0","0","0","0","0","3","","75-3","","","","108176762","6.53067","7.32627","2.6694","1220","6060","thing","Tribes of the Wind","2","5","90","90","40","2023","2,3,4","3","10+","No necessary in-game text","","","","","","standalone","","Gém Klub Kft.","Hungarian","2023","Hungarian edition"
"ego","39564","0","0","0","1","0","0","0","0","0","0","0","3","","09-3","","","","66159737","5.43893","5.29846","1","29187","1073","thing","ego","2","6","45","45","45","2007","3,4,5,6","4,5","14+","","","","","","","standalone","","Gém Klub Kft.","Hungarian","0","Hungarian edition"
"Egri Csillagok 1552","375445","0","0","0","1","0","0","0","0","0","0","0","3","","73-3","","","","105676022","0","6.28947","2","0","35","thing","Egri Csillagok 1552","4","6","120","120","60","2022","5","5","","Extensive use of text - massive conversion needed to be playable","","","","","","standalone","","Korona Games","Hungarian","2022","Hungarian edition"
"Egyszer volt...","357270","0","0","0","1","0","0","0","0","0","0","0","3","","13-5","","","","99844648","0","5.89286","1","0","33","thing","Egyszer volt...","2","5","60","60","45","2021","","","","","","","","","","standalone","","Libertine Books Kft.","Hungarian","2021","Hungarian edition"
"Eight-Minute Empire","131366","0","0","0","1","0","0","0","0","0","0","0","3","","02-2","","","","53881980","6.31663","6.54519","1.6267","1779","10772","thing","Eight-Minute Empire","2","5","20","20","8","2013","2,3,4,5","3,4","8+","No necessary in-game text","","","","","","standalone","","Red Raven Games","English","2013","English first edition"
"Einfach Genial Junior","32876","0","0","0","1","0","0","0","0","0","0","0","3","","23-2","","","","124447193","0","5.90909","1.5","0","55","thing","Einfach Genial Junior","1","4","30","30","30","2007","2,3,4","3","5+","No necessary in-game text","","","","","","standalone","","KOSMOS","German","2007","German edition"
"Einfach Genial: Reiseedition","22484","0","0","0","1","0","0","0","0","0","0","0","3","","53-3","","","","53882001","6.25481","7.09234","1.8545","1967","3047","thing","Ingenious: Travel Edition","2","2","30","30","30","2006","2","2","8+","No necessary in-game text","","","","","","standalone","","KOSMOS","German","2006","KOSMOS German edition 2006"
"Eiszeit","5767","0","0","0","1","0","0","0","0","0","0","0","3","","72-5","","","","58984294","5.68978","6.11966","2.3421","6363","2015","thing","Mammoth Hunters","3","5","90","90","90","2003","3,4,5","4","10+","Some necessary text - easily memorized or small crib sheet","","","","","","standalone","","alea; Ravensburger","German","2003","German edition"
"EladLak!","172","0","0","0","1","0","0","0","0","0","0","0","3","","06-1","","","","53764369","7.13742","7.26405","1.251","354","42666","thing","For Sale","3","6","30","30","30","2016","3,4,5,6","5","8+","No necessary in-game text","","","","","","standalone","","Compaya.hu: Gamer Café Kft.","Hungarian","2016","Hungarian edition"
"Elasund: The First City","19526","0","0","0","1","0","0","0","0","0","0","0","3","","73-2","","","","53482812","6.14008","6.58749","2.7255","2426","4626","thing","Elasund: The First City","2","4","90","90","60","2005","2,3,4","4","10+","No necessary in-game text","","","","","","standalone","","Catan GmbH; KOSMOS; Mayfair Games","English","2005","English edition"
"Elchfest","403","0","0","0","1","0","0","0","0","0","0","0","3","","54-2","","","","53765543","5.79509","6.16669","1.0484","4749","2453","thing","Elk Fest","2","2","15","15","15","1999","2","2","5+","No necessary in-game text","","","","","","standalone","","KOSMOS","German","1999","KOSMOS German edition"
"Elder Sign","100423","0","0","0","1","0","0","0","0","0","0","0","3","","61-1","","","","53767545","6.77954","6.96732","2.3441","772","43649","thing","Elder Sign","1","8","90","90","90","2012","1,2,3,4","4","12+","Some necessary text - easily memorized or small crib sheet","","","","","","standalone","","Fantasy Flight Games","English","2012","English edition 2012"
"Eldorádó legendája","217372","0","0","0","1","0","0","0","0","0","0","0","3","","33-2
*IV","","","","86804238","7.52654","7.70874","1.9425","120","50490","thing","The Quest for El Dorado","2","4","60","60","30","2020","2,3,4","2,4","8+","Some necessary text - easily memorized or small crib sheet","","","","","","standalone","","Reflexshop","Hungarian","2020","Hungarian edition"
"Eldorádó legendája: Az aranyváros templomai","271615","0","0","0","1","0","0","0","0","0","0","0","3","","33-2","","","","125139695","6.4909","7.63367","2.0263","1316","5488","thing","The Quest for El Dorado: The Golden Temples","2","4","60","60","30","2024","2,3,4","2,4","8+","Some necessary text - easily memorized or small crib sheet","","","","","","standalone","","Reflexshop","Hungarian","2024","Hungarian edition"
"Eldritch Horror","146021","0","0","0","1","0","0","0","0","0","0","0","3","","80-3","","","","53766121","7.49558","7.74344","3.3204","134","59089","thing","Eldritch Horror","1","8","240","240","120","2017","1,2,3,4,5","4","14+","Extensive use of text - massive conversion needed to be playable","","","","","","standalone","","Delta Vision Publishing; Fantasy Flight Games","Hungarian","2017","Hungarian edition"
"Az élet játéka","28609","0","0","0","1","0","0","0","0","0","0","0","3","","35-3","","","","103849255","5.51781","5.72698","1.3514","19500","1789","thing","The Game of Life: Twists & Turns","2","4","60","60","60","2007","2,3,4","4","8–18","Moderate in-game text - needs crib sheet or paste ups","","","","","","standalone","","Hasbro","Hungarian","0","Hungarian edition"
"Elfenland","10","0","0","0","1","0","0","0","0","0","0","0","3","","60-3","","","","53483631","6.42334","6.67467","2.1509","1488","11825","thing","Elfenland","2","6","60","60","60","1998","3,4,5,6","4","8+","No necessary in-game text","","","","","","standalone","","AMIGO","German","1998","German first edition"
"Az elhagyatott könyvtár","300023","0","0","0","1","0","0","0","0","0","0","0","3","","14-4","","","","118204389","5.53884","5.95737","1.8","14526","504","thing","Die verlassene Bibliothek","1","4","75","75","60","2020","1,2","2","10+","Moderate in-game text - needs crib sheet or paste ups","","","","","","standalone","","moses. Verlag GmbH; Reflexshop","Hungarian","2020","Hungarian edition"
"Eltűnt fajok nyomában","358557","0","0","0","1","0","0","0","0","0","0","0","3","","78-5","","","","129865651","6.48013","7.78282","3","1338","4566","thing","The Search for Lost Species","1","4","75","75","60","2024","1,2,3,4","2","12+","Extensive use of text - massive conversion needed to be playable","","","","","","standalone","","Gém Klub Kft.","Hungarian","2024","Hungarian edition"
"Elveszett Városok","50","0","0","0","1","0","0","0","0","0","0","0","3","","55-2","","","","53483641","7.14908","7.25435","1.4747","344","74116","thing","Lost Cities","2","2","30","30","30","2008","2","2","8+","No necessary in-game text","","","","","","standalone","","KOSMOS; Piatnik","Hungarian","2008","Hungarian edition"
"Elvetemült veteményes","302260","0","0","0","1","0","0","0","0","0","0","0","3","","03-4","","","","95420501","6.26865","6.58302","1.2568","1930","10198","thing","Abandon All Artichokes","2","4","20","20","20","2020","2,3,4","4","8+","Moderate in-game text - needs crib sheet or paste ups","","","","","","standalone","","Gamewright; Reflexshop","Hungarian","2020","Hungarian edition"
"Emberheart","452817","0","0","0","1","0","0","0","0","0","0","0","3","","77-4","","","","138531216","5.80236","7.50314","2.7143","4661","1449","thing","Emberheart","2","4","90","90","60","2025","2,3,4","4","10+","Moderate in-game text - needs crib sheet or paste ups","","","","","","standalone","","Mindclash Games","English","2025","English edition"
"Empires: Age of Discovery","173442","0","0","0","1","0","0","0","0","0","0","0","3","","75-3","","","","124140753","6.67251","7.82378","3.3125","942","3220","thing","Empires: Age of Discovery","2","6","150","150","50","2015","3,4,5,6","5","12+","Some necessary text - easily memorized or small crib sheet","","","","","","standalone","","Eagle-Gryphon Games","English; German","2015","English/German edition"
"Empires: Age of Discovery – Bonus Capital Buildings","185044","0","0","0","1","0","0","0","0","0","0","0","3","","75-3","","","","124140648","5.57728","7.76139","2.75","0","523","thing","Empires: Age of Discovery – Bonus Capital Buildings","2","6","150","150","50","2015","2,3,4,5,6","3,4,5,6","10+","Moderate in-game text - needs crib sheet or paste ups","","","","","","expansion","","Eagle-Gryphon Games","English","2015","English edition"
"Empires: Age of Discovery – World Variant Components","185041","0","0","0","1","0","0","0","0","0","0","0","3","","75-3","","","","124140736","5.55511","7.26438","2.8","0","593","thing","Empires: Age of Discovery – World Variant Components","2","6","150","150","50","2015","2,3,4,5,6","3,4,5,6","10+","","","","","","","expansion","","Eagle-Gryphon Games","English","2015","English edition"
"Enciklopédia","351526","0","0","0","1","0","0","0","0","0","0","0","3","","75-5","","","","102130313","6.49935","7.32822","3.0397","1295","6622","thing","Encyclopedia","1","4","120","120","60","2022","1,2,3,4","3","12+","No necessary in-game text","","","","","","standalone","","Gém Klub Kft.; Holy Grail Games","Hungarian","2022","Hungarian edition"
"Endeavor: Az ismeretlen vizek hódítói","233398","0","0","0","1","0","0","0","0","0","0","0","3","","76-3","","","","98923255","7.37114","7.8538","2.8491","195","12801","thing","Endeavor: Age of Sail","2","5","90","90","60","2022","2,3,4,5","4","12+","Some necessary text - easily memorized or small crib sheet","","","","","","standalone","","Reflexshop","Hungarian","2022","Hungarian edition"
"Építőmesterek: Középkor","144553","0","0","0","1","0","0","0","0","0","0","0","3","","04-3","","","","53483679","6.1369","6.4726","1.8198","2443","7016","thing","The Builders: Middle Ages","2","4","30","30","30","2014","2,3,4","2","10+","No necessary in-game text","","","","","","standalone","","Gém Klub Kft.","Hungarian","2014","Hungarian edition"
"Equinox","329450","0","0","0","1","0","0","0","0","0","0","0","3","","05-2","","","","88475825","6.06226","6.68954","2.0377","2786","4764","thing","Equinox","2","5","60","60","40","2021","2,3,4","3","10+","No necessary in-game text","","","","","","standalone","","Piatnik; Plan B Games","Hungarian","2021","Hungarian edition (Stag)"
"Az erdő","391163","0","0","0","1","0","0","0","0","0","0","0","3","","03-5","","","","111805080","7.42347","7.72873","2.1991","160","32065","thing","Forest Shuffle","2","5","60","60","40","2023","2,3,4","2","10+","Moderate in-game text - needs crib sheet or paste ups","","","","","","standalone","","Gém Klub Kft.","Hungarian","2023","Hungarian edition"
"Az erdő mélyén","376740","0","0","0","1","0","0","0","0","0","0","0","3","","78-5","","","","131248751","6.02516","7.04981","2.9","2969","3542","thing","Undergrove","1","4","75","75","60","2025","1,2,3,4","3","10+","Moderate in-game text - needs crib sheet or paste ups","","","","","","standalone","","Reflexshop","Hungarian","2025","Hungarian edition"
"Escape Tales: Children of Wyrmwoods","299800","0","0","0","1","0","0","0","0","0","0","0","3","","01-5","","","","136786365","5.84095","7.00984","2.5263","4279","2530","thing","Escape Tales: Children of Wyrmwoods","1","4","450","450","450","2020","1,2","2","12+","Extensive use of text - massive conversion needed to be playable","","","","","","standalone","","Board&Dice","English","2020","English edition"
"Escape Tales: Low Memory","282291","0","0","0","1","0","0","0","0","0","0","0","3","","01-5","","","","136786353","5.84018","6.61986","2.5","4286","2999","thing","Escape Tales: Low Memory","1","4","540","540","360","2019","1,2","2","14+","Extensive use of text - massive conversion needed to be playable","","","","","","standalone","","Board&Dice","English","2019","English edition"
"Escape Tales: The Awakening","253214","0","0","0","1","0","0","0","0","0","0","0","3","","01-5","","","","136786384","6.32468","7.00083","2.1311","1751","5600","thing","Escape Tales: The Awakening","1","4","360","360","180","2018","1,2,3","2","14+","Unplayable in another language","","","","","","standalone","","Board&Dice; Lockme","English","2018","English edition"
"Escape: A Templom átka","113294","0","0","0","1","0","0","0","0","0","0","0","3","","14-4","","","","54165046","6.75392","6.95018","1.478","808","22002","thing","Escape: The Curse of the Temple","1","5","10","10","10","2013","1,2,3,4,5","4","8+","No necessary in-game text","","","","","","standalone","","Queen Games","Czech; Hungarian; Slovak","2013","Czech/Hungarian/Slovak edition"
"Ethnos","206718","0","0","0","1","0","0","0","0","0","0","0","3","","63-4","","","","95396225","7.16851","7.45769","2.1118","326","16536","thing","Ethnos","2","6","60","60","45","2018","2,3,4,5,6","4","10+","Some necessary text - easily memorized or small crib sheet","","","","","","standalone","","Delta Vision Publishing","Hungarian","2018","Hungarian edition"
"Everdell: Az Örökfa Árnyékában","199792","0","0","0","1","0","0","0","0","0","0","0","3","","79-4
fa összerakva 79-5","","","","67828771","7.81633","7.99169","2.8271","41","99426","thing","Everdell","1","4","80","80","40","2019","1,2,3,4","3","10+","Extensive use of text - massive conversion needed to be playable","","","","","","standalone","","Gém Klub Kft.","Hungarian","2019","Hungarian edition"
"Everdell: Fagybérc","289056","0","0","0","1","0","0","0","0","0","0","0","3","","79-4","","","","86044748","7.22282","8.27772","2.9529","0","15212","thing","Everdell: Spirecrest","1","4","100","100","40","2021","1,2,3,4","2","12+","Moderate in-game text - needs crib sheet or paste ups","","","","","","expansion","","Gém Klub Kft.","Hungarian","2021","Hungarian edition"
"Everdell: Örökpart","394106","0","0","0","1","0","0","0","0","0","0","0","3","","79-5","","","","124878855","6.66122","7.84144","2.8235","962","6846","thing","Everdell Farshore","1","4","80","80","40","2024","1,2,3,4","2,3","10+","Extensive use of text - massive conversion needed to be playable","","","","","","standalone","","Gém Klub Kft.","Hungarian","2024","Hungarian edition"
"Evolúció","155703","0","0","0","1","0","0","0","0","0","0","0","3","","71-2","","","","53483723","6.79136","7.01218","2.4266","752","24752","thing","Evolution","2","6","60","60","60","2015","2,3,4,5,6","4","10+","Moderate in-game text - needs crib sheet or paste ups","","","","","","standalone","","Gém Klub Kft.; North Star Games, LLC","Hungarian","2015","Hungarian edition"
"Évszakok","108745","0","0","0","1","0","0","0","0","0","0","0","3","","77-4","","","","53767437","7.15331","7.33897","2.7832","340","31380","thing","Seasons","2","4","60","60","60","2013","2,3","2","12+","Extensive use of text - massive conversion needed to be playable","","","","","","standalone","","Gém Klub Kft.; Libellud","Hungarian","2013","Hungarian edition"
"EXIT: The Game – The Secret of the Premiere","206943","0","0","0","1","0","0","0","0","0","0","0","3","","61-5
*","","","","100171348","5.59052","6.602","1","9681","350","thing","EXIT: The Game – The Secret of the Premiere","1","6","45","45","20","2016","1,2,3,4","2","8+","","","","","","","standalone","","","","",""
"Exploding Kittens: 2-Player Edition","356226","0","0","0","1","0","0","0","0","0","0","0","3","","56-3","","","","113288101","5.57118","6.35125","1.1667","10960","1458","thing","Exploding Kittens: 2-Player Edition","2","2","20","20","20","2022","2","2","8+","Moderate in-game text - needs crib sheet or paste ups","","","","","","standalone","","Exploding Kittens","English","2022","English edition"
"Exploding Kittens: Original Edition","172225","0","0","0","1","0","0","0","0","0","0","0","3","","02-4","","","","53483761","5.88062","6.0659","1.08","3922","88303","thing","Exploding Kittens","2","5","15","15","15","2018","3,4,5","4,5","8+","Some necessary text - easily memorized or small crib sheet","","","","","","standalone","","Ad Magic, Inc. (AdMagic Games)","English","2018","AdMagic English v2.1 edition"
"Express 01","127798","0","0","0","1","0","0","0","0","0","0","0","3","","02-1","","","","53766995","5.45943","4.92857","2.9048","28860","407","thing","Express 01","2","4","60","60","60","2012","","2","","No necessary in-game text","","","","","","standalone","","eggertspiele","English; German","2012","English/German edition"
"Az Ezüst-tó kincse","40609","0","0","0","1","0","0","0","0","0","0","0","3","","35-2","","","","62229358","5.50797","6.04359","1.5","22615","159","thing","Az Ezüst-tó kincse","2","6","90","90","60","2016","2,3,4,6","4","8+","Moderate in-game text - needs crib sheet or paste ups","","","","","","standalone","","Retro Games Ltd","Hungarian","2016","Third edition"
"Ezüsthegy építészei","387514","0","0","0","1","0","0","0","0","0","0","0","3","","65-5","","","","128115217","6.49544","7.43581","2.1212","1304","4519","thing","Stonespine Architects","1","5","60","60","45","2024","1,2,3,4,5","4","8+","Some necessary text - easily memorized or small crib sheet","","","","","","standalone","","Gém Klub Kft.","Hungarian","2024","Hungarian edition"
"Ezüsthegy építészei: Források és oltárok","417101","0","0","0","1","0","0","0","0","0","0","0","3","","65-5","","","","128115293","5.59774","7.60741","2","0","920","thing","Stonespine Architects: Shrines and Fountains Mini Expansion","1","5","0","0","0","2024","1,2,3,4,5","2,3,4","10+","No necessary in-game text","","","","","","expansion","","Gém Klub Kft.","Hungarian","2024","Hungarian edition"
"Fado ház","373667","0","0","0","1","0","0","0","0","0","0","0","3","","75-4","","","","134567678","6.05107","7.61294","2.8158","2852","2110","thing","House of Fado","1","4","60","60","30","2025","2,3,4","4","12+","No necessary in-game text","","","","","","standalone","","Delta Vision Publishing","Hungarian","2025","Hungarian edition"
"A fák népe","423698","0","0","0","1","0","0","0","0","0","0","0","3","","30-4","","","","125624066","5.6","6.56803","2.1","9161","655","thing","Tree Society","2","4","45","45","30","2024","2,3,4","2","8+","Some necessary text - easily memorized or small crib sheet","","","","","","standalone","","Gém Klub Kft.","Hungarian","2024","Hungarian edition"
"Family Inc.","325382","0","0","0","1","0","0","0","0","0","0","0","3","","12-1","","","","83376826","5.67844","6.71499","1.1429","6627","546","thing","Family Inc.","2","7","10","10","10","2021","3,4,5,6,7","4,5","6+","No necessary in-game text","","","","","","standalone","","Piatnik","Czech; German; Hungarian; Slovak","2021","Multilingual edition"
"Faművesek","355093","0","0","0","1","0","0","0","0","0","0","0","3","","82-2","","","","107192639","6.97596","7.58872","3.8173","514","10217","thing","Woodcraft","1","4","120","120","60","2022","1,2,3,4","3","14+","No necessary in-game text","","","","","","standalone","","Gém Klub Kft.","Hungarian","2022","Hungarian edition"
"Fánkfaló fenevadak","246696","0","0","0","1","0","0","0","0","0","0","0","3","","06-3","","","","62943054","5.63493","6.58962","1.0909","7754","869","thing","Monster Match","2","6","10","10","10","2018","2,3,4,5,6","3,4,5","4–10","No necessary in-game text","","","","","","standalone","","Reflexshop","Hungarian","2018","Hungarian edition"
"Farkasok","368058","0","0","0","1","0","0","0","0","0","0","0","3","","79-4","","","","109710115","6.61865","7.26589","2.8239","1044","7648","thing","The Wolves","2","5","75","75","75","2023","2,3,4","3","12+","Some necessary text - easily memorized or small crib sheet","","","","","","standalone","","Vagabund","Hungarian","2023","Hungarian edition"
"Fedőnevek","178900","0","0","0","1","0","0","0","0","0","0","0","3","","09-5
60-2","","","","53756258","7.43367","7.52923","1.2572","159","173141","thing","Codenames","2","8","15","15","15","2016","4,5,6,7,8","6,8","10+","Unplayable in another language","","","","","","standalone","","Gém Klub Kft.","Hungarian","2016","Hungarian second edition with Spiel des Jahres award"
"Fedőnevek Disney","220775","0","0","0","1","0","0","0","0","0","0","0","3","","09-5","","","","85198509","6.12515","6.58643","1.2286","2497","11118","thing","Codenames: Disney – Family Edition","2","8","15","15","15","2021","4,5,6,7,8","6","6+","No necessary in-game text","","","","","","standalone","","Gém Klub Kft.","Hungarian","2021","Hungarian edition"
"Fedőnevek: Képekkel","198773","0","0","0","1","0","0","0","0","0","0","0","3","","09-5","","","","53756312","7.00199","7.17991","1.2398","484","43918","thing","Codenames: Pictures","2","8","15","15","15","2017","4,5,6,7,8","6","8+","No necessary in-game text","","","","","","standalone","","Czech Games Edition; Gém Klub Kft.","Hungarian","2017","Hungarian edition"
"Fedőnevek: Négyszemközt","224037","0","0","0","1","0","0","0","0","0","0","0","3","","50-3","","","","93762422","7.24017","7.41453","1.3581","269","53766","thing","Codenames: Duet","2","2","30","30","15","2017","2","2","12+","Unplayable in another language","","","","","","standalone","","Gém Klub Kft.","Hungarian","2017","Hungarian edition"
"A fehér várkastély","371942","0","0","0","1","0","0","0","0","0","0","0","3","","76-4","","","","119250466","7.66605","7.98966","3.0512","76","34355","thing","The White Castle","1","4","80","80","80","2024","1,2,3,4","3","12+","No necessary in-game text","","","","","","standalone","","Reflexshop","Hungarian","2024","Hungarian edition"
"Fekete történetek","18803","0","0","0","1","0","0","0","0","0","0","0","3","","14-5","","","","122459922","5.80687","5.98965","1.2569","4601","10384","thing","Black Stories","2","99","20","20","20","2018","3,4,5,6,7,8,9,10,11","4,5,6","12+","Extensive use of text - massive conversion needed to be playable","","","","","","standalone","","Reflexshop","Hungarian","2018","Hungarian edition"
"Fekete történetek 2","20750","0","0","0","1","0","0","0","0","0","0","0","3","","14-5","","","","56697202","5.7305","6.14954","1.2083","5621","3712","thing","Black Stories 2","2","15","20","20","20","2018","2,3,4,5,6,7,8,9,10","5,6","12+","Extensive use of text - massive conversion needed to be playable","","","","","","standalone","","Reflexshop","Hungarian","2018","Hungarian edition"
"Fekete történetek 4","41311","0","0","0","1","0","0","0","0","0","0","0","3","","14-5","","","","127707447","5.54825","6.00088","1.1667","13174","883","thing","Black Stories 4","2","15","45","45","45","2020","3,4,5,6,7,8,9,10","4","12+","Extensive use of text - massive conversion needed to be playable","","","","","","standalone","","Reflexshop","Hungarian","2020","Hungarian edition"
"Fekete történetek: És mégis lapos a Föld...","357871","0","0","0","1","0","0","0","0","0","0","0","3","","14-5","","","","127707474","0","7.03333","1","0","62","thing","Black Stories: Carefull Conspiracy","2","99","222","222","2","2023","","","","","","","","","","standalone","","Reflexshop","Hungarian","2023","Hungarian edition"
"Felhők tengere","189052","0","0","0","1","0","0","0","0","0","0","0","3","","32-2","","","","128797874","6.07111","6.62662","1.7097","2746","4832","thing","Sea of Clouds","2","4","45","45","45","2017","2,3,4","4","8+","Moderate in-game text - needs crib sheet or paste ups","","","","","","standalone","","Reflexshop","Hungarian","2017","Hungarian edition"
"Felhőváros","313963","0","0","0","1","0","0","0","0","0","0","0","3","","29-5","","","","86804003","5.87736","6.44747","1.2745","3943","2572","thing","Cloud City","2","4","60","60","30","2021","2,3,4","2","6+","No necessary in-game text","","","","","","standalone","","Gém Klub Kft.","Hungarian","2021","Hungarian edition"
"Fényes díszek","432944","0","0","0","1","0","0","0","0","0","0","0","3","","05-4","","","","126486916","0","7.27321","1.3333","0","62","thing","Fényes díszek","1","6","35","35","25","2024","2,3,4","3,4","","","","","","","","standalone","","Private Moon Studios","Hungarian","2024","Hungarian edition"
"Fesztáv","266192","0","0","0","1","0","0","0","0","0","0","0","3","","62-4","","","","61216145","7.85559","8.00735","2.4751","38","171145","thing","Wingspan","1","5","70","70","40","2019","1,2,3,4","3","10+","Extensive use of text - massive conversion needed to be playable","","","","","","standalone","","Delta Vision Publishing; Stonemaier Games","Hungarian","2019","Hungarian edition"
"Fesztáv: Európai Madarak","290448","0","0","0","1","0","0","0","0","0","0","0","3","","62-4","","","","95191902","7.92703","8.32854","2.4269","0","59099","thing","Wingspan: European Expansion","1","5","70","70","40","2019","1,2,3,4,5","3","10+","Extensive use of text - massive conversion needed to be playable","","","","","","expansion","","Delta Vision Publishing","Hungarian","2019","Hungarian edition"
"Fiesta de los Muertos","285253","0","0","0","1","0","0","0","0","0","0","0","3","","10-4","","","","109031750","6.12382","6.9812","1.1","2502","3466","thing","Fiesta de los Muertos","4","8","15","15","15","2023","4,5,6,7,8","6,7,8","10+","Moderate in-game text - needs crib sheet or paste ups","","","","","","standalone","","Gém Klub Kft.","Hungarian","2023","Hungarian edition"
"FIGUR FIGLE","258314","0","0","0","1","0","0","0","0","0","0","0","3","","23-4","","","","128497718","0","6.79167","0","0","24","thing","Go Figure","2","6","30","30","15","2019","","","","","","","","","","standalone","","Granna","Polish","2019","Polish edition"
"Finca","40628","0","0","0","1","0","0","0","0","0","0","0","3","","30-4","","","","53571534","6.71055","7.06966","2.069","874","8491","thing","Finca","2","5","45","45","45","2010","2,3,4","2","8+","No necessary in-game text","","","","","","standalone","","Piatnik","Hungarian","2010","Hungarian edition"
"Find the Source","370687","0","0","0","1","0","0","0","0","0","0","0","3","","76-2","","","","113279684","5.56761","7.26912","2.6","11261","469","thing","Find the Source","1","3","30","30","10","2023","1,2,3","1","8+","Moderate in-game text - needs crib sheet or paste ups","","","","","","standalone","","Animus Magnus Games","English","2023","English edition"
"Firkafutam","334379","0","0","0","1","0","0","0","0","0","0","0","3","","11-2","","","","109031519","5.98119","7.30526","1","3223","1556","thing","Doodle Dash","3","7","20","20","15","2023","4,5,6,7","5,6,7","8+","Moderate in-game text - needs crib sheet or paste ups","","","","","","standalone","","Chilifox Games; Gém Klub Kft.","Hungarian","2023","Hungarian edition"
"Firkaland","136991","0","0","0","1","0","0","0","0","0","0","0","3","","11-2","","","","53571540","6.50737","6.86588","1.1875","1276","10577","thing","Loony Quest","2","5","30","30","20","2015","2,3,4,5","4","6+","No necessary in-game text","","","","","","standalone","","Gém Klub Kft.; Libellud","Hungarian","2015","Hungarian edition"
"First Class: Unterwegs im Orient Express","206941","0","0","0","1","0","0","0","0","0","0","0","3","","77-2","","","","58419886","6.86379","7.40715","2.7931","656","7623","thing","First Class: All Aboard the Orient Express!","2","4","80","80","40","2016","2,3,4","4","10+","No necessary in-game text","","","","","","standalone","","Hans im Glück","German","2016","German edition"
"Five Tribes: The Djinns of Naqala","157354","0","0","0","1","0","0","0","0","0","0","0","3","","77-4","","","","53571564","7.61097","7.76491","2.8378","93","58437","thing","Five Tribes: The Djinns of Naqala","2","4","80","80","40","2014","2,3,4","2","12+","No necessary in-game text","","","","","","standalone","","Days of Wonder","English","2014","English (European) first edition"
"Flamme Rouge","199478","0","0","0","1","0","0","0","0","0","0","0","3","","27-2","","","","58988076","7.21915","7.47929","1.6992","284","25043","thing","Flamme Rouge","2","4","45","45","30","2018","2,3,4","4","8+","No necessary in-game text","","","","","","standalone","","Reflexshop","Hungarian","2018","Hungarian edition"
"Flamme Rouge: Peloton","229941","0","0","0","1","0","0","0","0","0","0","0","3","","27-2","","","","56697161","6.97487","8.08358","1.8333","0","10253","thing","Flamme Rouge: Peloton","1","12","45","45","30","2018","1,2,3,4,5,6","4","8+","No necessary in-game text","","","","","","expansion","","Reflexshop","Hungarian","2018","Hungarian edition"
"Flash Point: Fire Rescue","100901","0","0","0","1","0","0","0","0","0","0","0","3","","63-1","","","","53665670","6.97179","7.14789","2.1976","523","40316","thing","Flash Point: Fire Rescue","2","6","45","45","45","2012","1,2,3,4,5,6","4","8+","Some necessary text - easily memorized or small crib sheet","","","","","","standalone","","Indie Boards & Cards","English","2012","English second edition, first printing"
"Fleet","121297","0","0","0","1","0","0","0","0","0","0","0","3","","03-2","","","","53665837","6.41955","6.82206","2.2392","1497","7030","thing","Fleet","2","4","45","45","30","2015","2,3,4","4","10+","Some necessary text - easily memorized or small crib sheet","","","","","","standalone","","Eagle-Gryphon Games","Dutch; French; German","2015","Multilingual first edition"
"Fliegende Teppiche","109936","0","0","0","1","0","0","0","0","0","0","0","3","","04-2","","","","133399412","5.51167","5.85959","1.1667","21455","167","thing","Fliegende Teppiche","2","4","30","30","30","2011","2,3,4","3","8+","No necessary in-game text","","","","","","standalone","","Adlung-Spiele","English; French; German; Spanish","2011","English/French/German/Spanish edition"
"Flugreisespiel","111811","0","0","0","1","0","0","0","0","0","0","0","3","","21-1","","","","53571577","0","5.2","1","0","30","thing","Flugreisespiel","2","4","30","30","30","1990","3,4","4","6+","","","","","","","standalone","","Espenlaub","German","1990","Second edition"
"Fluxx","258","0","0","0","1","0","0","0","0","0","0","0","3","","06-4","","","","130240341","5.56283","5.67929","1.3882","11661","32621","thing","Fluxx","2","6","30","30","5","1997","2,3,4,5,6","4","8+","Extensive use of text - massive conversion needed to be playable","","","","","","standalone","","","","",""
"Focus","789","0","0","0","1","0","0","0","0","0","0","0","3","","60-4","","","","92648700","5.76232","6.48134","2.3836","5151","1775","thing","Focus","2","4","45","45","45","1995","2,3,4","2,4","8+","No necessary in-game text","","","","","","standalone","","KOSMOS","German","1995","KOSMOS German edition"
"Fogda szappant!","236360","0","0","0","1","0","0","0","0","0","0","0","3","","08-3","","","","119582691","5.4845","5.56872","1.0526","27520","1266","thing","Don't Drop the Soap","3","6","15","15","5","2021","3,4,5,6","4,5","18+","Moderate in-game text - needs crib sheet or paste ups","","","","","","standalone","","Reflexshop","Hungarian","2021","Hungarian edition"
"A Föld","350184","0","0","0","1","0","0","0","0","0","0","0","3","","78-4","","","","106127535","7.35642","7.62874","2.9044","202","32368","thing","Earth","1","5","90","90","45","2023","1,2,3,4","2,3","12+","Moderate in-game text - needs crib sheet or paste ups","","","","","","standalone","","Gém Klub Kft.","Hungarian","2023","Hungarian edition"
"Föld a láthatáron: Szellemek szigete","367498","0","0","0","1","0","0","0","0","0","0","0","3","","84-4","","","","117263713","6.98002","8.13407","3.5303","508","11720","thing","Horizons of Spirit Island","1","3","120","120","90","2023","1,2,3","2","14+","Extensive use of text - massive conversion needed to be playable","","","","","","standalone","","Gém Klub Kft.","Hungarian","2023","Hungarian edition"
"Föld és Víz","336929","0","0","0","1","0","0","0","0","0","0","0","3","","54-4","","","","102917094","6.34289","7.07375","1.7368","1703","6234","thing","Land vs Sea","2","4","40","40","40","2022","2,3,4","2","8+","No necessary in-game text","","","","","","standalone","","Vagabund","Hungarian","2022","Hungarian edition"
"Folytassa őrmester úr!","261317","0","0","0","1","0","0","0","0","0","0","0","3","","35-2","","","","55977635","0","0","0","0","3","thing","Folytassa őrmester úr!","2","4","90","90","60","0","","","","","","","","","","standalone","","(Unknown)","Hungarian","0","Hungarian edition"
"Footballiser","316383","0","0","0","1","0","0","0","0","0","0","0","3","","13-5","","","","91376849","0","6.14286","2","0","9","thing","Footballiser","2","6","90","90","45","2020","2,3,4,5,6","2,3","8+","Moderate in-game text - needs crib sheet or paste ups","","","","","","standalone","","Footballiser Kft.","English","2020","English edition"
"Forever Home","385999","0","0","0","1","0","0","0","0","0","0","0","3","","71-3","","","","113319109","5.82824","6.68588","1.8214","4399","1797","thing","Forever Home","1","5","45","45","20","2023","1,2,3,4,5","2","8+","No necessary in-game text","","","","","","standalone","","Birdwood Games","English","2023","English edition"
"Forgenesis","381023","0","0","0","1","0","0","0","0","0","0","0","3","","50-1","","","","125866202","5.52551","6.32922","2","17333","401","thing","Forgenesis","2","2","15","15","5","2024","2","2","12+","","","","","","","standalone","","ThunderGryph Games","English","2024","English edition"
"Forró nyomon","370444","0","0","0","1","0","0","0","0","0","0","0","3","","09-4","","","","125823212","5.70099","6.97889","1.1","6140","574","thing","Hard to Get","2","12","15","15","15","2024","2,3,4,5,6,7,8,9","5,6","10","Extensive use of text - massive conversion needed to be playable","","","","","","standalone","","Gém Klub Kft.","Hungarian","2024","Hungarian edition"
"The Fox in the Forest","221965","0","0","0","1","0","0","0","0","0","0","0","3","","56-3","","","","68820464","6.8616","7.06239","1.6","661","37459","thing","The Fox in the Forest","2","2","30","30","30","2017","2","2","10+","Some necessary text - easily memorized or small crib sheet","","","","","","standalone","","Foxtrot Games; Renegade Game Studios","English","2017","English first edition"
"Foxy","359318","0","0","0","1","0","0","0","0","0","0","0","3","","15-5","","","","115133633","5.8226","7.15713","1","4444","1312","thing","Foxy","1","5","15","15","15","2022","1,2,3,4,5","2,3,4,5","8+","No necessary in-game text","","","","","","standalone","","","","",""
"Framework: Egy keret a világ!","353152","0","0","0","1","0","0","0","0","0","0","0","3","","28-2","","","","92645228","6.11801","7.01469","1.7778","2532","1890","thing","Framework","1","4","30","30","30","2022","1,2,3,4","2","8+","No necessary in-game text","","","","","","standalone","","Compaya.hu: Gamer Café Kft.; Edition Spielwiese","Hungarian","2022","Hungarian edition"
"Freeze Factory","327075","0","0","0","1","0","0","0","0","0","0","0","3","","25-2","","","","84245637","5.51228","6.43015","1","21237","68","thing","Freeze Factory","2","4","35","35","25","2021","","","4–14","","","","","","","standalone","","Piatnik","Czech; French; German; Hungarian; Polish; Slovak; Spanish","2021","Multilingual edition"
"Frenetikus forgatás","298102","0","0","0","1","0","0","0","0","0","0","0","3","","65-2","","","","105211410","6.4575","7.39794","2.2133","1398","5472","thing","Roll Camera!: The Filmmaking Board Game","1","6","90","90","45","2023","1,2,3,4","3","10+","Extensive use of text - massive conversion needed to be playable","","","","","","standalone","","Reflexshop","Hungarian","2023","Hungarian edition"
"Fresco","66188","0","0","0","1","0","0","0","0","0","0","0","3","","74-1","","","","53571607","6.97418","7.24108","2.6389","517","16641","thing","Fresco","2","4","60","60","60","2011","2,3,4","4","10+","No necessary in-game text","","","","","","standalone","","Piatnik; Queen Games","Czech; Hungarian; Slovak","2011","East-European edition 2011"
"Fröccs","321506","0","0","0","1","0","0","0","0","0","0","0","3","","05-5
*","","","","83375472","5.6189","6.73277","1.52","8327","842","thing","Fröccs","2","6","30","30","30","2020","2,3,4,5,6","3,4","10+","Some necessary text - easily memorized or small crib sheet","","","","","","standalone","","Gém Klub Kft.","Hungarian","2020","Hungarian edition"
"Frui10","249191","0","0","0","1","0","0","0","0","0","0","0","3","","07-5","","","","55678164","0","5.71429","1","0","15","thing","Frui10","2","5","20","20","7","2015","2,3","2","","","","","","","","standalone","","The Brainy Band","English","2015","English edition"
"Fruit Mix","164590","0","0","0","1","0","0","0","0","0","0","0","3","","03-4
*","","","","108824156","5.54805","6.45663","1.5","13203","337","thing","GYÜMI","1","6","25","25","25","2016","3,4,5,6","4,5","6+","No necessary in-game text","","","","","","standalone","","Piatnik","Czech; Dutch; French; German; Hungarian; Italian; Polish; Slovak","2016","Multilingual first edition"
"Fungi","122298","0","0","0","1","0","0","0","0","0","0","0","3","","56-2
*","","","","96450338","6.6583","6.97757","1.7383","968","18828","thing","Morels","2","2","30","30","30","2022","2","2","10+","No necessary in-game text","","","","","","standalone","","Compaya.hu: Gamer Café Kft.; Pegasus Spiele","Hungarian","2022","Hungarian edition"
"FUSE","171273","0","0","0","1","0","0","0","0","0","0","0","3","","17-1
*","","","","109940894","6.67252","6.9911","1.6608","941","13742","thing","FUSE","1","5","10","10","10","2015","1,2,3,4,5","4","8+","No necessary in-game text","","","","","","standalone","","Renegade Game Studios","English","2015","English first edition"
"Fűszerkert","195314","0","0","0","1","0","0","0","0","0","0","0","3","","03-5","","","","91629063","6.5563","6.99428","1.2105","1163","11727","thing","Herbaceous","1","4","20","20","15","2021","1,2,3,4","4","6+","No necessary in-game text","","","","","","standalone","","Granna","Hungarian","2021","Hungarian edition"
"Gaia projekt","220308","0","0","0","1","0","0","0","0","0","0","0","3","","82-4","","","","87043403","8.09138","8.356","4.4012","13","37402","thing","Gaia Project","1","4","150","150","60","2018","1,2,3,4","3,4","14+","No necessary in-game text","","","","","","standalone","","Reflexshop","Hungarian","2018","Hungarian edition"
"Galaxis Roncsderbi","31481","0","0","0","1","0","0","0","0","0","0","0","3","","67-1","","","","53571613","7.18931","7.32699","2.3292","310","39675","thing","Galaxy Trucker","2","4","60","60","60","2008","2,3,4","4","10+","Some necessary text - easily memorized or small crib sheet","","","","","","standalone","","Playgo Hungary","Hungarian","2008","Hungarian edition"
"Galileo Galilei","393333","0","0","0","1","0","0","0","0","0","0","0","3","","75-2","","","","134010615","6.51253","7.59184","3.0202","1260","4146","thing","Galileo Galilei","1","4","100","100","50","2025","1,2,3,4","3","12+","No necessary in-game text","","","","","","standalone","","Vagabund","Hungarian","2025","Hungarian edition"
"Game of Golf","19760","0","0","0","1","0","0","0","0","0","0","0","3","","I. ","","","","53764463","0","3.66667","1","0","17","thing","Game of Golf","2","4","10","10","10","2004","","","","","","","","","","standalone","","Channel Craft","English","2004","English edition"
"A Game of Thrones: The Board Game (Second Edition)","103343","0","0","0","1","0","0","0","0","0","0","0","3","","84-1","","","","53929726","7.30653","7.53057","3.7374","229","51754","thing","A Game of Thrones: The Board Game (Second Edition)","3","6","240","240","120","2011","4,5,6","6","14+","Some necessary text - easily memorized or small crib sheet","","","","","","standalone","","Fantasy Flight Games","English","2011","English edition"
"The Gang","411567","0","0","0","1","0","0","0","0","0","0","0","3","","05-1","","","","135863812","6.97974","7.57039","1.54","510","11347","thing","The Gang","3","6","20","20","20","2024","4,5,6","5","12+","Some necessary text - easily memorized or small crib sheet","","","","","","standalone","","","","",""
"Ganz Schön Clever","244522","0","0","0","1","0","0","0","0","0","0","0","3","","17-5
*IV","","","","62811851","7.3667","7.55637","1.8562","197","44855","thing","That's Pretty Clever!","1","4","30","30","30","2019","1,2,3,4","2","8+","No necessary in-game text","","","","","","standalone","","Compaya.hu: Gamer Café Kft.","Hungarian","2019","Hungarian edition"
"Garden Rush","327082","0","0","0","1","0","0","0","0","0","0","0","3","","54-4","","","","134572462","5.60301","6.5022","1.4444","9022","410","thing","Garden Rush","2","2","30","30","30","2025","2","2","8+","No necessary in-game text","","","","","","standalone","","Gém Klub Kft.","Hungarian","2025","Hungarian edition"
"Gazdálkodj Okosan!","18686","0","0","0","1","0","0","0","0","0","0","0","3","","36-1","","","","53571642","5.34334","4.52795","1.2692","29489","592","thing","Gazdálkodj Okosan!","2","7","45","45","45","2011","2,3,4,5","4","5–16","Moderate in-game text - needs crib sheet or paste ups","","","","","","standalone","","REGIO Játék","Hungarian","2011","Régió játék edition"
"Das Geheimnis der Pyramiden","8295","0","0","0","1","0","0","0","0","0","0","0","3","","22-3
II.","","","","53783552","5.47193","5.12129","1.0909","28430","526","thing","Secrets of the Pyramids","2","4","15","15","15","2000","2,3","2","5+","","","","","","","standalone","","Ravensburger","German","2000","German edition"
"Geistertreppe","12346","0","0","0","1","0","0","0","0","0","0","0","3","","60-1","","","","60746682","5.90748","6.41889","1.0935","3721","3596","thing","Spooky Stairs","2","4","15","15","10","2009","3,4","4","4+","No necessary in-game text","","","","","","standalone","","Drei Magier Spiele","English; French; German; Italian","2009","Drei Magier edition 2009 with KdJ"
"Genial Connections","9674","0","0","0","1","0","0","0","0","0","0","0","3","","18-3","","","","124414286","6.89354","7.09958","1.906","620","23216","thing","Ingenious","1","4","45","45","30","2004","2,3,4","2","8+","No necessary in-game text","","","","","","standalone","","Piatnik","Czech; Hungarian","0","Piatnik Czech and Hungarian edition"
"Gépregény","274093","0","0","0","1","0","0","0","0","0","0","0","3","","26-1","","","","66458636","6.08258","7.1183","1.8333","2689","2545","thing","Quirky Circuits","2","4","30","30","15","2019","2,3,4","3,4","8+","Some necessary text - easily memorized or small crib sheet","","","","","","standalone","","Gém Klub Kft.; Plaid Hat Games","Hungarian","2019","Hungarian edition"
"Get on Board: New York & London","347013","0","0","0","1","0","0","0","0","0","0","0","3","","34-3","","","","105487975","6.3513","6.94976","1.8906","1675","6011","thing","Get on Board: New York & London","2","5","30","30","30","2022","2,3,4,5","3","8+","No necessary in-game text","","","","","","standalone","","IELLO; Reflexshop","Hungarian","2022","Reflexshop Hungarian Edition"
"Get Salty","419317","0","0","0","1","0","0","0","0","0","0","0","3","","53-1","","","","127896942","5.50713","5.79658","2","22909","261","thing","Get Salty","2","2","30","30","15","2023","","","","","","","","","","standalone","","ThunderGryph Games","English","2023","English edition"
"Ghost Castle","1613","0","0","0","1","0","0","0","0","0","0","0","3","","24-1","","","","54454701","5.43957","5.44428","1.1064","29182","3171","thing","Ghost Castle","2","4","45","45","45","1990","2,3,4","4","5–12","No necessary in-game text","","","","","","standalone","","Milton Bradley","Hungarian","1990","MB Hungarian edition"
"Gingerbread House","258444","0","0","0","1","0","0","0","0","0","0","0","3","","27-1","","","","111668153","6.3318","6.98868","1.8571","1734","5604","thing","Gingerbread House","2","4","30","30","30","2018","2,3,4","3","8+","Some necessary text - easily memorized or small crib sheet","","","","","","standalone","","Lookout Games","English","2018","English edition"
"Gloomy Graves","293556","0","0","0","1","0","0","0","0","0","0","0","3","","26-4","","","","89986569","5.60374","6.55297","1.6364","8991","781","thing","Gloomy Graves","2","4","45","45","30","2020","2,3,4","3","8+","No necessary in-game text","","","","","","standalone","","Renegade Game Studios","English","2020","English edition"
"Glüx","207207","0","0","0","1","0","0","0","0","0","0","0","3","","18-5","","","","124692669","6.12983","7.06712","1.5946","2480","2152","thing","Glüx","2","4","45","45","30","2016","2,3,4","4","8+","No necessary in-game text","","","","","","standalone","","Queen Games","English; German","2016","English/German edition"
"Go & Gobang","11929","0","0","0","1","0","0","0","0","0","0","0","3","","52-1","","","","57761532","5.61959","5.99569","1.8382","8292","684","thing","Go-Moku","2","2","5","5","5","1987","2","2","6+","No necessary in-game text","","","","","","standalone","","Otto Maier Verlag","Dutch; French; German; Italian","1987","Ravensburger multilingual edition 1987"
"Go! Doggy Go!","347511","0","0","0","1","0","0","0","0","0","0","0","3","","20-3","","","","113313974","0","3.34211","1","0","32","thing","Go! Doggy Go!","2","4","15","15","15","2021","4","4","4–6","","","","","","","standalone","","Piatnik","Czech; French; German; Hungarian; Polish; Russian; Slovak","2021","German edition"
"Goddam Dilema","378354","0","0","0","1","0","0","0","0","0","0","0","3","","08-5","","","","119613056","5.49133","5.14928","1","26654","170","thing","Goddam Dilema","2","10","20","20","20","2023","3,4,5,6,7,8","4,5","","Unplayable in another language","","","","","","standalone","","","","",""
"Gold Nuggets","141337","0","0","0","1","0","0","0","0","0","0","0","3","","16-2","","","","53571677","5.51815","5.93167","1.2","19405","184","thing","Gold Nuggets","2","5","20","20","20","2013","2,3,4","2,3","6+","No necessary in-game text","","","","","","standalone","","Piatnik","Czech; French; German; Hungarian; Italian; Polish; Slovak","2013","First edition"
"Golden Horn Erweiterung Dominio Da Mar","176841","0","0","0","1","0","0","0","0","0","0","0","3","","33-4","","","","88479151","0","6.575","1","0","130","thing","Golden Horn Erweiterung Dominio Da Mar","2","4","60","60","45","2015","","","","","","","","","","expansion","","Piatnik","Czech; Dutch; English; French; German; Greek; Hungarian; Italian; Polish; Slovak","2015","Multilingual edition"
"Golden Horn: Von Venedig nach Konstantinopel","134626","0","0","0","1","0","0","0","0","0","0","0","3","","33-4","","","","53571700","5.60999","6.40211","1.6111","8720","732","thing","Golden Horn: Von Venedig nach Konstantinopel","2","4","45","45","45","2013","2,3,4","4","8+","No necessary in-game text","","","","","","standalone","","Piatnik","German","2013","German edition"
"Gombászás az elvarázsolt erdőben","307380","0","0","0","1","0","0","0","0","0","0","0","3","","23-4","","","","98749107","0","4.1875","1","0","14","thing","Granna Mushrooming in The Magic Forest","2","4","0","0","0","2017","2,3,4","4","4–6","","","","","","","standalone","","Granna","Hungarian","2017","Hungarian edition"
"Good friends?","514","0","0","0","1","0","0","0","0","0","0","0","3","","35-3","","","","54217259","5.61454","6.09182","1.1395","8495","1353","thing","True Colors","3","6","30","30","30","1989","4,5,6","6","16+","Extensive use of text - massive conversion needed to be playable","","","","","","standalone","","Piatnik","Hungarian","0","Hungarian edition"
"Gorus Maximus","253756","0","0","0","1","0","0","0","0","0","0","0","3","","03-1","","","","68144809","5.77417","6.36423","1.4091","4999","2427","thing","Gorus Maximus","1","8","45","45","20","2018","1,3,4,5,6,8","6","10+","No necessary in-game text","","","","","","standalone","","Inside Up Games","English","2018","English regular edition"
"Grand Dog Park","254029","0","0","0","1","0","0","0","0","0","0","0","3","","04-4","","","","66155989","5.51065","6.26882","1.25","21786","190","thing","Grand Dog Park","2","6","30","30","15","2018","2","2","6–8","","","","","","","standalone","","Cogitate Games","English; French; German; Hungarian; Italian; Spanish","2018","Base edition"
"Grand Prix","573","0","0","0","1","0","0","0","0","0","0","0","3","","II. ","","","","67532345","5.53332","6.387","1.3636","15524","229","thing","Grand Prix","3","6","60","60","60","1975","3,4,5,6","5,6","10+","No necessary in-game text","","","","","","standalone","","Otto Maier Verlag","Dutch; English; French; German; Italian","1975","Ravensburger multilingual edition"
"El Grande","93","0","0","0","1","0","0","0","0","0","0","0","3","","57-4","","","","88307857","7.58879","7.76649","2.9373","99","34007","thing","El Grande","2","5","120","120","60","1996","3,4,5","5","12+","Moderate in-game text - needs crib sheet or paste ups","","","","","","standalone","","Hans im Glück","German","1996","Hans im Glück German edition with SdJ"
"El Grande","93","0","0","0","1","0","0","0","0","0","0","0","3","","76-1","","","","122153819","7.58879","7.76649","2.9373","99","34007","thing","El Grande","2","5","120","120","60","2024","3,4,5","5","12+","Moderate in-game text - needs crib sheet or paste ups","","","","","","standalone","","Gém Klub Kft.","Hungarian","2024","Hungarian edition"
"Grimslingers","173018","0","0","0","1","0","0","0","0","0","0","0","3","","02-5","","","","128693855","5.67724","6.21685","2.7391","6657","3406","thing","Grimslingers","1","6","90","90","15","2017","1,2,3,4","1,2","12+","Unplayable in another language","","","","","","standalone","","Greenbrier Games","English","2017","Third edition"
"Grund","287895","0","0","0","1","0","0","0","0","0","0","0","3","","68-2","","","","68520163","5.51937","6.39231","2.5","19058","100","thing","Grund","2","4","60","60","45","2019","4","3,4","","No necessary in-game text","","","","","","standalone","","A-games (Board Game); Delta Vision Publishing","English; Hungarian","2019","English/Hungarian edition"
"Guess Who? Cars 2","4143","0","0","0","1","0","0","0","0","0","0","0","3","","35-3","","","","136784849","4.94887","4.84758","1.0911","29596","13544","thing","Guess Who?","2","2","20","20","20","2011","2","2","4–12","No necessary in-game text","","","","","","standalone","","Hasbro","English","2011","Hasbro English edition 2011"
"Guinness World Records: Challenges","257947","0","0","0","1","0","0","0","0","0","0","0","3","","15-2","","","","66458655","0","4.5","1","0","46","thing","Guinness World Records: Challenges","2","5","0","0","0","2018","","","","","","","","","","standalone","","","","",""
"Gulyás","372882","0","0","0","1","0","0","0","0","0","0","0","3","","27-1","","","","116287277","0","7.36364","2","0","21","thing","Gulyás","2","4","30","30","15","2022","","","","","","","","","","standalone","","(Self-Published)","Hungarian","2022","Hungarian edition"
"Gumikacsák","422019","0","0","0","1","0","0","0","0","0","0","0","3","","04-5","","","","133238103","5.92543","6.56261","1.0256","3595","2931","thing","Duck & Cover","2","7","20","20","15","2025","2,3,4,5,6,7","4,6","6+","No necessary in-game text","","","","","","standalone","","Gém Klub Kft.","Hungarian","2025","Hungarian edition"
"Gumikacsák: Művész csomag","430300","0","0","0","1","0","0","0","0","0","0","0","3","","04-5","","","","133238603","5.5369","8.08571","1","0","249","thing","Duck & Cover: Artist Pack","8","9","0","0","0","2025","","","8+","","","","","","","expansion","","Gém Klub Kft.","Hungarian","2025","Hungarian edition"
"Gyémántvadászok","15512","0","0","0","1","0","0","0","0","0","0","0","3","","13-2","","","","76147874","6.70707","6.84598","1.1155","883","31724","thing","Diamant","3","8","40","40","20","2020","3,4,5,6,7,8","6,7,8","6+","No necessary in-game text","","","","","","standalone","","Compaya.hu: Gamer Café Kft.; IELLO","Hungarian","2020","Hungarian edition"
"GYÜMI","164590","0","0","0","1","0","0","0","0","0","0","0","3","","03-4","","","","53571743","5.54805","6.45663","1.5","13203","337","thing","GYÜMI","1","6","25","25","25","2014","3,4,5,6","4,5","6+","No necessary in-game text","","","","","","standalone","","Vagabund","Hungarian","2014","Hungarian first edition"
"GYÜMI Géniusz","176678","0","0","0","1","0","0","0","0","0","0","0","3","","03-4","","","","62380754","5.55391","6.82","2.1667","12499","295","thing","Fruit Passion","1","5","25","25","25","2015","1,2,3,4,5","3,4","6+","No necessary in-game text","","","","","","standalone","","Vagabund","Hungarian","2015","Hungarian edition"
"Hab-Dich-Lieb Bärchis Regenbogenspiel","55552","0","0","0","1","0","0","0","0","0","0","0","3","","20-1","","","","98753651","0","5.5","0","0","4","thing","Troetelbeertjes Regenboogspel","2","4","15","15","15","1985","","","","","","","","","","standalone","","Parker Spiele","German","1985","Parker German edition"
"Hadara","269144","0","0","0","1","0","0","0","0","0","0","0","3","","72-4","","","","59640161","6.94227","7.38547","2.2087","562","9442","thing","Hadara","2","5","60","60","45","2019","2,3,4,5","4,5","10+","No necessary in-game text","","","","","","standalone","","Piatnik","Hungarian","2019","Hungarian first edition"
"Hagakure","293836","0","0","0","1","0","0","0","0","0","0","0","3","","05-2","","","","127895754","5.55223","6.20057","1.125","12697","710","thing","Hagakure","3","5","25","25","25","2020","3,4,5","5","10+","No necessary in-game text","","","","","","standalone","","Studio H","English","2020","English edition"
"Hajdanvölgy mítosza","271055","0","0","0","1","0","0","0","0","0","0","0","3","","80-5","","","","129488042","7.52091","8.11969","3.244","123","12153","thing","Dwellings of Eldervale","1","5","150","150","60","2020","1,2,3,4,5","3","12+","Moderate in-game text - needs crib sheet or paste ups","","","","","","standalone","","Reflexshop","Hungarian","0","Hungarian edition"
"A Hajsza","376223","0","0","0","1","0","0","0","0","0","0","0","3","","56-4","","","","110598150","5.84191","6.98441","2.2667","4269","2215","thing","The Hunt","2","2","45","45","20","2023","2","2","14+","Extensive use of text - massive conversion needed to be playable","","","","","","standalone","","Vagabund","Hungarian","2023","Hungarian edition"
"Halfogócska","8203","0","0","0","1","0","0","0","0","0","0","0","3","","25-4","","","","67647449","6.57492","6.70048","1.446","1131","29820","thing","Hey, That's My Fish!","2","4","20","20","20","2014","2,3,4","3","6+","No necessary in-game text","","","","","","standalone","","Fantasy Flight Games; Granna","Hungarian","2014","Granna Hungarian edition 2014"
"Hallatlan","359893","0","0","0","1","0","0","0","0","0","0","0","3","","13-3
*","","","","112026471","5.9174","6.73759","1","3653","3382","thing","Sounds Fishy","4","10","30","30","30","2023","5,6,7,8,9,10","6,7,8,9","10+","Extensive use of text - massive conversion needed to be playable","","","","","","standalone","","Reflexshop","Hungarian","2023","Hungarian edition"
"Halli Galli","2944","0","0","0","1","0","0","0","0","0","0","0","3","","03-4","","","","99706191","5.62984","5.79984","1.015","7927","6974","thing","Halli Galli","2","6","10","10","10","1990","3,4,5,6","4,5","6+","No necessary in-game text","","","","","","standalone","","AMIGO; Piatnik","Hungarian","0","Piatnik Hungarian metal box edition"
"Halloween","374585","0","0","0","1","0","0","0","0","0","0","0","3","","08-1","","","","110297814","0","5.44444","2","0","27","thing","Halloween","2","8","30","30","20","2022","6","6","","","","","","","","standalone","","Korona Games","Hungarian","2022","Hungarian edition"
"Hamupipőke","308572","0","0","0","1","0","0","0","0","0","0","0","3","","22-4","","","","86043051","5.49594","5.51042","0","25809","138","thing","Cinderella","1","4","20","20","10","2019","","","3–6","","","","","","","standalone","","Granna","Hungarian","0","Hungarian edition"
"Hanabi","98778","0","0","0","1","0","0","0","0","0","0","0","3","","06-3","","","","53571768","6.92393","7.03084","1.6917","583","88371","thing","Hanabi","2","5","25","25","25","2014","2,3,4,5","4","10+","No necessary in-game text","","","","","","standalone","","Les 12 Singes; Cocktail Games; Gém Klub Kft.","Hungarian","2014","Hungarian edition"
"Hanabi","98778","0","0","0","1","0","0","0","0","0","0","0","3","","57-3","","","","53698206","6.92393","7.03084","1.6917","583","88371","thing","Hanabi","2","5","25","25","25","2012","2,3,4,5","4","10+","No necessary in-game text","","","","","","standalone","","ABACUSSPIELE","German","2012","German first edition"
"Hanamikoji","158600","0","0","0","1","0","0","0","0","0","0","0","3","","56-2","","","","58154109","7.22783","7.45575","1.6771","275","34117","thing","Hanamikoji","2","2","15","15","15","2017","2","2","8+","No necessary in-game text","","","","","","standalone","","EmperorS4; Reflexshop","Hungarian","2017","Hungarian edition"
"Die Händler","348","0","0","0","1","0","0","0","0","0","0","0","3","","75-1","","","","53767323","5.96448","6.73374","3.0131","3325","2568","thing","Merchants of the Middle Ages","2","4","120","120","120","1999","3,4","4","12+","Moderate in-game text - needs crib sheet or paste ups","","","","","","standalone","","Queen Games","German","1999","Queen German edition"
"Hangman","5314","0","0","0","1","0","0","0","0","0","0","0","3","","16-3","","","","55157071","5.06501","4.28635","1.1013","29587","1659","thing","Hangman","2","2","10","10","10","1990","2","2","6–14","No necessary in-game text","","","","","","standalone","","Hasbro","Hungarian","1990","Hasbro Hungarian edition"
"Hangok a fejemben","354254","0","0","0","1","0","0","0","0","0","0","0","3","","13-5","","","","92645710","5.63264","6.35175","1.9091","7822","1236","thing","Voices in my Head","3","6","120","120","60","2022","4,5,6","6","8+","Moderate in-game text - needs crib sheet or paste ups","","","","","","standalone","","Gém Klub Kft.; Unexpected Games","Hungarian","2022","Hungarian edition"
"Happy City","319793","0","0","0","1","0","0","0","0","0","0","0","3","","29-6
*IV","","","","84849665","6.0536","6.58581","1.2787","2838","4609","thing","Happy City","2","5","30","30","20","2021","2,3,4,5","3,4","8+","Some necessary text - easily memorized or small crib sheet","","","","","","standalone","","Reflexshop","Hungarian","2021","Hungarian edition"
"Happy Fox","392809","0","0","0","1","0","0","0","0","0","0","0","3","","24-4","","","","117295940","5.50599","5.88936","1","23229","146","thing","Boo to the Goose","2","5","15","15","15","2023","2,3,4,5","3","5+","","","","","","","standalone","","Piatnik","Czech; French; German; Hungarian; Slovak","2023","Multilingual edition"
"Happy Salmon","194626","0","0","0","1","0","0","0","0","0","0","0","3","","02-4","","","","53759250","6.32822","6.65548","1.0625","1740","15983","thing","Happy Salmon","3","8","2","2","2","2021","4,5,6,7,8","5,6","5+","Some necessary text - easily memorized or small crib sheet","","","","","","standalone","","Exploding Kittens","English","2021","English ""Exploding Kittens"" edition"
"Harmónia","414317","0","0","0","1","0","0","0","0","0","0","0","3","","71-4","","","","118871213","7.70794","8.02334","2.0136","67","38350","thing","Harmonies","1","4","45","45","30","2024","1,2,3,4","2,3","8+","No necessary in-game text","","","","","","standalone","","Gém Klub Kft.; Libellud","Hungarian","2024","Hungarian edition"
"A három kismalac","135649","0","0","0","1","0","0","0","0","0","0","0","3","","20-2","","","","60746626","5.90352","6.41344","1.1857","3761","3685","thing","Tales & Games: The Three Little Pigs","2","5","20","20","20","2014","2,3,4,5","4","5+","No necessary in-game text","","","","","","standalone","","Delta Vision Publishing","Hungarian","2014","Hungarian edition"
"Harry Potter: A halálfalók felemelkedése","283211","0","0","0","1","0","0","0","0","0","0","0","3","","63-3","","","","96769903","5.92814","6.89463","2.3333","3575","3373","thing","Harry Potter: Death Eaters Rising","2","4","90","90","45","2020","2,3","3","10+","Moderate in-game text - needs crib sheet or paste ups","","","","","","standalone","","Reflexshop","Hungarian","2020","Hungarian edition"
"Harry Potter: Roxforti Csata","199042","0","0","0","1","0","0","0","0","0","0","0","3","","63-3","","","","100218043","7.05945","7.34612","2.0879","430","44161","thing","Harry Potter: Hogwarts Battle","2","4","60","60","30","2019","2,3,4","2,4","8+","Moderate in-game text - needs crib sheet or paste ups","","","","","","standalone","","The Op Games; Reflexshop","Hungarian","2019","Hungarian edition"
"Hase und Igel","361","0","0","0","1","0","0","0","0","0","0","0","3","","60-4","","","","88242747","6.24734","6.62399","1.9223","2006","7761","thing","Hare & Tortoise","2","6","45","45","45","1985","3,4,5,6","4,5","8+","Some necessary text - easily memorized or small crib sheet","","","","","","standalone","","Otto Maier Verlag","German","1985","Ravensburger German cassette edition 1985"
"Heat: Padlógáz","366013","0","0","0","1","0","0","0","0","0","0","0","3","","67-1","","","","106280974","7.79378","8.00631","2.2023","45","53754","thing","Heat: Pedal to the Metal","1","6","60","60","30","2023","1,2,3,4,5,6","5,6","8+","No necessary in-game text","","","","","","standalone","","Days of Wonder; Gém Klub Kft.","Hungarian","2023","Hungarian edition"
"Hedbanz for Kids","23049","0","0","0","1","0","0","0","0","0","0","0","3","","22-1","","","","90311268","5.46012","5.33213","1","28845","2000","thing","Hedbanz for Kids","2","6","30","30","30","0","2,3,4,5,6","3,4,5","5+","No necessary in-game text","","","","","","standalone","","","","",""
"Hedgehog's Revenge!","12837","0","0","0","1","0","0","0","0","0","0","0","3","","20-1","","","","53785123","5.4737","3.62857","1","28348","98","thing","Hedgehog's Revenge!","2","12","60","60","60","1980","2","2","10–16","Unplayable in another language","","","","","","standalone","","BV Leisure Ltd","English","0","BV Leisure edition"
"Heimlich & Co.","382","0","0","0","1","0","0","0","0","0","0","0","3","","59-4","","","","53571805","6.10717","6.47029","1.4794","2576","6931","thing","Heimlich & Co.","2","7","30","30","30","1986","3,4,5,6,7","4,5","8+","No necessary in-game text","","","","","","standalone","","Otto Maier Verlag","German","1986","German second edition"
"Hellapagos","224272","0","0","0","1","0","0","0","0","0","0","0","3","","14-3","","","","54738409","6.11992","6.57167","1.3516","2521","7976","thing","Hellapagos","3","12","20","20","20","2017","5,6,7,8,9,10,11,12","7,8,9","12+","Some necessary text - easily memorized or small crib sheet","","","","","","standalone","","Gém Klub Kft.","Hungarian","2017","Hungarian edition"
"Helsinki","363351","0","0","0","1","0","0","0","0","0","0","0","3","","32-3","","","","99360538","5.57668","6.35932","1.8571","10551","408","thing","Helsinki","2","4","45","45","45","2022","","","Up to 8","No necessary in-game text","","","","","","standalone","","Queen Games","Hungarian","2022","Hungarian edition"
"Helsinki: Expansion 1","366636","0","0","0","1","0","0","0","0","0","0","0","3","","32-3","","","","113315470","0","6.71765","0","0","157","thing","Helsinki: Expansion 1","2","4","45","45","45","2022","","","","","","","","","","expansion","","Queen Games","English","2022","English edition"
"HerbaLexikon","342743","0","0","0","1","0","0","0","0","0","0","0","3","","03-4","","","","96456703","0","0","0","0","1","thing","HerbaLexikon","1","11","30","30","10","2020","","","","","","","","","","standalone","","(Self-Published)","Hungarian","2020","Hungarian edition"
"A Herceg Nyer!","373787","0","0","0","1","0","0","0","0","0","0","0","3","","25-3","","","","111655687","5.53085","7.1963","2","16040","135","thing","A Herceg Nyer!","1","5","30","30","30","2022","2,3,4,5","4","8+","Some necessary text - easily memorized or small crib sheet","","","","","","standalone","","Pagony játék","Hungarian","2022","Hungarian Edition"
"Hexentanz","2087","0","0","0","1","0","0","0","0","0","0","0","3","","I. ","","","","60750518","5.55274","5.77524","1.4483","12632","1637","thing","Magic Dance","3","6","45","45","45","1988","3,4,5,6","4,5","6+","No necessary in-game text","","","","","","standalone","","F.X. Schmid","German","1988","German first 'red box' edition"
"Hexpanse","204143","0","0","0","1","0","0","0","0","0","0","0","3","","69-4","","","","85197961","5.55302","6.43963","2.25","12596","591","thing","Hexpanse","2","4","60","60","30","2017","2,4","2","10+","No necessary in-game text","","","","","","standalone","","Korona Games","English","2017","English Captain edition"
"Hey! That's My Fish!","8203","0","0","0","1","0","0","0","0","0","0","0","3","","30-1","","","","93418244","6.57492","6.70048","1.446","1131","29820","thing","Hey, That's My Fish!","2","4","20","20","20","2005","2,3,4","3","6+","No necessary in-game text","","","","","","standalone","","Mayfair Games; Phalanx Games B.V.","English","2005","Mayfair English edition 2005"
"Hidden Stones","302280","0","0","0","1","0","0","0","0","0","0","0","3","","19-5","","","","119275994","6.02111","6.51161","1.1964","2985","4601","thing","Shifting Stones","1","5","20","20","20","2024","1,2,3,4","2","8+","No necessary in-game text","","","","","","standalone","","Piatnik","German; Hungarian","2024","German/Hungarian edition"
"Hímes tojások","439190","0","0","0","1","0","0","0","0","0","0","0","3","","05-4","","","","131439464","0","7.15385","1.5","0","26","thing","Hímes tojások","1","6","25","25","25","2025","3,4","3","","","","","","","","standalone","","Private Moon Studios","Hungarian","2025","Hungarian edition"
"Hiúzz egyet!","153065","0","0","0","1","0","0","0","0","0","0","0","3","","04-2","","","","128003451","6.55778","6.99781","1.3875","1160","9990","thing","Linko","2","5","20","20","20","2024","3,4,5","4","8+","No necessary in-game text","","","","","","standalone","","AMIGO; Reflexshop","Hungarian","2024","Hungarian edition"
"Hívatlan haverok","336622","0","0","0","1","0","0","0","0","0","0","0","3","","06-5
*","","","","95420537","5.61142","6.4017","1.2","8654","1694","thing","Wrong Party","2","5","60","60","30","2021","4,5","5","10+","No necessary in-game text","","","","","","standalone","","Reflexshop","Hungarian","0","Hungarian edition"
"Hive","2655","0","0","0","1","0","0","0","0","0","0","0","3","","53-1
*III","","","","53571823","7.16966","7.3174","2.3149","325","56422","thing","Hive","2","2","20","20","20","2017","2","2","8+","No necessary in-game text","","","","","","standalone","","Reflexshop","Hungarian","2017","Hungarian edition"
"Hive Pocket","154597","0","0","0","1","0","0","0","0","0","0","0","3","","53-1","","","","53764660","7.34159","7.69134","2.2242","0","34824","thing","Hive Pocket","2","2","20","20","20","2016","2","2","8+","No necessary in-game text","","","","","","standalone","","Gen42 Games","English","2016","English edition 2016"
"Hive: The Ladybug","70704","0","0","0","1","0","0","0","0","0","0","0","3","","53-1
*","","","","76865539","6.63594","7.60974","2.1739","0","9685","thing","Hive: The Ladybug","2","2","20","20","20","2010","2","2","10+","No necessary in-game text","","","","","","expansion","","G3; HUCH!; Smart Zone Games; Vendetta","Dutch; English; French; German; Hebrew; Polish; Spanish","2010","Multilingual edition"
"Hive: The Mosquito","30323","0","0","0","1","0","0","0","0","0","0","0","3","","53-1","","","","76865691","6.72907","7.56559","2.242","0","11141","thing","Hive: The Mosquito","2","2","20","20","20","2007","2","2","8+","No necessary in-game text","","","","","","expansion","","Crómola; Funatical; G3; Gigamic; HUCH!; Hutter Trade GmbH + Co KG; Smart Zone Games; Vendetta","Dutch; English; French; German; Hebrew; Polish; Spanish","2007","Multilingual edition, first printing"
"Hive: The Pillbug","139666","0","0","0","1","0","0","0","0","0","0","0","3","","53-1","","","","76865399","6.72845","7.72469","2.4205","0","12451","thing","Hive: The Pillbug","2","2","20","20","20","2014","2","2","10+","No necessary in-game text","","","","","","expansion","","Gen42 Games","Dutch; English; German; Greek; Italian; Polish; Portuguese; Russian; Spanish; Turkish","2014","Multilingual edition"
"A Hobbit","83629","0","0","0","1","0","0","0","0","0","0","0","3","","25-1","","","","53571832","5.69164","5.96761","1.7518","6319","4503","thing","The Hobbit","2","5","45","45","30","2011","2,3,4,5","3,4","8+","Moderate in-game text - needs crib sheet or paste ups","","","","","","standalone","","Piatnik","Hungarian","2011","Hungarian edition"
"A Hobbit kártyajáték","126444","0","0","0","1","0","0","0","0","0","0","0","3","","04-2","","","","107167977","5.36202","5.17153","1.4333","29462","3652","thing","The Hobbit Card Game","2","5","30","30","30","2012","4,5","5","8+","Some necessary text - easily memorized or small crib sheet","","","","","","standalone","","Piatnik","Hungarian","2012","Hungarian edition"
"Hold your Hat","362994","0","0","0","1","0","0","0","0","0","0","0","3","","02-3","","","","117504087","0","8.33333","0","0","16","thing","Hold your Hat","4","16","40","40","20","2023","","","","","","","","","","standalone","","NASTOLA Games","English","2023","English edition"
"Holmes: Sherlock & Mycroft","174078","0","0","0","1","0","0","0","0","0","0","0","3","","52-3
*","","","","74458774","6.20141","6.77347","1.8295","2185","5688","thing","Holmes: Sherlock & Mycroft","2","2","30","30","20","2016","2","2","10+","No necessary in-game text","","","","","","standalone","","Devir","English","2016","English edition"
"A holnap társadalma","334986","0","0","0","1","0","0","0","0","0","0","0","3","","61-4","","","","130286581","6.99471","7.68826","2.858","493","9656","thing","Daybreak","1","4","120","120","60","2025","1,2,3,4","2","10+","Moderate in-game text - needs crib sheet or paste ups","","","","","","standalone","","Gém Klub Kft.","Hungarian","2025","Hungarian edition"
"Holtak tele: Válaszúton","150376","0","0","0","1","0","0","0","0","0","0","0","3","","80-3","","","","102729199","7.27818","7.44464","3.0133","247","68476","thing","Dead of Winter: A Crossroads Game","2","5","120","120","60","2017","3,4,5","4","12+","Extensive use of text - massive conversion needed to be playable","","","","","","standalone","","Gém Klub Kft.","Hungarian","2017","Hungarian edition"
"Homokcsapda","396655","0","0","0","1","0","0","0","0","0","0","0","3","","15-5","","","","126591660","5.71068","6.66624","1.0769","5949","1085","thing","Quicksand","1","7","15","15","15","2024","2,3,4,5","2,4","8+","No necessary in-game text","","","","","","standalone","","Horrible Guild; Reflexshop","Hungarian","2024","Hungarian edition"
"Honfoglaló","56244","0","0","0","1","0","0","0","0","0","0","0","3","","15-1","","","","53571837","5.49991","5.62768","1.8333","24897","253","thing","Honfoglaló","2","10","0","0","0","2015","2,3","3","","Extensive use of text - massive conversion needed to be playable","","","","","","standalone","","AB-MM","Hungarian","2015","Third edition"
"Hősök útja","238992","0","0","0","1","0","0","0","0","0","0","0","3","","26-5","","","","84247324","6.6012","7.05487","2.0059","1070","13855","thing","Call to Adventure","1","4","60","60","30","2020","1,2,3,4","3","10+","Moderate in-game text - needs crib sheet or paste ups","","","","","","standalone","","Gém Klub Kft.","Hungarian","2020","Hungarian edition"
"Hősök, kívül tágasabb!","333255","0","0","0","1","0","0","0","0","0","0","0","3","","70-2","","","","124380056","7.10617","7.92031","2.5025","382","11565","thing","Keep the Heroes Out!","1","4","40","40","40","2024","1,2,3","2","8+","No necessary in-game text","","","","","","standalone","","Brueh Games Inc.; Vagabund","Hungarian","2024","Hungarian edition"
"Hotel","1502","0","0","0","1","0","0","0","0","0","0","0","3","","35-3","","","","58230135","5.45731","5.54618","1.3965","28919","7767","thing","Hotel","2","4","60","60","60","2004","3,4","4","8+","Some necessary text - easily memorized or small crib sheet","","","","","","standalone","","Parker Brothers","Hungarian","2004","Parker Hungarian edition 2004"
"Hoyuk","24270","0","0","0","1","0","0","0","0","0","0","0","3","","72-5","","","","53767474","5.5757","6.15024","2.5556","10623","938","thing","Hoyuk","2","5","60","60","60","2014","2,3,4,5","4,5","10+","No necessary in-game text","","","","","","standalone","","MAGE Company","English; French; German","2014","Multilingual first edition"
"Hullámhossz","262543","0","0","0","1","0","0","0","0","0","0","0","3","","09-2
*","","","","83375623","6.9798","7.21418","1.1199","509","30136","thing","Wavelength","2","12","45","45","30","2020","4,5,6,7,8,9,10,11,12","6,8","10+","Moderate in-game text - needs crib sheet or paste ups","","","","","","standalone","","Gém Klub Kft.","Hungarian","2020","Hungarian edition"
"Hunok","233973","0","0","0","1","0","0","0","0","0","0","0","3","","64-4","","","","62943239","5.78076","6.65459","2.0882","4920","1955","thing","Huns","2","4","45","45","30","2018","2,3,4","4","12+","Moderate in-game text - needs crib sheet or paste ups","","","","","","standalone","","Reflexshop","Hungarian","2018","Hungarian edition"
"hupp","355433","0","0","0","1","0","0","0","0","0","0","0","3","","53-2","","","","112988332","6.48442","7.05082","1.3736","1329","7775","thing","boop.","2","2","30","30","20","2023","2","2","8+","No necessary in-game text","","","","","","standalone","","Gém Klub Kft.; Smirk & Dagger Games","Hungarian","2023","Hungarian edition"
"Hupp a pelyhes","417696","0","0","0","1","0","0","0","0","0","0","0","3","","53-2","","","","137115986","5.68915","7.34797","1.8333","6382","1307","thing","boop the Halls!","2","2","30","30","20","2025","2","2","8","","","","","","","standalone","","Gém Klub Kft.","Hungarian","2025","Hungarian edition"
"Hupszi","376279","0","0","0","1","0","0","0","0","0","0","0","3","","23-3","","","","122120400","0","4.775","0","0","18","thing","Hupszi","2","2","15","15","15","2022","","","","","","","","","","standalone","","Pagony játék","Hungarian","2022","Hungarian edition"
"Hutan: Az esőerdők élővilága","419130","0","0","0","1","0","0","0","0","0","0","0","3","","70-3","","","","132941618","5.88637","6.99493","1.913","3885","877","thing","HUTAN: Life in the Rainforest","1","4","45","45","30","2025","1,2,3,4","1,3","8+","No necessary in-game text","","","","","","standalone","","Gém Klub Kft.","Hungarian","2025","Hungarian edition"
"HUUupp","383579","0","0","0","1","0","0","0","0","0","0","0","3","","53-2","","","","137115918","6.04914","7.58495","1.4667","2856","2820","thing","BOOoop.","2","2","35","35","25","2024","2","2","8+","","","","","","","standalone","","Gém Klub Kft.","Hungarian","2024","Hungarian edition"
"Időfutár","396653","0","0","0","1","0","0","0","0","0","0","0","3","","25-3","","","","110117428","0","7","0","0","12","thing","Időfutár","3","6","30","30","3","2022","","","","","","","","","","standalone","","Pagony játék","Hungarian","2022","Hungarian edition"
"Időhurok","438007","0","0","0","1","0","0","0","0","0","0","0","3","","76-2","","","","128713975","0","8.575","4","0","7","thing","Időhurok","2","5","25","25","5","2024","","","","","","","","","","standalone","","Funonymus Games","Hungarian","2024","Hungarian edition"
"Időhurok","440540","0","0","0","1","0","0","0","0","0","0","0","3","","13-4","","","","137586217","6.16093","7.77284","1.6286","2334","2400","thing","Take Time","2","4","30","30","30","2025","2,3,4","4","10+","No necessary in-game text","","","","","","standalone","","Gém Klub Kft.","Hungarian","2025","Hungarian edition"
"Időzített bomba","236217","0","0","0","1","0","0","0","0","0","0","0","3","","12-5","","","","105488226","6.24154","7.14657","1.0702","2024","3691","thing","Time Bomb","4","8","30","30","1","2017","5,6,7,8","6","10+","No necessary in-game text","","","","","","standalone","","Reflexshop","Hungarian","2017","Hungarian edition"
"iFluence Land","427247","0","0","0","1","0","0","0","0","0","0","0","3","","28-1","","","","125823149","0","0","0","0","3","thing","iFluence Land","2","5","60","60","30","2023","","","","","","","","","","standalone","","(Self-Published)","Czech; Hungarian; Polish; Slovak","2023","Multilingual edition"
"Igen?","257991","0","0","0","1","0","0","0","0","0","0","0","3","","09-3
*","","","","55977864","5.56725","6.24153","1","11291","636","thing","Igen?","2","6","60","60","30","2018","3,4,5,6","4","10+","Unplayable in another language","","","","","","standalone","","Gém Klub Kft.","Hungarian","2018","Hungarian edition"
"Igen? És...","289720","0","0","0","1","0","0","0","0","0","0","0","3","","09-3","","","","100217529","5.50058","5.73933","1","24744","186","thing","Igen? És...","2","6","45","45","20","2019","3,4,5,6","5,6","14+","Unplayable in another language","","","","","","standalone","","Gém Klub Kft.","Hungarian","2019","Hungarian edition"
"Igenis, sötét nagyúr!","18723","0","0","0","1","0","0","0","0","0","0","0","3","","06-4","","","","53756908","5.64078","5.83252","1.2821","7569","6522","thing","Aye, Dark Overlord! The Red Box","4","16","30","30","30","2015","4,5,6,7,8","5","8+","Some necessary text - easily memorized or small crib sheet","","","","","","standalone","","Delta Vision Publishing","Hungarian","2015","Hungarian second edition"
"IKI","177478","0","0","0","1","0","0","0","0","0","0","0","3","","76-4","","","","108177622","7.0266","7.60757","3.068","462","11631","thing","IKI","2","4","90","90","60","2022","2,3,4","4","12+","No necessary in-game text","","","","","","standalone","","Reflexshop","Hungarian","2022","Hungarian edition"
"iKNOW: Magyarország","130680","0","0","0","1","0","0","0","0","0","0","0","3","","15-4
*","","","","118642849","5.7815","6.35529","1.4167","4906","2361","thing","iKNOW","2","6","60","60","60","2016","3,4,5,6","5,6","14+","Extensive use of text - massive conversion needed to be playable","","","","","","standalone","","Reflexshop","Hungarian","2016","Hungarian edition"
"Imagenius","298624","0","0","0","1","0","0","0","0","0","0","0","3","","11-3","","","","88689062","5.6186","6.6669","1","8338","762","thing","Imagician","2","4","20","20","20","2021","2,3,4","2,3,4","5+","","","","","","","standalone","","BLAM !; Piatnik","Czech; German; Hungarian; Slovak","2021","Czech/German/Hungarian/Slovak edition"
"Imagine","191894","0","0","0","1","0","0","0","0","0","0","0","3","","11-3
*","","","","53764427","6.32513","6.80915","1.0612","1748","8805","thing","Imagine","3","8","20","20","20","2016","3,4,5,6,7,8","4,5,6","8+","Moderate in-game text - needs crib sheet or paste ups","","","","","","standalone","","Reflexshop","Hungarian","2016","Hungarian edition"
"Imperia","164652","0","0","0","1","0","0","0","0","0","0","0","3","","26-1","","","","53571878","5.51192","6.42903","2","21370","43","thing","Imperia","1","4","45","45","45","2014","","","","No necessary in-game text","","","","","","standalone","","Gém Klub Kft.","Hungarian","2014","Hungarian edition"
"Imperium: Ókori birodalmak","318184","0","0","0","1","0","0","0","0","0","0","0","3","","84-2","","","","103569183","7.15365","7.68375","3.6098","339","16630","thing","Imperium: Classics","1","4","160","160","40","2022","1,2","1,2","14+","Extensive use of text - massive conversion needed to be playable","","","","","","standalone","","Gém Klub Kft.; Osprey Games","Hungarian","2022","Hungarian edition"
"Impression","270270","0","0","0","1","0","0","0","0","0","0","0","3","","82-2","","","","135654869","5.61505","7.32186","4.3158","0","357","thing","Impression","1","4","120","120","60","2022","2,3","3","14+","No necessary in-game text","","","","","","standalone","","A-games (Board Game)","English; German; Hungarian","2022","English/German/Hungarian edition"
"Indian Summer","233678","0","0","0","1","0","0","0","0","0","0","0","3","","71-5","","","","53767394","6.29436","6.75554","2.1529","1843","7031","thing","Indian Summer","1","4","60","60","15","2017","1,2,3,4","3","8+","No necessary in-game text","","","","","","standalone","","Edition Spielwiese","English; German","2017","English/German edition"
"Industria","8124","0","0","0","1","0","0","0","0","0","0","0","3","","73-1","","","","53571892","5.89283","6.4124","2.6762","3846","2440","thing","Industria","3","4","60","60","60","2003","3,4","3,4","10+","Some necessary text - easily memorized or small crib sheet","","","","","","standalone","","Queen Games","English","2003","English edition"
"Inferno","393165","0","0","0","1","0","0","0","0","0","0","0","3","","83-4","","","","136893542","6.50459","7.89091","3.5664","1283","3653","thing","Inferno","1","4","120","120","45","2025","1,2,3,4","3,4","14+","No necessary in-game text","","","","","","standalone","","Vagabund","Hungarian","2025","Hungarian edition"
"Inis","155821","0","0","0","1","0","0","0","0","0","0","0","3","","74-5","","","","53766897","7.53324","7.81728","2.944","117","28647","thing","Inis","2","4","90","90","60","2016","2,3,4","4","12+","Extensive use of text - massive conversion needed to be playable","","","","","","standalone","","Matagot","English","2016","English first edition"
"Inkognito","466","0","0","0","1","0","0","0","0","0","0","0","3","","I. ","","","","53767115","6.15076","6.60528","2.1638","2378","7164","thing","Inkognito","3","5","90","90","90","1988","4","4","10+","Some necessary text - easily memorized or small crib sheet","","","","","","standalone","","MB Spiele","German","1988","MB Spiele German edition 1988"
"Inori","415938","0","0","0","1","0","0","0","0","0","0","0","3","","67-2","","","","138526011","5.7358","6.72676","2.35","5546","965","thing","Inori","2","4","30","30","30","2024","2,3,4","3","8+","No necessary in-game text","","","","","","standalone","","Gém Klub Kft.","Hungarian","2024","Hungarian edition"
"Instant lista","373284","8","0","0","1","0","0","0","0","0","0","0","3","","15-3","","","","124878542","5.66137","6.52572","1.2","7023","1205","thing","Crack List","2","8","40","40","20","2024","3,4,5,6,7,8","5,6","8+","Unplayable in another language","","","","","","standalone","","Reflexshop","Hungarian","2024","Hungarian edition"
"Intarzia","422126","0","0","0","1","0","0","0","0","0","0","0","3","","18-5","","","","126590058","6.01553","7.09945","2.1034","3009","2650","thing","Intarsia","2","4","60","60","40","2024","2,3,4","2","10+","No necessary in-game text","","","","","","standalone","","Deep Print Games; Gém Klub Kft.","Hungarian","2024","Hungarian edition"
"Intrigue","265","0","0","0","1","0","0","0","0","0","0","0","3","","27-4","","","","74457297","5.98875","6.39065","1.9241","3178","4379","thing","Intrigue","3","5","45","45","45","1994","4,5","5","12+","No necessary in-game text","","","","","","standalone","","AMIGO","English","0","AMIGO English edition"
"Intrikák háza","402283","0","0","0","1","0","0","0","0","0","0","0","3","","12-5","","","","128003561","6.52397","7.26104","1.2989","1235","6762","thing","Courtisans","2","5","30","30","20","2024","2,3,4,5","4","8+","Some necessary text - easily memorized or small crib sheet","","","","","","standalone","","Reflexshop","Hungarian","2024","Hungarian edition"
"Invaders","145654","0","0","0","1","0","0","0","0","0","0","0","3","","55-3","","","","53928476","5.68225","6.86584","2.7917","6548","707","thing","Invaders","2","2","60","60","60","2013","2","2","10","Extensive use of text - massive conversion needed to be playable","","","","","","standalone","","White Goblin Games","Dutch; English; French; German","2013","Dutch/English/French/German edition"
"Inventors of the South Tigris","378387","0","0","0","1","0","0","0","0","0","0","0","3","","81-2","","","","131248531","6.35455","7.9389","4.4268","1666","4293","thing","Inventors of the South Tigris","1","4","120","120","90","2024","1,2,3,4","3","14+","No necessary in-game text","","","","","","standalone","","Garphill Games","English","2024","English edition"
"Invisible","244460","0","0","0","1","0","0","0","0","0","0","0","3","","07-3","","","","61240475","5.51066","6.28898","1","21778","142","thing","Invisible","2","10","20","20","10","2018","","","5","No necessary in-game text","","","","","","standalone","","Korona Games","English","2018","English edition"
"Irány a dicsőség!","246816","0","0","0","1","0","0","0","0","0","0","0","3","","26-5","","","","86802733","5.99978","7.14344","1.931","3117","1899","thing","Tales of Glory","2","5","45","45","30","2020","2,3,4,5","3","8+","No necessary in-game text","","","","","","standalone","","Gém Klub Kft.","Hungarian","2020","Hungarian edition"
"Irány a Kincses Sziget!","216330","0","0","0","1","0","0","0","0","0","0","0","3","","33-2","","","","56440022","5.51101","6.70143","2","21678","101","thing","Irány a Kincses Sziget!","2","4","75","75","60","2016","3,4","4","","","","","","","","standalone","","Trefl","Hungarian","2016","Hungarian edition"
"Irány a vadon: Észak-Amerika","329939","0","0","0","1","0","0","0","0","0","0","0","3","","71-4","","","","97114664","6.00259","7.22281","2.2273","3100","2428","thing","Keystone: North America","1","4","60","60","30","2022","1,2,3,4","1","10+","No necessary in-game text","","","","","","standalone","","Gém Klub Kft.; Rose Gauntlet Entertainment","Hungarian","2022","Hungarian edition"
"Ironwood","407343","0","0","0","1","0","0","0","0","0","0","0","3","","02-2","","","","123580910","6.39289","7.89111","2.8636","1566","4085","thing","Ironwood","1","2","60","60","30","2024","1,2","2","12+","Moderate in-game text - needs crib sheet or paste ups","","","","","","standalone","","Mindclash Games","English","2024","English edition"
"Isla Dorada","68182","0","0","0","1","0","0","0","0","0","0","0","3","","61-1","","","","53571896","6.12163","6.71277","2.16","2514","3365","thing","Isla Dorada","3","6","90","90","60","2011","3,4,5,6","4,5","8+","No necessary in-game text","","","","","","standalone","","Delta Vision Publishing","Hungarian","2011","Hungarian edition"
"Isle of Skye: Vom Häuptling zum König","176494","0","0","0","1","0","0","0","0","0","0","0","3","","61-5","","","","53767044","7.21726","7.38978","2.2519","287","35376","thing","Isle of Skye: From Chieftain to King","2","5","50","50","30","2015","2,3,4,5","3,4","8+","No necessary in-game text","","","","","","standalone","","Lookout Games","German","2015","German first edition"
"Az ismeretlen bolygó","258779","0","0","0","1","0","0","0","0","0","0","0","3","","69-4","","","","110596281","7.40046","7.76771","2.25","172","18972","thing","Planet Unknown","1","6","80","80","60","2022","1,2,3,4,5,6","4","10+","Moderate in-game text - needs crib sheet or paste ups","","","","","","standalone","","Gém Klub Kft.","Hungarian","2022","Hungarian edition"
"Istanbul","148949","0","0","0","1","0","0","0","0","0","0","0","3","","62-5","","","","53665749","7.37614","7.53791","2.5831","188","38413","thing","Istanbul","2","5","60","60","40","2014","2,3,4,5","4","10+","No necessary in-game text","","","","","","standalone","","Pegasus Spiele","English; German","2014","English/German first edition"
"Istanbul: Das Würfelspiel","235488","0","0","0","1","0","0","0","0","0","0","0","3","","17-4","","","","54895289","6.6197","7.14026","1.8017","1039","8558","thing","Istanbul: The Dice Game","2","4","40","40","20","2017","2,3,4","3","8+","No necessary in-game text","","","","","","standalone","","Pegasus Spiele","English; German","2017","English/German edition"
"Istanbul: kávé és baksis","172505","0","0","0","1","0","0","0","0","0","0","0","3","","62-5","","","","88687547","6.90416","7.89158","2.7379","0","10200","thing","Istanbul: Mocha & Baksheesh","2","5","60","60","40","2017","2,3,4,5","4","10+","Some necessary text - easily memorized or small crib sheet","","","","","","expansion","","Piatnik","Hungarian","2017","Hungarian edition"
"Jaipur","54043","0","0","0","1","0","0","0","0","0","0","0","3","","55-4","","","","67616517","7.364","7.48159","1.4647","199","92231","thing","Jaipur","2","2","30","30","30","2018","2","2","8+","No necessary in-game text","","","","","","standalone","","Gém Klub Kft.","Hungarian","2018","Hungarian first edition"
"Jenga","2452","0","0","0","1","0","0","0","0","0","0","0","3","","19-1
*","","","","53571916","5.58021","5.66269","1.1021","10306","33971","thing","Jenga","1","8","20","20","20","2012","2,3,4,5,6","4","5+","No necessary in-game text","","","","","","standalone","","Hasbro","English","2012","Hasbro English classic edition 2012"
"Jerusalem","63632","0","0","0","1","0","0","0","0","0","0","0","3","","78-1","","","","98119352","5.78789","6.68593","2.9125","4838","1184","thing","Jerusalem","2","4","90","90","90","2010","3,4","4","10+","No necessary in-game text","","","","","","standalone","","ElfinWerks; Red Glove","English; French; German; Italian; Spanish","2010","Multilingual edition"
"Jeruzsálem: Anno Domini","371972","0","0","0","1","0","0","0","0","0","0","0","3","","77-5","","","","114810890","6.33247","7.5102","3.114","1731","4262","thing","Ierusalem: Anno Domini","1","4","90","90","90","2023","1,2,3,4","4","12+","No necessary in-game text","","","","","","standalone","","Devir; Vagabund","Hungarian","2023","Hungarian edition"
"Jinx","339475","0","0","0","1","0","0","0","0","0","0","0","3","","07-4
*","","","","84245785","5.50738","5.938","1","22814","142","thing","Jinks","2","4","30","30","0","2021","","","","","","","","","","standalone","","Piatnik","German; Hungarian","2021","German/Hungarian edition"
"Jó a szó!","438215","0","0","0","1","0","0","0","0","0","0","0","3","","15-3","","","","128713981","0","7.75","1","0","9","thing","Jó a szó!","2","12","20","20","5","2024","","","","","","","","","","standalone","","Funonymus Games","Hungarian","2024","Hungarian edition"
"Jó tudni!","370164","0","0","0","1","0","0","0","0","0","0","0","3","","11-4","","","","100108427","6.35486","7.04319","1.0357","1664","5262","thing","Fun Facts","4","8","30","30","30","2022","4,5,6,7,8","6,7,8","8+","Extensive use of text - massive conversion needed to be playable","","","","","","standalone","","Gém Klub Kft.","Hungarian","2022","Hungarian edition"
"Jógi","224271","0","0","0","1","0","0","0","0","0","0","0","3","","14-5","","","","88178961","5.68912","6.34198","1.2222","6383","2082","thing","Yogi","3","12","20","20","15","2017","3,4,5,6,7,8,9,10","5,6,7,8","5+","Moderate in-game text - needs crib sheet or paste ups","","","","","","standalone","","Gém Klub Kft.","Hungarian","2017","Hungarian edition"
"Jógi Guru","257841","0","0","0","1","0","0","0","0","0","0","0","3","","14-5","","","","74882213","5.53983","6.30724","1","14361","436","thing","Yogi Guru","3","10","20","20","10","2020","2,3,4,5,6,7,8,9,10","4,5,6,7,8","10+","Moderate in-game text - needs crib sheet or paste ups","","","","","","standalone","","Gém Klub Kft.","Hungarian","2020","Hungarian edition"
"Johari Bazaar","432491","0","0","0","1","0","0","0","0","0","0","0","3","","55-4","","","","132907681","5.5216","7.852","1.75","18428","49","thing","Johari Bazaar","2","4","30","30","15","2025","2,4","2","8","No necessary in-game text","","","","","","standalone","","A-games (Board Game)","Hungarian","2025","Hungarian edition"
"Johnny & Co","133817","0","0","0","1","0","0","0","0","0","0","0","3","","22-3","","","","53571921","0","6","0","0","12","thing","Johnny & Co","2","4","10","10","10","2012","","","","","","","","","","standalone","","Schmidt Spiele","Dutch; English; French; German; Italian; Spanish","2012","Multilingual edition"
"Jolly Roger: The Game of Piracy & Mutiny","165959","0","0","0","1","0","0","0","0","0","0","0","3","","03-1","","","","99293644","5.60776","6.26131","1.9375","8813","1116","thing","Jolly Roger: The Game of Piracy & Mutiny","4","10","30","30","30","2015","5,6,7,8,9,10","7,9,10","6+","Moderate in-game text - needs crib sheet or paste ups","","","","","","standalone","","Ares Games","English","2015","English edition"
"Jórvík","193739","0","0","0","1","0","0","0","0","0","0","0","3","","72-4","","","","83377417","6.14497","6.77844","2.3562","2406","4429","thing","Jórvík","2","5","90","90","45","2017","2,3,4,5","4","12+","No necessary in-game text","","","","","","standalone","","Piatnik","Hungarian","2017","Hungarian edition"
"Juharvölgy Krónikája","304051","0","0","0","1","0","0","0","0","0","0","0","3","","70-3","","","","100174785","6.84456","7.42543","2.3568","688","12702","thing","Creature Comforts","1","5","45","45","45","2022","1,2,3,4","2","10+","Moderate in-game text - needs crib sheet or paste ups","","","","","","standalone","","KTBG; Reflexshop","Hungarian","2022","Hungarian edition"
"Juharvölgy krónikája: Tavaszi karnevál","361958","0","0","0","1","0","0","0","0","0","0","0","3","","70-3","","","","115560524","6.13903","7.46184","2.4423","2433","4039","thing","Maple Valley","1","5","75","75","45","2024","1,2,3,4","2","10+","Some necessary text - easily memorized or small crib sheet","","","","","","standalone","","Reflexshop","Hungarian","2024","Hungarian edition"
"Jumanji","1751","0","0","0","1","0","0","0","0","0","0","0","3","","02-5","","","","58153929","5.03212","4.4549","1.38","29591","4772","thing","Jumanji","2","4","45","45","45","2017","2,3,4","3,4","6+","Moderate in-game text - needs crib sheet or paste ups","","","","","","standalone","","Cardinal","English","2017","English cardboard second edition"
"Jumanji","1751","0","0","0","1","0","0","0","0","0","0","0","3","","27-3","","","","130286502","5.03212","4.4549","1.38","29591","4772","thing","Jumanji","2","4","45","45","45","1995","2,3,4","3,4","6+","Moderate in-game text - needs crib sheet or paste ups","","","","","","standalone","","","","",""
"Jungle Brunch: Állati Zaba","130907","0","0","0","1","0","0","0","0","0","0","0","3","","04-4","","","","53758785","5.53745","6.03436","1.5714","14768","283","thing","Jungle Brunch","2","5","20","20","20","2013","2,3,4,5","4,5","6+","No necessary in-game text","","","","","","standalone","","Delta Vision Publishing; Stratelibri","Hungarian; Romanian","2013","Hungarian/Romanian second edition"
"Jungle Speed: Dzsungelláz","8098","0","0","0","1","0","0","0","0","0","0","0","3","","07-2","","","","57584049","6.24869","6.45593","1.1294","1995","23676","thing","Jungle Speed","2","10","10","10","10","2015","3,4,5,6,7,8,10","5,6","6+","No necessary in-game text","","","","","","standalone","","asmodee; Gém Klub Kft.","Hungarian","2015","Gém Klub Hungarian first edition"
"Jungo","424816","0","0","0","1","0","0","0","0","0","0","0","3","","07-4","","","","135836269","5.95775","7.06912","1.1667","3372","2421","thing","Jungo","2","5","15","15","15","2025","3,4,5","4","6+","No necessary in-game text","","","","","","standalone","","Reflexshop","Hungarian","2025","Hungarian edition"
"Junior Labyrinth","1218","0","0","0","1","0","0","0","0","0","0","0","3","","24-2","","","","53572059","5.53348","5.64464","1.1591","15489","2338","thing","Junior Labyrinth","2","4","15","15","15","1995","2,3,4","3,4","4–8","No necessary in-game text","","","","","","standalone","","Ravensburger","German","1995","German first edition"
"Just One","254640","0","0","0","1","0","0","0","0","0","0","0","3","","01-4","","","","106951351","7.43971","7.59801","1.0356","155","57089","thing","Just One","3","7","60","60","20","2018","4,5,6,7","6,7","8+","Unplayable in another language","","","","","","standalone","","Repos Production","English","2018","English first edition"
"K2","73761","0","0","0","1","0","0","0","0","0","0","0","3","","63-2","","","","53665583","6.71555","7.00006","2.2471","864","11677","thing","K2","1","5","60","60","60","2011","1,2,3,4,5","3,4","10+","No necessary in-game text","","","","","","standalone","","Heidelberger Spieleverlag","German","2011","Heidelberger German first edition"
"Kabaleo","94891","0","0","0","1","0","0","0","0","0","0","0","3","","18-3","","","","53571934","5.45345","5.28198","1.3529","28992","431","thing","Kabaleo","2","4","15","15","15","2011","2,3,4","2","8+","No necessary in-game text","","","","","","standalone","","Gigamic","Chinese; Croatian; Czech; Danish; Dutch; English; French; German; Greek; Hungarian; Italian; Polish; Romanian; Russian; Spanish; Swedish","2011","Multilingual first edition"
"Kahuna","394","0","0","0","1","0","0","0","0","0","0","0","3","","55-2","","","","131432124","6.39077","6.61199","2.0558","1575","14800","thing","Kahuna","2","2","40","40","30","2015","2","2","10+","No necessary in-game text","","","","","","standalone","","KOSMOS","German","2015","KOSMOS German edition 2015"
"Kairo","107635","0","0","0","1","0","0","0","0","0","0","0","3","","72-1","","","","53571939","5.63413","6.46971","2.5294","7775","1218","thing","Kairo","2","4","45","45","45","2011","2,3,4","3","8+","No necessary in-game text","","","","","","standalone","","Queen Games","Dutch; English; German; Spanish","2011","Multilingual edition"
"Kalandozoo Marci az állatkertben","352445","0","0","0","1","0","0","0","0","0","0","0","3","","23-3","","","","99849977","0","8.25","0","0","28","thing","Kalandozoo Marci az állatkertben","2","5","30","30","30","2021","","","4+","","","","","","","standalone","","Pagony játék","Hungarian","2021","Hungarian edition"
"Kalóz mesék","359237","0","0","0","1","0","0","0","0","0","0","0","3","","72-3","","","","123410630","5.66305","7.22988","2","6982","515","thing","Pirate Tales","2","4","60","60","45","2024","2,3,4","2,3","6+","Moderate in-game text - needs crib sheet or paste ups","","","","","","standalone","","Compaya.hu: Gamer Café Kft.; Skellig Games","Hungarian","2024","Hungarian edition"
"Kaméleon","227072","0","0","0","1","0","0","0","0","0","0","0","3","","13-3
*","","","","55033131","6.16925","6.51745","1.0562","2304","14181","thing","The Chameleon","3","8","15","15","15","2018","4,5,6,7,8","6,7","10+","Extensive use of text - massive conversion needed to be playable","","","","","","standalone","","Reflexshop","Hungarian","2018","Hungarian edition"
"Kamisado","38545","0","0","0","1","0","0","0","0","0","0","0","3","","51-3","","","","57761654","6.27161","6.95817","2.3577","1919","3881","thing","Kamisado","2","2","20","20","20","2013","2","2","8+","No necessary in-game text","","","","","","standalone","","Burley Games; HUCH!","English; French; German; Hungarian; Turkish","2013","HUCH! multilingual edition 2013"
"Kamuzol! (vagy nem?)","291604","0","0","0","1","0","0","0","0","0","0","0","3","","15-3","","","","66407369","0","5.42857","0","0","25","thing","Kamuzol! (vagy nem?)","3","0","30","0","30","2019","","","","","","","","","","standalone","","Formatex; Outset Media","Hungarian","0","Hungarian edition"
"Kanaloa","316525","0","0","0","1","0","0","0","0","0","0","0","3","","04-1","","","","85196723","5.51927","6.24375","1","19089","128","thing","Kanaloa","3","5","25","25","20","2020","3,4,5","5","","","","","","","","standalone","","Piatnik","English; French; German; Hungarian; Polish","2020","Multilingual edition"
"Kang-a-Roo","41860","0","0","0","1","0","0","0","0","0","0","0","3","","21-5","","","","60749289","5.50674","5.63579","1","23012","416","thing","Kangaroo","3","6","10","10","10","2013","3,4,5,6","4","5–10","No necessary in-game text","","","","","","standalone","","Piatnik","Czech; French; German; Hungarian; Italian; Polish; Slovak","2013","Multilingual Edition"
"Kapibarista","406498","0","0","0","1","0","0","0","0","0","0","0","3","","28-6","","","","135864099","5.99189","7.26252","1.9643","3160","2695","thing","Café Baras","2","4","30","30","30","2025","2,3,4","3","8+","Moderate in-game text - needs crib sheet or paste ups","","","","","","standalone","","Reflexshop","Hungarian","2025","Hungarian edition"
"Kapocsváros","421199","0","0","0","1","0","0","0","0","0","0","0","3","","29-6","","","","134010328","5.89885","7.13774","1.0556","3797","1361","thing","Link City","2","6","30","30","30","2024","3,4,5,6","3","8+","Moderate in-game text - needs crib sheet or paste ups","","","","","","standalone","","Gém Klub Kft.","Hungarian","2024","Hungarian edition"
"Karácsonyfa","234711","0","0","0","1","0","0","0","0","0","0","0","3","","68-2","","","","55851964","5.84966","7.14804","2.1429","4202","1113","thing","Christmas Tree","2","4","45","45","30","2017","2,3,4","4","8+","No necessary in-game text","","","","","","standalone","","Clevergreen Board Games","Hungarian","2017","Hungarian edition"
"Karak","241477","0","0","0","1","0","0","0","0","0","0","0","3","","26-4","","","","96769539","6.44193","7.17237","1.2949","1442","8536","thing","Karak","2","5","45","45","45","2022","2,3,4,5","3,4","5+","No necessary in-game text","","","","","","standalone","","Albi; Reflexshop","Hungarian","2022","Hungarian edition"
"Karawane","940","0","0","0","1","0","0","0","0","0","0","0","3","","I. ","","","","67575396","5.53746","5.98296","1.5714","14761","403","thing","Karawane","3","5","45","45","45","1990","4,5","4,5","10+","No necessary in-game text","","","","","","standalone","","Otto Maier Verlag","German","1990","German edition"
"Kard és Korona","170447","0","0","0","1","0","0","0","0","0","0","0","3","","73-3","","","","56272257","5.50845","6.83686","2.2222","22465","136","thing","Kard és Korona","2","6","120","120","120","2014","2,3,4,5,6","5,6","10+","Moderate in-game text - needs crib sheet or paste ups","","","","","","standalone","","Korona Games","Hungarian","2014","Hungarian first edition"
"Kard és Korona","170447","0","0","0","1","0","0","0","0","0","0","0","3","","73-3","","","","72071168","5.50845","6.83686","2.2222","22465","136","thing","Kard és Korona","2","6","120","120","120","2020","2,3,4,5,6","5,6","10+","Moderate in-game text - needs crib sheet or paste ups","","","","","","standalone","","Korona Games","Hungarian","2020","Hungarian third edition"
"Kariba","84732","0","0","0","1","0","0","0","0","0","0","0","3","","07-2","","","","62942997","6.26847","7.02746","1.061","1931","5627","thing","Kariba","2","4","15","15","15","2019","2,3,4","2","6+","No necessary in-game text","","","","","","standalone","","Reflexshop","Hungarian","2019","Hungarian edition"
"Kartográfusok","263918","0","0","0","1","0","0","0","0","0","0","0","3","","33-2","","","","85196564","7.39717","7.56252","1.8865","175","59867","thing","Cartographers","1","100","45","45","30","2020","1,2,3,4,5,6,7,8","3,4","8+","Some necessary text - easily memorized or small crib sheet","","","","","","standalone","","Reflexshop","Hungarian","2020","Hungarian edition"
"Kartográfusok: Hősök","315767","0","0","0","1","0","0","0","0","0","0","0","3","","33-2","","","","119614497","7.04239","7.72493","1.9806","444","15682","thing","Cartographers Heroes","1","100","45","45","30","2021","1,2,3,4,5,6,7,8,9,10","3,4","10+","Some necessary text - easily memorized or small crib sheet","","","","","","standalone","","Reflexshop","Hungarian","2021","Hungarian edition"
"Kaspó","334065","0","0","0","1","0","0","0","0","0","0","0","3","","64-3","","","","102991478","6.78642","7.2751","2.0747","759","14872","thing","Verdant","1","5","60","60","45","2022","1,2,3,4","2,3","10+","Some necessary text - easily memorized or small crib sheet","","","","","","standalone","","Alderac Entertainment Group; Flatout Games; Gém Klub Kft.","Hungarian","2022","Hungarian edition"
"Katicabál","4522","0","0","0","1","0","0","0","0","0","0","0","3","","60-1","","","","66508972","5.66529","6.48824","1.0435","6913","828","thing","The Ladybug's Costume Party","2","6","30","30","20","2016","2,3,4,5,6","3,4","3–8","No necessary in-game text","","","","","","standalone","","Compaya.hu: Gamer Café Kft.","Hungarian","2016","Hungarian edition"
"Keltis","34585","0","0","0","1","0","0","0","0","0","0","0","3","","58-3","","","","53571944","6.17449","6.42637","1.6393","2283","9182","thing","Keltis","2","4","30","30","30","2009","2,3,4","3","8+","No necessary in-game text","","","","","","standalone","","KOSMOS; Piatnik","Hungarian","2009","Hungarian edition"
"Keltis: A kártyajáték","40832","0","0","0","1","0","0","0","0","0","0","0","3","","06-3","","","","133399318","6.01526","6.68133","1.4841","3013","2949","thing","Keltis: Das Kartenspiel","2","4","20","20","20","2009","2,3,4","3","8+","No necessary in-game text","","","","","","standalone","","KOSMOS; Piatnik","Hungarian","2009","Hungarian edition"
"Keltis: Der Weg der Steine Mitbringspiel","41003","0","0","0","1","0","0","0","0","0","0","0","3","","28-2","","","","93418038","5.8718","6.4639","1.2455","4002","2333","thing","Keltis: Der Weg der Steine Mitbringspiel","2","4","15","15","15","2009","2,3,4","3","6+","No necessary in-game text","","","","","","standalone","","KOSMOS","German","2009","German edition"
"Keltis: Neue Wege, Neue Ziele","40845","0","0","0","1","0","0","0","0","0","0","0","3","","58-3","","","","93422749","5.96704","7.12428","2.0857","0","2057","thing","Keltis: Neue Wege, Neue Ziele","2","4","30","30","30","2009","2,3,4","3","10+","No necessary in-game text","","","","","","expansion","","KOSMOS","German","2009","German edition"
"Kemet","127023","0","0","0","1","0","0","0","0","0","0","0","3","","74-5","","","","53571949","7.37571","7.63193","3.0027","189","21084","thing","Kemet","2","5","120","120","90","2012","3,4,5","4,5","12+","No necessary in-game text","","","","","","standalone","","asmodee; Matagot","Chinese; Dutch; English; French; German","2012","Multilingual first edition"
"Kemet: Ta-Seti","161842","0","0","0","1","0","0","0","0","0","0","0","3","","74-5","","","","56538202","6.42138","7.93807","3.2045","0","5334","thing","Kemet: Ta-Seti","2","5","90","90","60","2015","3,4,5","4","12+","No necessary in-game text","","","","","","expansion","","Matagot","Dutch; English; French; German","2015","Multilingual first edition"
"Kensington","276459","0","0","0","1","0","0","0","0","0","0","0","3","","32-4","","","","65562688","5.51686","6.55455","2","19807","96","thing","Kensington","2","5","30","0","30","2019","2,3,4,5","4","8+","","","","","","","standalone","","Piatnik","Czech; English; French; German; Hungarian; Italian; Polish; Slovak","2019","Multilingual edition"
"Képérzék","284108","0","0","0","1","0","0","0","0","0","0","0","3","","59-2","","","","73332630","6.56555","7.2273","1.0357","1145","6425","thing","Pictures","3","5","30","30","20","2020","3,4,5","5","6+","No necessary in-game text","","","","","","standalone","","Gém Klub Kft.","Hungarian","2020","Hungarian edition"
"Képmesék","68340","0","0","0","1","0","0","0","0","0","0","0","3","","24-4","","","","136784313","5.51612","5.81015","1.1","20028","718","thing","Tell Tale","3","12","20","20","20","2017","3,4,5,6,7,8,9,10,11,12","3,4,5,6","6+","No necessary in-game text","","","","","","standalone","","Reflexshop","Hungarian","2017","Hungarian edition"
"A Kereskedők Völgye","176165","0","0","0","1","0","0","0","0","0","0","0","3","","06-1","","","","55033257","6.6601","7.15266","2.0862","964","9823","thing","Dale of Merchants","2","4","30","30","30","2018","2,3,4","2,3","10+","Moderate in-game text - needs crib sheet or paste ups","","","","","","standalone","","Reflexshop","Hungarian","2018","Hungarian edition"
"Kereszt és Félhold","351393","0","0","0","1","0","0","0","0","0","0","0","3","","78-5","","","","92646974","0","8.43182","3.5","0","37","thing","Kereszt és Félhold","2","4","120","120","120","2022","2,4","2","12+","","","","","","","standalone","","Korona Games","Hungarian","2022","Hungarian edition"
"Kertvárosi kémek","422732","0","0","0","1","0","0","0","0","0","0","0","3","","54-3","","","","137116153","6.7025","7.58258","1.2737","896","6628","thing","Agent Avenue","2","4","20","20","10","2025","2,4","2","8+","Moderate in-game text - needs crib sheet or paste ups","","","","","","standalone","","Gém Klub Kft.; Nerdlab Games","Hungarian","2025","Hungarian edition"
"Key West","82976","0","0","0","1","0","0","0","0","0","0","0","3","","77-2","","","","53571961","5.52796","6.16864","2.5556","16733","178","thing","Key West","3","5","60","60","60","2010","3,4","4","10","No necessary in-game text","","","","","","standalone","","Horst Rokitte: Ideen für Spiele","German","2010","German edition"
"KeyForge: Worlds Collide","285775","0","0","0","1","0","0","0","0","0","0","0","3","","52-2","","","","90495859","6.14663","7.42528","3","2394","3561","thing","KeyForge: Worlds Collide","2","2","45","45","15","2019","2","2","10+","Extensive use of text - massive conversion needed to be playable","","","","","","standalone","","Fantasy Flight Games","English","2019","English edition"
"Khiva","416832","0","0","0","1","0","0","0","0","0","0","0","3","","34-3","","","","126731956","5.53075","5.94412","1.25","16059","82","thing","Khiva","2","5","30","30","30","2024","3,4,5","4","6+","","","","","","","standalone","","","","",""
"Ki20tuk!","318195","0","0","0","1","0","0","0","0","0","0","0","3","","06-4","","","","96450484","5.80182","6.89671","1.1875","4667","1541","thing","Biss 20","2","8","20","20","20","2022","2,3,4,5,6","4,5","6+","No necessary in-game text","","","","","","standalone","","Drei Magier Spiele; Gém Klub Kft.","Hungarian","2022","Hungarian edition"
"Kill Kim","392806","0","0","0","1","0","0","0","0","0","0","0","3","","11-5","","","","124878590","5.50747","6.11842","2","22780","102","thing","Kill Kim","5","10","30","30","20","2024","","","","","","","","","","standalone","","Reflexshop","Hungarian","2024","Hungarian edition"
"King Arthur: Das Kartenspiel","15167","0","0","0","1","0","0","0","0","0","0","0","3","","04-3","","","","90310742","5.63393","6.19124","1.5122","7780","959","thing","King Arthur: The Card Game","2","5","30","30","30","2005","2,3,4,5","4","6+","No necessary in-game text","","","","","","standalone","","Ravensburger","German","2005","German edition"
"King of Tokyo","70323","0","0","0","1","0","0","0","0","0","0","0","3","","02-3","","","","53930030","7.01369","7.11814","1.4853","473","109651","thing","King of Tokyo","2","6","30","30","30","2014","3,4,5,6","4,5","6+","Moderate in-game text - needs crib sheet or paste ups","","","","","","standalone","","IELLO","English","2014","English 5-award edition 2014, first printing"
"Kingdom Builder: Big Box","139993","0","0","0","1","0","0","0","0","0","0","0","3","","57-3","","","","54142534","6.23726","7.54863","2.325","0","3274","thing","Kingdom Builder: Big Box","2","5","45","45","45","2014","2,3,4,5","3,4","8+","Moderate in-game text - needs crib sheet or paste ups","","","","","","standalone","","Queen Games","German","2014","German-only edition"
"Kingdomino","204583","0","0","0","1","0","0","0","0","0","0","0","3","","60-2","","","","53767235","7.17405","7.29236","1.2334","324","88411","thing","Kingdomino","2","4","25","25","15","2016","2,3,4","2,4","6+","No necessary in-game text","","","","","","standalone","","Blue Orange (EU)","Dutch; English; French; German; Italian; Portuguese; Russian; Spanish","2016","Multilingual first edition"
"Kingdomino","204583","0","0","0","1","0","0","0","0","0","0","0","3","","32-5","","","","130479626","7.17405","7.29236","1.2334","324","88411","thing","Kingdomino","2","4","25","25","15","2017","2,3,4","2,4","6+","No necessary in-game text","","","","","","standalone","","Blue Orange (EU); Gém Klub Kft.","Hungarian","2017","Hungarian edition"
"Kingdomino: Kezdetek","340041","0","0","0","1","0","0","0","0","0","0","0","3","","71-5","","","","88687889","6.58117","7.46486","1.913","1117","6883","thing","Kingdomino Origins","2","4","40","40","20","2021","2,3,4","2,4","8+","No necessary in-game text","","","","","","standalone","","Gém Klub Kft.","Hungarian","2021","Hungarian edition"
"Királyi áru","183840","0","0","0","1","0","0","0","0","0","0","0","3","","06-2","","","","55851933","6.74709","6.99325","2.2972","819","25396","thing","Oh My Goods!","2","4","30","30","30","2016","2,3,4","2","10+","No necessary in-game text","","","","","","standalone","","Compaya.hu: Gamer Café Kft.; Vagabund","Hungarian","2016","Hungarian first edition"
"Királyi áru: Big Box","417268","0","0","0","1","0","0","0","0","0","0","0","3","","06-2","","","","119691202","5.62396","7.69211","2.3333","0","494","thing","Oh My Goods!: Big Box","1","4","45","45","30","2024","1,2,3,4","2,3,4","10+","Extensive use of text - massive conversion needed to be playable","","","","","","standalone","","Compaya.hu: Gamer Café Kft.; Vagabund","Hungarian","2024","Hungarian edition"
"Királyi kombó","416851","0","0","0","1","0","0","0","0","0","0","0","3","","05-4","","","","135864070","7.2075","7.64681","1.7374","293","16627","thing","Castle Combo","2","5","25","25","10","2025","2,3,4","2","8+","Some necessary text - easily memorized or small crib sheet","","","","","","standalone","","Reflexshop","Hungarian","2025","Hungarian edition"
"Kiribati","366249","0","0","0","1","0","0","0","0","0","0","0","3","","71-1","","","","125655742","0","7.6","2","0","22","thing","Kiribati","2","5","60","60","30","2024","2,4,5","4,5","","","","","","","","standalone","","Spieltrieb","German","2024","German Edition"
"A kis herceg-Az én kis bolygóm","134453","0","0","0","1","0","0","0","0","0","0","0","3","","28-4","","","","53571982","6.3627","6.88809","1.5792","1643","5110","thing","The Little Prince: Make Me a Planet","2","5","25","25","25","2013","2,3,4,5","2,4","8+","No necessary in-game text","","","","","","standalone","","Gém Klub Kft.; Ludonaute","Hungarian","2013","Hungarian first edition"
"Kisfröccs","371417","0","0","0","1","0","0","0","0","0","0","0","3","","05-5","","","","118547952","5.52414","7.25","1.25","0","190","thing","Kisfröccs","2","6","40","40","30","2022","2,3,4","4","","","","","","","","expansion","","Gém Klub Kft.","Hungarian","2022","Hungarian edition"
"Kitchen Rush (Revised Edition): Time for Dessert!","318960","0","0","0","1","0","0","0","0","0","0","0","3","","67-4","","","","87477969","5.60589","8.0555","2.5","0","625","thing","Kitchen Rush (Revised Edition): Time for Dessert!","2","4","60","60","20","2020","2,3","2","16+","","","","","","","expansion","","","","",""
"Kitchen Rush: Legyél Sztárséf!","287938","0","0","0","1","0","0","0","0","0","0","0","3","","67-4","","","","74343196","6.41541","7.43605","2.1268","1511","4550","thing","Kitchen Rush (Revised Edition)","2","4","60","60","20","2020","2,3,4","4","8+","Moderate in-game text - needs crib sheet or paste ups","","","","","","standalone","","Compaya.hu: Gamer Café Kft.; Pegasus Spiele","Hungarian","2020","Hungarian edition"
"KIWI","240823","0","0","0","1","0","0","0","0","0","0","0","3","","23-3","","","","122120437","0","7.125","1.5","0","32","thing","KIWI","2","6","20","20","15","2017","3,4,5","3,4,5","","","","","","","","standalone","","Igazgyöngy Alapítvány","Hungarian","2017","Hungarian edition"
"KLASK","165722","0","0","0","1","0","0","0","0","0","0","0","3","","53-4
*","","","","109309821","7.26","7.62627","1.0478","256","17062","thing","KLASK","2","2","10","10","10","2019","2","2","6+","No necessary in-game text","","","","","","standalone","","Reflexshop","Hungarian","2019","Hungarian edition"
"Das Kleine Gespenst","16369","0","0","0","1","0","0","0","0","0","0","0","3","","60-1","","","","53477674","5.54382","6.08812","1.1875","13768","520","thing","Das Kleine Gespenst","2","4","15","15","15","2005","2,3,4","2","5–8","No necessary in-game text","","","","","","standalone","","KOSMOS","German","2005","German first edition"
"Kleopatra und die Baumeister","22141","0","0","0","1","0","0","0","0","0","0","0","3","","65-1","","","","53571999","6.44682","6.79972","2.2837","1431","8381","thing","Cleopatra and the Society of Architects","3","5","60","60","60","2006","3,4,5","4","10+","Some necessary text - easily memorized or small crib sheet","","","","","","standalone","","Days of Wonder","German","2006","German edition"
"Kluster","277458","0","0","0","1","0","0","0","0","0","0","0","3","","19-3
*","","","","117655512","6.15436","6.57479","1.0092","2359","9548","thing","Kluster","1","4","20","20","10","2018","2,3,4","3","6+","No necessary in-game text","","","","","","standalone","","","","",""
"Kluster Duo","408383","0","0","0","1","0","0","0","0","0","0","0","3","","54-2","","","","135697836","5.57855","6.46391","1","10428","720","thing","Kluster Duo","1","2","20","20","10","2023","2","2","4+","No necessary in-game text","","","","","","standalone","","Borderline Editions","Dutch; English; French; German; Italian; Polish; Portuguese; Spanish","2023","Multilingual edition"
"Knarr","379629","0","0","0","1","0","0","0","0","0","0","0","3","","04-1","","","","117502248","6.96794","7.47741","1.9171","527","11347","thing","Knarr","2","4","30","30","30","2024","2,3,4","3","10+","No necessary in-game text","","","","","","standalone","","Bombyx; Gém Klub Kft.","Hungarian","2024","Hungarian edition"
"Kő – Papír – Olló","46925","0","0","0","1","0","0","0","0","0","0","0","3","","II. ","","","","54400116","5.5169","6.16928","2","19783","137","thing","Kámen – Zbraně – Papír","2","4","45","45","45","2007","3,4","4","8+","Some necessary text - easily memorized or small crib sheet","","","","","","standalone","","Dino Toys s. r. o.","Hungarian","2007","Hungarian edition"
"Kobayakawa","142325","0","0","0","1","0","0","0","0","0","0","0","3","","05-2","","","","53572012","5.91251","6.3433","1.1739","3687","3507","thing","Kobayakawa","3","6","15","15","15","2014","3,4,5,6","5","8+","No necessary in-game text","","","","","","standalone","","IELLO; Superlude Éditions","English","2014","English edition"
"A kockahegyen is túl","264278","0","0","0","1","0","0","0","0","0","0","0","3","","67-2","","","","67376136","5.5923","6.98936","1.7","9552","509","thing","Dice Upon a Time","2","5","60","60","45","2019","3,4,5","4","8+","Moderate in-game text - needs crib sheet or paste ups","","","","","","standalone","","Korona Games","Hungarian","2019","Hungarian edition"
"Kockaparti","445045","0","0","0","1","0","0","0","0","0","0","0","3","","17-2","","","","137141952","5.55657","6.65285","1.2","12232","320","thing","Dice Pool Party","2","8","20","20","10","2025","2,3","2","8+","No necessary in-game text","","","","","","standalone","","Gém Klub Kft.","Hungarian","2025","Hungarian edition"
"Kockázat","375075","0","0","0","1","0","0","0","0","0","0","0","3","","51-1","","","","108294445","0","7.63636","1","0","27","thing","Kockázat","2","2","60","60","30","2023","1,2","2","16+","Moderate in-game text - needs crib sheet or paste ups","","","","","","standalone","","(Self-Published)","Hungarian","2023","Hungarian edition"
"Kockázatos Kaland","192349","0","0","0","1","0","0","0","0","0","0","0","3","","32-3","","","","88688953","5.50772","5.55018","1.6667","22692","1036","thing","Risky Adventure","2","4","45","45","45","2016","2,3,4","3","8+","No necessary in-game text","","","","","","standalone","","Piatnik; Queen Games","Hungarian","2016","Hungarian edition"
"Kodama: Az Erdő Szellemei","181810","0","0","0","1","0","0","0","0","0","0","0","3","","31-4","","","","69089023","6.30986","6.65669","1.6389","1796","12525","thing","Kodama: The Tree Spirits","2","5","30","30","30","2019","2,3,4,5","3","8+","Moderate in-game text - needs crib sheet or paste ups","","","","","","standalone","","Gém Klub Kft.","Hungarian","2019","Hungarian edition"
"Kódfejtő","225694","0","0","0","1","0","0","0","0","0","0","0","3","","09-4","","","","60592791","7.5456","7.76555","1.8316","115","43499","thing","Decrypto","3","8","45","45","15","2018","4,5,6,7,8","4,6","10+","Unplayable in another language","","","","","","standalone","","Gém Klub Kft.","Hungarian","2018","Hungarian edition"
"Kokopelli","322195","0","0","0","1","0","0","0","0","0","0","0","3","","72-1","","","","87470611","6.04762","7.13734","2.0588","2862","1959","thing","Kokopelli","2","4","60","60","40","2021","2,3,4","3","10+","Some necessary text - easily memorized or small crib sheet","","","","","","standalone","","Piatnik; Queen Games","Czech; Hungarian; Polish; Slovak","2021","Czech/Slovak/Hungarian/Polish edition"
"Kommissar Spürnase","2349","0","0","0","1","0","0","0","0","0","0","0","3","","II. ","","","","59814995","5.50291","5.72222","1","24107","165","thing","Inspector Higgins","2","6","20","20","20","1988","3,4","3,4","5–12","No necessary in-game text","","","","","","standalone","","Otto Maier Verlag","German","1988","German first edition"
"Konyec konyha: Az orosz gasztrotúra","260407","0","0","0","1","0","0","0","0","0","0","0","3","","06-3","","","","95420531","6.01047","6.76426","1.2778","3046","3605","thing","Soviet Kitchen Unleashed","1","6","25","25","25","2021","1,2,3,4,5,6","4","8+","Some necessary text - easily memorized or small crib sheet","","","","","","standalone","","Reflexshop; HYBR","Hungarian","2021","Hungarian edition"
"Korinthosz","269725","0","0","0","1","0","0","0","0","0","0","0","3","","17-3","","","","62205208","6.22521","6.74427","1.6833","2092","6227","thing","Corinth","2","4","30","30","20","2019","2,3,4","3","8+","No necessary in-game text","","","","","","standalone","","Days of Wonder","Hungarian","2019","Hungarian edition"
"Korruptivity ""Lite""","234590","0","0","0","1","0","0","0","0","0","0","0","3","","07-4","","","","53572029","0","6.2","2","0","32","thing","Korruptivity ""Lite""","2","4","20","20","10","2011","","","","","","","","","","standalone","","Gém Klub Kft.","Hungarian","2011","Hungarian edition"
"Köszöntünk a Holdon","339789","0","0","0","1","0","0","0","0","0","0","0","3","","69-2","","","","95189333","7.35006","7.87202","2.4466","206","19472","thing","Welcome to the Moon","1","6","30","30","25","2022","1,2,3,4,5,6","2,3,4","10+","No necessary in-game text","","","","","","standalone","","Blue Cocker Games; Gém Klub Kft.","Hungarian","2022","Hungarian edition"
"Köszöntünk... álmaid városában!","233867","0","0","0","1","0","0","0","0","0","0","0","3","","27-4","","","","60325581","7.35601","7.51246","1.8414","203","53324","thing","Welcome To...","1","100","25","25","25","2019","1,2,3,4,5,6,7,8,9,10,11","3,4","10+","No necessary in-game text","","","","","","standalone","","Gém Klub Kft.","Hungarian","2019","Hungarian edition"
"Következő megálló: London","353545","0","0","0","1","0","0","0","0","0","0","0","3","","33-3","","","","97114200","6.92415","7.42431","1.4875","581","12089","thing","Next Station: London","1","4","30","30","25","2022","1,2,3,4","2,4","8+","No necessary in-game text","","","","","","standalone","","Gém Klub Kft.","Hungarian","2022","Hungarian edition"
"Középkor","403754","0","0","0","1","0","0","0","0","0","0","0","3","","31-2","","","","121205125","6.40542","7.19898","2.0421","1538","4017","thing","Middle Ages","2","5","30","30","30","2024","2,3,4,5","3","10+","No necessary in-game text","","","","","","standalone","","Gém Klub Kft.; Studio H","Hungarian","2024","Hungarian edition"
"Kozmopolip","362020","0","0","0","1","0","0","0","0","0","0","0","3","","69-3","","","","118803485","6.28218","7.19276","2.2075","1884","4533","thing","Cosmoctopus","1","4","90","90","60","2024","2,3,4","2","10+","Some necessary text - easily memorized or small crib sheet","","","","","","standalone","","Gém Klub Kft.; Lucky Duck Games","Hungarian","2024","Hungarian edition"
"Krafting Krowns","446177","10","0","0","1","0","0","0","0","0","0","0","3","","61-2","","","","138488795","0","9.17857","2.5","0","28","thing","Krafting Krowns","1","4","60","60","20","2025","1,2,3,4","4","10+","","","","","","","standalone","","Fitz&Pop's Tabletops","English","2025","English edition"
"Kragmortha","26859","0","0","0","1","0","0","0","0","0","0","0","3","","09-1","","","","107169318","5.56321","5.75579","1.3929","11622","2035","thing","Kragmortha","2","8","45","45","30","2007","3,4,5,6,7,8","5,6","6+","Some necessary text - easily memorized or small crib sheet","","","","","","standalone","","Delta Vision Publishing; Stratelibri","Hungarian","2007","Hungarian first edition"
"Kristályvölgy üvegművesei","407297","0","0","0","1","0","0","0","0","0","0","0","3","","29-3","","","","135659717","6.63115","7.30133","1.5062","1023","8702","thing","River Valley Glassworks","1","5","45","45","25","2024","1,2,3,4","2","8+","No necessary in-game text","","","","","","standalone","","Gém Klub Kft.","Hungarian","2024","Hungarian edition"
"Kronia","217581","0","0","0","1","0","0","0","0","0","0","0","3","","30-2","","","","71953500","5.5571","6.34709","1.2727","12176","508","thing","Kronia","2","5","45","45","45","2017","4,5","4,5","6+","No necessary in-game text","","","","","","standalone","","Reflexshop","Hungarian","2017","Hungarian edition"
"Kuh & Co.","12291","0","0","0","1","0","0","0","0","0","0","0","3","","22-3","","","","53572035","5.50794","5.58594","1.12","22629","807","thing","Animal Party","2","6","10","10","10","2004","2,3,4,5,6","4","3–5","No necessary in-game text","","","","","","standalone","","Ravensburger","German","2004","German edition"
"Kulcskérdés","347112","0","0","0","1","0","0","0","0","0","0","0","3","","10-4","","","","100109392","6.11379","7.30051","1.1786","2545","2170","thing","Secret Identity","3","8","40","40","20","2022","4,5,6,7,8","6,7,8","10+","No necessary in-game text","","","","","","standalone","","Funnyfox; Gém Klub Kft.","Hungarian","2022","Hungarian first edition"
"Kulcskérdés","347112","0","0","0","1","0","0","0","0","0","0","0","3","","10-4","","","","130516597","6.11379","7.30051","1.1786","2545","2170","thing","Secret Identity","3","8","40","40","20","2024","4,5,6,7,8","6,7,8","10+","No necessary in-game text","","","","","","standalone","","Funnyfox; Gém Klub Kft.","Hungarian","2024","Hungarian second edition"
"Kulcsvesztő útvesztő","242742","0","0","0","1","0","0","0","0","0","0","0","3","","25-2","","","","66407354","5.56912","6.22424","1.2857","11134","1168","thing","Keys to the Castle","2","4","20","20","10","2018","2,3,4","4","4+","","","","","","","standalone","","Outset Media","Hungarian","2018","Hungarian edition"
"Kuruzslók Quedlinburgban","244521","0","0","0","1","0","0","0","0","0","0","0","3","","61-5","","","","56697433","7.66905","7.80577","1.9416","75","89884","thing","Quacks","2","4","45","45","45","2018","2,3,4","4","8+","Moderate in-game text - needs crib sheet or paste ups","","","","","","standalone","","Compaya.hu: Gamer Café Kft.; Schmidt Spiele","Hungarian","2018","Hungarian edition"
"Kuruzslók Quedlinburgban: A javasasszonyok","269259","0","0","0","1","0","0","0","0","0","0","0","3","","61-5","","","","75861615","7.36583","8.00129","2.0105","0","28411","thing","The Quacks of Quedlinburg: The Herb Witches","2","5","45","45","45","2020","2,3,4,5","3,4,5","8+","Moderate in-game text - needs crib sheet or paste ups","","","","","","expansion","","Compaya.hu: Gamer Café Kft.; Schmidt Spiele","Hungarian","2020","Hungarian edition"
"Kuruzslók Quedlinburgban: Az alkimisták","316597","0","0","0","1","0","0","0","0","0","0","0","3","","61-5","","","","88238965","6.72556","7.87198","2.2973","0","14208","thing","The Quacks of Quedlinburg: The Alchemists","2","5","45","45","45","2021","2,3,4,5","3,4,5","10+","Moderate in-game text - needs crib sheet or paste ups","","","","","","expansion","","Compaya.hu: Gamer Café Kft.; Schmidt Spiele","Hungarian","2021","Hungarian edition"
"Kutná Hora: Az Ezüstváros","385610","0","0","0","1","0","0","0","0","0","0","0","3","","75-4","","","","118356333","6.99611","7.76451","3.3306","490","7801","thing","Kutná Hora: The City of Silver","2","4","120","120","60","2024","2,3,4","3,4","12+","Some necessary text - easily memorized or small crib sheet","","","","","","standalone","","Vagabund","Hungarian","2024","Hungarian edition"
"Kutyapark","331401","0","0","0","1","0","0","0","0","0","0","0","3","","71-3","","","","100898497","6.314","6.89537","2.1679","1789","8399","thing","Dog Park","1","4","80","80","40","2022","1,2,3,4","3,4","10+","Moderate in-game text - needs crib sheet or paste ups","","","","","","standalone","","Birdwood Games; Gém Klub Kft.","Hungarian","2022","Hungarian edition"
"Kutyavilág","205101","0","0","0","1","0","0","0","0","0","0","0","3","","30-3","","","","54397130","5.49241","5.71702","1.6429","26489","354","thing","A Dog's Life","2","6","60","60","30","2018","2,3,4,5,6","4,5","6+","No necessary in-game text","","","","","","standalone","","Keller & Mayer","Hungarian","2018","Hungarian edition"
"Kutyavilág kártyajáték","321957","0","0","0","1","0","0","0","0","0","0","0","3","","04-4
*","","","","96642336","0","5.13636","2","0","43","thing","Kutyavilág kártyajáték","2","6","20","0","20","2019","2,3,4","3","","No necessary in-game text","","","","","","standalone","","Keller & Mayer","Hungarian","2019","Hungarian edition"
"Kvíz casino","261127","0","0","0","1","0","0","0","0","0","0","0","3","","15-2","","","","54738341","0","0","0","0","5","thing","Kvíz casino","2","6","120","120","60","2016","","","","","","","","","","standalone","","Keller & Mayer","Hungarian","2016","Hungarian edition"
"Kwatro","119632","0","0","0","1","0","0","0","0","0","0","0","3","","07-5
*","","","","56697141","5.77532","6.14583","1.9","4985","6224","thing","IOTA","2","4","30","30","30","2018","2,3,4","3","8+","No necessary in-game text","","","","","","standalone","","Reflexshop","Hungarian","2018","Hungarian edition"
"L.A.M.A.","266083","0","0","0","1","0","0","0","0","0","0","0","3","","07-4","","","","72493131","6.27398","6.49432","1.0556","1907","17384","thing","L.L.A.M.A.","2","6","20","20","20","2019","3,4,5,6","4,5","6+","No necessary in-game text","","","","","","standalone","","Piatnik","Hungarian","2019","Hungarian edition"
"Labyrinth","1219","0","0","0","1","0","0","0","0","0","0","0","3","","35-2
*","","","","53572053","6.2328","6.40879","1.3432","2057","32974","thing","Labyrinth","2","4","20","20","20","2007","2,3,4","4","6+","No necessary in-game text","","","","","","standalone","","Ravensburger","Croatian; Czech; Hungarian; Polish; Russian; Slovak; Slovenian","2007","Ravensburger East European edition 2007"
"Lacrimosa","348450","0","0","0","1","0","0","0","0","0","0","0","3","","75-4","","","","112033838","6.89778","7.63182","3.1667","614","8611","thing","Lacrimosa","1","4","90","90","90","2022","1,2,3,4","3","12+","No necessary in-game text","","","","","","standalone","","Devir","Catalan; English; Italian; Portuguese; Spanish","2022","Multilingual edition"
"Lámák Földje","330038","0","0","0","1","0","0","0","0","0","0","0","3","","32-1","","","","100170394","6.43176","7.27554","2.0303","1467","5370","thing","Llamaland","2","4","45","45","45","2022","2,3,4","2","8+","No necessary in-game text","","","","","","standalone","","Gém Klub Kft.","Hungarian","2022","Hungarian edition"
"Lancaster","96913","0","0","0","1","0","0","0","0","0","0","0","3","","75-1","","","","53572063","6.94799","7.38311","2.9936","557","8576","thing","Lancaster","2","5","60","60","60","2011","3,4,5","4","12+","No necessary in-game text","","","","","","standalone","","Queen Games","German","2011","German edition"
"Lángművesek","336986","0","0","0","1","0","0","0","0","0","0","0","3","","70-2","","","","101521060","7.09417","7.38632","2.1857","395","41044","thing","Flamecraft","1","5","60","60","60","2022","1,2,3,4,5","3","8+","Moderate in-game text - needs crib sheet or paste ups","","","","","","standalone","","Gém Klub Kft.","Hungarian","2022","Hungarian edition"
"Lapzárta","352574","0","0","0","1","0","0","0","0","0","0","0","3","","66-1","","","","125140107","6.59893","7.31854","2.0946","1073","8868","thing","Fit to Print","1","6","30","30","15","2024","1,2,3,4,5,6","4","10+","Some necessary text - easily memorized or small crib sheet","","","","","","standalone","","Gém Klub Kft.","Hungarian","2024","Hungarian edition"
"Las Vegas","117959","0","0","0","1","0","0","0","0","0","0","0","3","","16-1","","","","53756857","6.89332","7.17711","1.1716","621","15038","thing","Las Vegas","2","5","30","30","30","2012","3,4,5","4","8+","No necessary in-game text","","","","","","standalone","","alea; Ravensburger","English; French; German","2012","Multilingual second edition"
"Las Vegas: Boulevard","149975","0","0","0","1","0","0","0","0","0","0","0","3","","16-1","","","","53767011","6.11788","7.36196","1.6735","0","2661","thing","Las Vegas: Boulevard","1","8","75","75","30","2014","2,3,4,5,6,7,8","4,5,6","8+","No necessary in-game text","","","","","","expansion","","alea; Ravensburger","English; French; German","2014","Multilingual edition"
"Las Vegas: The Card Game","209886","0","0","0","1","0","0","0","0","0","0","0","3","","05-1","","","","53928361","5.5842","6.26661","1.5","10078","773","thing","Las Vegas: The Card Game","2","5","30","30","15","2016","3,4,5","4","","No necessary in-game text","","","","","","standalone","","alea","English; French; German","2016","English/French/German edition"
"Laser","288350","0","0","0","1","0","0","0","0","0","0","0","3","","26-1","","","","68520232","0","4.96667","1.5","0","33","thing","Laser","2","10","45","45","15","2019","","","","","","","","","","standalone","","A-games (Board Game); Delta Vision Publishing","English; Hungarian","2019","English/Hungarian edition"
"Last Call: The Bartender Game","76810","0","0","0","1","0","0","0","0","0","0","0","3","","11-1","","","","125866536","5.57287","6.12866","1.4583","10844","462","thing","Last Call: The Bartender Game","2","6","20","20","20","2010","2,3,4,5","5","","No necessary in-game text","","","","","","standalone","","Wattsalpoag Games","English; French; German","2010","English/French/German edition"
"Lázadó hercegnők","420017","0","0","0","1","0","0","0","0","0","0","0","3","","04-2","","","","132941161","5.72376","7.59865","1.75","5719","758","thing","Rebel Princess: 2nd Edition","3","6","45","45","45","2025","3,4,5,6","4","","","","","","","","standalone","","Gém Klub Kft.; Zombi Paella","Hungarian","2025","Hungarian edition"
"Legend of the Five Rings: The Card Game","184151","0","0","0","1","0","0","0","0","0","0","0","3","","52-2","","","","90497064","6.45158","7.3425","4.0145","1417","7308","thing","Legend of the Five Rings: The Card Game","2","2","90","90","45","2017","2","2","12+","Extensive use of text - massive conversion needed to be playable","","","","","","standalone","","Fantasy Flight Games","English","2017","English edition"
"A légi társaság","373106","0","0","0","1","0","0","0","0","0","0","0","3","","58-2","","","","116679931","7.8746","8.13766","2.0385","34","53998","thing","Sky Team","2","2","20","20","20","2024","2","2","10+","Some necessary text - easily memorized or small crib sheet","","","","","","standalone","","Reflexshop; Scorpion Masqué","Hungarian","2024","Hungarian edition"
"A légi társaság: BUD Budapest Liszt Ferenc","414502","0","0","0","1","0","0","0","0","0","0","0","3","","58-2","","","","125975364","5.53807","7.8973","2","0","333","thing","Sky Team: BUD Budapest Ferenc Liszt","0","0","0","0","0","2024","","","8+","No necessary in-game text","","","","","","expansion","","Reflexshop; Scorpion Masqué","Hungarian","2024","Hungarian edition"
"Lemmingek","153004","0","0","0","1","0","0","0","0","0","0","0","3","","32-1","","","","62052570","5.69725","6.58804","1.4091","6205","593","thing","Lemminge: Wer Springt Zuerst?","2","5","30","30","30","2014","2,3,4,5","4,5","8+","No necessary in-game text","","","","","","standalone","","Piatnik","Hungarian","2014","Hungarian edition"
"Lépten-nyomon: Amszterdam","246297","0","0","0","1","0","0","0","0","0","0","0","3","","12-4","","","","58633432","5.99478","6.567","1.3","3143","4966","thing","Shadows: Amsterdam","2","8","20","20","20","2018","2,4,5,6,8","6","8+","No necessary in-game text","","","","","","standalone","","Gém Klub Kft.","Hungarian","2018","Hungarian edition"
"Light Seeker","381025","0","0","0","1","0","0","0","0","0","0","0","3","","50-1","","","","125866228","5.50735","5.74441","1.6667","22823","400","thing","Light Seeker","2","2","15","15","5","2024","2","2","8+","No necessary in-game text","","","","","","standalone","","ThunderGryph Games","English","2024","English edition"
"Lighthouse Run","158971","0","0","0","1","0","0","0","0","0","0","0","3","","27-2","","","","88475522","5.61474","6.53303","1.3333","8490","483","thing","Lighthouse Run","2","4","25","25","20","2021","2,3,4","4","6+","No necessary in-game text","","","","","","standalone","","Piatnik","Hungarian","2021","Hungarian edition"
"Limes","153623","0","0","0","1","0","0","0","0","0","0","0","3","","55-2","","","","53572072","6.00329","6.81827","1.8305","3093","2271","thing","Limes","1","2","20","20","20","2014","1,2","1","8+","No necessary in-game text","","","","","","standalone","","ABACUSSPIELE","English; German; Italian","2014","English/German/Italian edition"
"Little Red Riding Hood","8086","0","0","0","1","0","0","0","0","0","0","0","3","","20-2","","","","53784324","0","6.8","0","0","25","thing","Little Red Riding Hood","2","4","20","20","20","2003","","","","","","","","","","standalone","","Tactic","English","2003","English edition"
"Little Town","241266","0","0","0","1","0","0","0","0","0","0","0","3","","29-6
*IV","","","","130702357","6.56788","7.14866","1.9496","1140","8317","thing","Little Town","2","4","60","60","30","2021","2,3,4","3,4","8+","Some necessary text - easily memorized or small crib sheet","","","","","","standalone","","Reflexshop","Hungarian","2021","Hungarian edition"
"Littoral","406660","0","0","0","1","0","0","0","0","0","0","0","3","","11-1","","","","125866508","6.0674","7.12027","1.2143","2765","3188","thing","Seaside","1","5","20","20","20","2024","2,3,4,5","2","8+","No necessary in-game text","","","","","","standalone","","Randolph","French","2024","French edition"
"Llamageddon","365685","0","0","0","1","0","0","0","0","0","0","0","3","","14-2","","","","99843796","5.48868","5.28205","1","27029","92","thing","Llamageddon","3","6","45","45","30","2022","3,4,5,6","5,6","10+","","","","","","","standalone","","PanIQ Room","English; Hungarian","2022","English/Hungarian Edition"
"Llamageddon","365685","0","0","0","1","0","0","0","0","0","0","0","3","","02-3","","","","106959120","5.48868","5.28205","1","27029","92","thing","Llamageddon","3","6","45","45","30","2022","3,4,5,6","5,6","10+","","","","","","","standalone","","PanIQ Room","English; Hungarian","2022","English/Hungarian Edition"
"Llamasters: The Party Game","337998","0","0","0","1","0","0","0","0","0","0","0","3","","06-4","","","","104361425","5.50456","8.12245","1.7895","23668","92","thing","Llamasters: The Party Game","2","5","30","30","10","2021","2,3,4,5","4,5","8+","","","","","","","standalone","","Llamasters","English","2021","English edition"
"Lobo 77","3337","0","0","0","1","0","0","0","0","0","0","0","3","","04-2","","","","108823947","5.52452","5.63392","1.0541","17600","1926","thing","Double Down","2","8","30","30","30","1993","2,3,4,5,6,7,8","5","8+","No necessary in-game text","","","","","","standalone","","AMIGO","English; Italian; Spanish","0","AMIGO multilingual edition"
"Lokomoto","388571","0","0","0","1","0","0","0","0","0","0","0","3","","25-3","","","","111655757","0","6.57333","1.5","0","34","thing","Lokomoto","2","5","40","40","30","2023","","","","","","","","","","standalone","","Pagony játék","Hungarian","2023","Hungarian edition"
"Lom-a-duma","387219","0","0","0","1","0","0","0","0","0","0","0","3","","11-3","","","","135864232","5.61485","6.71399","1.3333","8485","569","thing","Trash Talk","2","8","45","45","20","2025","2,3,4,5,6","4,5,6","","","","","","","","standalone","","Reflexshop","Hungarian","2025","Hungarian edition"
"Lombkorona","295607","0","0","0","1","0","0","0","0","0","0","0","3","","54-4","","","","89785320","6.57579","7.25988","2.037","1130","9605","thing","Canopy","1","4","30","30","30","2021","1,2,3","2","10+","Moderate in-game text - needs crib sheet or paste ups","","","","","","standalone","","Gém Klub Kft.","Hungarian","2021","Hungarian edition"
"The London Board Game","2866","0","0","0","1","0","0","0","0","0","0","0","3","","01-3","","","","59049146","5.48697","5.46994","1.4783","27251","709","thing","The London Game","2","6","30","30","30","2011","3,4,5,6","5","8+","Some necessary text - easily memorized or small crib sheet","","","","","","standalone","","Ideal","English","2011","Ideal edition"
"Looot","410991","0","0","0","1","0","0","0","0","0","0","0","3","","72-4","","","","125139878","6.2459","7.0678","2.0896","2010","2885","thing","Looot","2","4","35","35","35","2024","2,3,4","2,3","10+","No necessary in-game text","","","","","","standalone","","Gém Klub Kft.","Hungarian","2024","Hungarian edition"
"Loot","424225","0","0","0","1","0","0","0","0","0","0","0","3","","68-2","","","","126732021","5.49667","5.48503","1.4","25650","804","thing","Loot","2","4","20","20","20","2024","","","","No necessary in-game text","","","","","","standalone","","Skellig Games","English; French; German; Italian; Spanish","2024","Multilingual edition"
"Lorenzo il Magnifico: Big Box","338476","0","0","0","1","0","0","0","0","0","0","0","3","","74-4","","","","96453971","6.56352","8.38429","3.4038","0","3655","thing","Lorenzo il Magnifico: Big Box","2","5","120","120","60","2022","2,3,4,5","3,4","12+","No necessary in-game text","","","","","","standalone","","Cranio Creations; Delta Vision Publishing","Hungarian","2022","Hungarian edition"
"Lost Cities","50","0","0","0","1","0","0","0","0","0","0","0","3","","*","","","","130745480","7.14908","7.25435","1.4747","344","74116","thing","Lost Cities","2","2","30","30","30","2015","2","2","8+","No necessary in-game text","","","","","","standalone","","KOSMOS","German","2015","German edition 2015"
"Love Letter","129622","0","0","0","1","0","0","0","0","0","0","0","3","","12-5","","","","53698790","7.123","7.22574","1.1846","364","116110","thing","Love Letter","2","4","20","20","20","2013","3,4","4","8+","Some necessary text - easily memorized or small crib sheet","","","","","","standalone","","Pegasus Spiele","German","2013","German first edition"
"Love Letter: Premium Edition","196326","0","0","0","1","0","0","0","0","0","0","0","3","","02-4","","","","107938053","6.88072","7.4298","1.2975","634","11316","thing","Love Letter: Premium Edition","2","8","30","30","20","2016","3,4,5,6,7,8","4,5,6","8+","Some necessary text - easily memorized or small crib sheet","","","","","","standalone","","Alderac Entertainment Group","English","2016","English first edition"
"Lumenara felfedezői","455350","0","0","0","1","0","0","0","0","0","0","0","3","","25-3","","","","138748405","0","8.5","1","0","5","thing","Lumenara felfedezői","1","5","20","20","20","2025","","","","","","","","","","standalone","","Pagony játék","Hungarian","2025","Hungarian edition"
"Luna Maris","319392","0","0","0","1","0","0","0","0","0","0","0","3","","75-2","","","","103998424","5.89731","7.68708","3.5079","3811","1171","thing","Luna Maris","1","4","120","120","30","2022","1,2,3,4","4","12+","No necessary in-game text","","","","","","standalone","","Gém Klub Kft.","Hungarian","2022","Hungarian edition"
"Lunatic","286018","0","0","0","1","0","0","0","0","0","0","0","3","","03-2","","","","68144761","0","6.21429","1","0","64","thing","Lunatic","3","4","15","15","5","2019","","","","","","","","","","standalone","","Dionysos Games","English; German","2019","English/German edition"
"Lunch [atop a Skyscraper]","445866","0","0","0","1","0","0","0","0","0","0","0","3","","66-1","","","","138486939","5.52398","7.83226","2","17741","52","thing","Lunch [atop a Skyscraper]","2","4","30","30","25","2025","2,3,4","3","10+","No necessary in-game text","","","","","","standalone","","Kokorïn Games","Catalan; English; Spanish","2025","ENG/CAT/SPA edition"
"Lupos","301099","0","0","0","1","0","0","0","0","0","0","0","3","","31-3","","","","83377531","5.536","6.41848","1.25","15027","361","thing","Lupos","1","5","30","30","30","2020","1,2,3,4","1,2","5+","No necessary in-game text","","","","","","standalone","","","","",""
"Luther: A kártyajáték","223427","0","0","0","1","0","0","0","0","0","0","0","3","","04-3","","","","67830028","0","6.7","1","0","26","thing","Luther: Das Kartenspiel","2","10","60","60","40","2017","","","","","","","","","","standalone","","Ninirc Games","Hungarian","2017","Hungarian edition"
"Luxor","1205","0","0","0","1","0","0","0","0","0","0","0","3","","II. ","","","","58230264","5.57343","6.16937","1.45","10800","800","thing","Luxor","2","4","45","45","30","2001","2,3,4","2","5+","No necessary in-game text","","","","","","standalone","","Ravensburger","Dutch; English; French; German; Italian","2001","Multilingual edition 2001"
"Luxor","245643","0","0","0","1","0","0","0","0","0","0","0","3","","31-3","","","","60698231","6.64443","7.19957","1.9054","1000","6675","thing","Luxor","2","4","45","45","45","2018","2,3,4","3,4","8+","No necessary in-game text","","","","","","standalone","","Piatnik; Queen Games","Czech; Hungarian; Polish; Slovak","2018","Piatnik Czech/Hungarian/Polish/Slovak edition"
"Macao","13258","0","0","0","1","0","0","0","0","0","0","0","3","","16-1","","","","67828617","0","3.8","1.6667","0","62","thing","Macao","2","5","30","30","30","1982","","","","","","","","","","standalone","","Otto Maier Verlag","German","1982","German edition"
"MacGregor","1326","0","0","0","1","0","0","0","0","0","0","0","3","","II. ","","","","53572103","5.43462","4.97014","1.1333","29213","672","thing","MacGregor","2","4","30","30","30","2000","3,4","4","6+","No necessary in-game text","","","","","","standalone","","Ravensburger","Czech; Hungarian; Polish; Slovak","2000","Multilingual edition"
"Macskák szigete","281259","0","0","0","1","0","0","0","0","0","0","0","3","","71-3","","","","82667628","7.38343","7.63072","2.355","184","42001","thing","The Isle of Cats","1","4","90","90","60","2020","1,2,3,4","3","8+","Moderate in-game text - needs crib sheet or paste ups","","","","","","standalone","","Gém Klub Kft.","Hungarian","2020","Hungarian edition"
"Macskalak","386436","0","0","0","1","0","0","0","0","0","0","0","3","","32-1","","","","118644284","5.68111","6.79851","1.3","6573","791","thing","House of Cats","1","6","20","20","15","2024","1,2,3,4","2","8+","No necessary in-game text","","","","","","standalone","","Gém Klub Kft.","Hungarian","2024","Hungarian edition"
"Macskaland","197893","0","0","0","1","0","0","0","0","0","0","0","3","","07-2","","","","62942953","5.52513","5.93404","1.125","17426","581","thing","Crazy Mistigri","3","5","15","15","15","2017","3,4,5","4,5","5+","","","","","","","standalone","","Reflexshop","Hungarian","2017","Hungarian edition"
"Magic Maze","209778","0","0","0","1","0","0","0","0","0","0","0","3","","14-3","","","","53766833","6.78059","6.94052","1.7488","770","37158","thing","Magic Maze","1","8","15","15","15","2017","2,3,4,5,6","4","8+","No necessary in-game text","","","","","","standalone","","Gém Klub Kft.","Hungarian","2017","Hungarian edition"
"Mágikus erdő","383405","0","0","0","1","0","0","0","0","0","0","0","3","","25-3","","","","129707470","0","6.66667","2","0","14","thing","Mágikus erdő","2","4","30","30","30","2022","3,4","4","","","","","","","","standalone","","Pagony játék","Hungarian","2022","Hungarian edition"
"Mágikus tekercsek","198455","0","0","0","1","0","0","0","0","0","0","0","3","","17-2","","","","83375216","5.64163","6.53896","1.625","7552","801","thing","Mystic ScROLLS","2","4","15","15","15","2020","2,3,4","2","6+","Some necessary text - easily memorized or small crib sheet","","","","","","standalone","","Compaya.hu: Gamer Café Kft.; Drawlab Entertainment; Lulla Games","Hungarian","2020","Hungarian edition"
"Magnetic Backgammon","2397","0","0","0","1","0","0","0","0","0","0","0","3","","52-1","","","","57583807","6.37261","6.57378","2.0068","1617","24771","thing","Backgammon","2","2","30","30","30","-3000","2","2","8+","No necessary in-game text","","","","","","standalone","","Cathay","English","0","Cathay red edition"
"Mágus párbaj","63808","0","0","0","1","0","0","0","0","0","0","0","3","","04-2","","","","107194726","5.50544","6.25","1","23421","85","thing","Kampf der Magier","2","6","20","20","20","2008","2,3,4,5","4","8+","No necessary in-game text","","","","","","standalone","","Piatnik","Hungarian","0","Hungarian edition"
"Mágusok kora","309408","0","0","0","1","0","0","0","0","0","0","0","3","","64-5","","","","91375087","5.88787","6.82146","2.125","3871","2103","thing","Arcana Rising","1","6","60","60","20","2022","1,2,3,4,5,6","4","10+","Some necessary text - easily memorized or small crib sheet","","","","","","standalone","","Gém Klub Kft.","Hungarian","2022","Hungarian edition"
"Magyar népmesék: A kártyajáték","341404","0","0","0","1","0","0","0","0","0","0","0","3","","24-4","","","","88239275","0","6.23704","1","0","103","thing","Magyar népmesék: A kártyajáték","2","8","30","30","20","2016","4,5,6,7,8","5,6","5","","","","","","","standalone","","Korona Games","Hungarian","2016","Hungarian first edition"
"Magyar népmesék: A társasjáték","217095","0","0","0","1","0","0","0","0","0","0","0","3","","67-2","","","","53767657","5.51314","6.45585","2.4286","20966","170","thing","Magyar népmesék: A társasjáték","2","6","45","45","25","2015","3,4,5,6","3","5–10","","","","","","","standalone","","Korona Games","Hungarian","2015","First edition"
"Magyarország Quiz","59819","0","0","0","1","0","0","0","0","0","0","0","3","","15-1","","","","53766595","0","5","0","0","20","thing","Magyarország Quiz","3","16","45","45","45","2004","","","","","","","","","","standalone","","Piatnik","Hungarian","2004","Hungarian edition"
"Malefiz","2322","0","0","0","1","0","0","0","0","0","0","0","3","","II.","","","","53572133","5.44103","5.43356","1.1963","29170","2920","thing","Malefiz","2","6","60","60","60","1982","2,3,4","4","5+","No necessary in-game text","","","","","","standalone","","Otto Maier Verlag","English; French; German; Italian","1982","Ravensburger brown box edition"
"Man Bites Dog","4035","0","0","0","1","0","0","0","0","0","0","0","3","","01-2","","","","58419164","5.23665","4.59679","1.1017","29557","2276","thing","Man Bites Dog","2","6","10","10","10","2010","3,4,5,6","4","8+","Unplayable in another language","","","","","","standalone","","University Games","English","2010","English ""New Edition"" 2010"
"Mancala","2448","0","0","0","1","0","0","0","0","0","0","0","3","","53-1","","","","89784377","5.84019","6.00448","1.5958","4285","17088","thing","Kalah","2","2","10","10","10","2013","2","2","6+","No necessary in-game text","","","","","","standalone","","Noris Spiele","Bulgarian; Czech; Dutch; English; French; German; Greek; Hungarian; Italian; Polish; Romanian; Slovak; Spanish","2013","Noris deluxe multilingual edition"
"Manchester United ChampionsChess Set","171","0","0","0","1","0","0","0","0","0","0","0","3","","52-1","","","","53578891","7.03231","7.23197","3.6474","455","59029","thing","Chess","2","2","0","0","0","2001","2","2","6+","No necessary in-game text","","","","","","standalone","","Manchester United Football Club","English","2001","Manchester United English edition"
"Mandala","264241","0","0","0","1","0","0","0","0","0","0","0","3","","53-3","","","","88331218","6.9584","7.45214","1.78","543","11363","thing","Mandala","2","2","20","20","20","2019","2","2","10+","No necessary in-game text","","","","","","standalone","","Compaya.hu: Gamer Café Kft.","Hungarian","2019","Hungarian edition"
"Mandala kövek","317504","0","0","0","1","0","0","0","0","0","0","0","3","","19-5","","","","95396114","6.13292","6.84308","1.8308","2460","5368","thing","Mandala Stones","2","4","30","30","30","2021","2,3,4","2","8+","Some necessary text - easily memorized or small crib sheet","","","","","","standalone","","Board&Dice; Reflexshop","Hungarian","2021","Hungarian edition"
"Mandala Stones: Harmony","350460","0","0","0","1","0","0","0","0","0","0","0","3","","19-5","","","","135765234","5.57067","7.17875","2.2857","0","1235","thing","Mandala Stones: Harmony","2","4","30","30","30","2022","2,3,4","2","8+","","","","","","","expansion","","Board&Dice","English","2022","English edition"
"Manhattan","199","0","0","0","1","0","0","0","0","0","0","0","3","","57-4","","","","53572142","6.37988","6.73076","1.9227","1605","8605","thing","Manhattan","2","4","45","45","45","1994","3,4","4","8+","No necessary in-game text","","","","","","standalone","","Hans im Glück","German","1994","German second (SdJ) edition"
"The Manhattan Project","63628","0","0","0","1","0","0","0","0","0","0","0","3","","80-1","","","","67575561","6.95087","7.31135","2.9557","551","12616","thing","The Manhattan Project","2","5","120","120","120","2015","2,3,4,5","4","10+","No necessary in-game text","","","","","","standalone","","Minion Games","English","2015","English fourth edition"
"Manhattan TraffIQ","179813","0","0","0","1","0","0","0","0","0","0","0","3","","27-3","","","","127896030","5.51698","6.08727","2","19758","113","thing","Manhattan TraffIQ","2","4","30","30","30","2015","2,3,4","2","8+","No necessary in-game text","","","","","","standalone","","Mücke Spiele","English; German","2015","English/German edition"
"Marabunta","403265","0","0","0","1","0","0","0","0","0","0","0","3","","55-4","","","","122191792","6.18326","7.46065","2.1818","2252","2980","thing","Marabunta","2","2","30","30","30","2024","2","2","8+","No necessary in-game text","","","","","","standalone","","Gém Klub Kft.","Hungarian","2024","Hungarian edition"
"Maradj talpon!","190629","0","0","0","1","0","0","0","0","0","0","0","3","","15-2","","","","108822423","0","5.9375","0","0","24","thing","Maradj talpon!","2","4","30","30","15","2013","","","","","","","","","","standalone","","Piatnik","Hungarian","2013","Hungarian edition"
"Marie Curie nyomában","408770","0","0","0","1","0","0","0","0","0","0","0","3","","30-2","","","","132941674","5.75326","6.80275","2","5279","1157","thing","In the Footsteps of Marie Curie","2","4","30","30","20","2025","2,3,4","2","10+","No necessary in-game text","","","","","","standalone","","Gém Klub Kft.","Hungarian","2025","Hungarian edition"
"Mariposas","297978","0","0","0","1","0","0","0","0","0","0","0","3","","71-2","","","","95420258","6.36146","6.75581","2.2025","1646","11920","thing","Mariposas","2","5","75","75","45","2020","2,3,4,5","3,4","10+","Some necessary text - easily memorized or small crib sheet","","","","","","standalone","","Reflexshop","Hungarian","2020","Hungarian edition"
"Marrakech","29223","0","0","0","1","0","0","0","0","0","0","0","3","","34-1","","","","53572149","6.33593","6.7075","1.3333","1722","7349","thing","Marrakech","2","4","30","30","30","2007","2,3,4","4","6+","No necessary in-game text","","","","","","standalone","","Gigamic","Arabic; Chinese; Czech; Dutch; English; Estonian; Finnish; French; German; Greek; Hebrew; Hungarian; Icelandic; Italian; Japanese; Latvian; Lithuanian; Polish; Portuguese; Russian; Slovenian; Spanish; Swedish","2007","Gigamic multilingual edition 2007"
"A Mars terraformálása","167791","0","0","0","1","0","0","0","0","0","0","0","3","","79-2","","","","53881909","8.19287","8.34237","3.2659","8","153864","thing","Terraforming Mars","1","5","120","120","120","2017","1,2,3,4","3","12+","Extensive use of text - massive conversion needed to be playable","","","","","","standalone","","FryxGames; Reflexshop","Hungarian","2017","Hungarian edition"
"A Mars terraformálása: Árész-expedíció","328871","0","0","0","1","0","0","0","0","0","0","0","3","","79-2","","","","94862834","7.37812","7.64144","2.9172","186","38688","thing","Terraforming Mars: Ares Expedition","1","4","60","60","45","2021","1,2,3,4","3","12+","Moderate in-game text - needs crib sheet or paste ups","","","","","","standalone","","Reflexshop","Hungarian","2021","Hungarian edition"
"A Mars terraformálása: Kockajáték","296108","0","0","0","1","0","0","0","0","0","0","0","3","","79-2","","","","111401523","6.60008","7.32008","2.4098","1071","9318","thing","Terraforming Mars: The Dice Game","1","4","45","45","45","2023","1,2,3,4","2","10+","Some necessary text - easily memorized or small crib sheet","","","","","","standalone","","Reflexshop","Hungarian","2023","Hungarian edition"
"Martinique","42244","0","0","0","1","0","0","0","0","0","0","0","3","","51-4","","","","53572157","5.74107","6.25333","1.8831","5447","1909","thing","Martinique","2","2","30","30","30","2010","2","2","8+","No necessary in-game text","","","","","","standalone","","Z-Man Games","English","2010","English edition"
"Marvel United: Multiverzum","377969","0","0","0","1","0","0","0","0","0","0","0","3","","27-5","","","","128494028","6.15206","8.46126","2","2373","3934","thing","Marvel United: Multiverse","1","5","40","40","20","2024","1,2,3,4,5","2,3","8+","Moderate in-game text - needs crib sheet or paste ups","","","","","","standalone","","Reflexshop","Hungarian","2024","Hungarian edition"
"Marvel United: Spider-Geddon","379908","0","0","0","1","0","0","0","0","0","0","0","3","","27-5","","","","128494049","6.08143","8.27109","1.8125","2695","3682","thing","Marvel United: Spider-Geddon","1","5","40","40","40","2024","1,2,3,4,5","3","8+","Moderate in-game text - needs crib sheet or paste ups","","","","","","standalone","","Reflexshop","Hungarian","2024","Hungarian edition"
"Marvel Zombies: Heroes' Resistance","366023","0","0","0","1","0","0","0","0","0","0","0","3","","63-5","","","","113285254","6.14586","7.76315","2.3462","2401","3832","thing","Marvel Zombies: Heroes' Resistance","1","4","60","60","60","2022","1,2,3,4","2,4","10+","Some necessary text - easily memorized or small crib sheet","","","","","","standalone","","","","",""
"Mascarade","139030","0","0","0","1","0","0","0","0","0","0","0","3","","01-4","","","","53759191","6.33322","6.55308","1.5301","1729","17746","thing","Mascarade","2","13","30","30","30","2013","4,5,6,7,8,9,10,11","6,7,8","10+","No necessary in-game text","","","","","","standalone","","Repos Production","English","2013","English first edition"
"Második esély","265683","0","0","0","1","0","0","0","0","0","0","0","3","","18-4","","","","62811988","6.05102","6.65256","1.1489","2853","4008","thing","Second Chance","1","6","15","15","10","2019","1,2,3,4,5,6","2,3,4","8+","No necessary in-game text","","","","","","standalone","","Compaya.hu: Gamer Café Kft.","Hungarian","2019","Hungarian edition"
"Matricás Laci: Kapj el!","363271","0","0","0","1","0","0","0","0","0","0","0","3","","04-2","","","","94369541","0","5","0","0","18","thing","Matricás Laci: Kapj el!","3","8","20","20","20","2021","","","","","","","","","","standalone","","Pagony játék","Hungarian","2021","Hunungarian edition"
"Mátyás","261117","0","0","0","1","0","0","0","0","0","0","0","3","","31-2","","","","54674036","0","5.96111","3","0","52","thing","Mátyás","2","4","120","120","60","2018","2,3,4","3,4","12+","","","","","","","standalone","","Keller & Mayer","Hungarian","2018","Hungarian edition"
"Die Maulwurf Company","321","0","0","0","1","0","0","0","0","0","0","0","3","","II. ","","","","53665329","5.7577","6.27757","1.2796","5213","2086","thing","The Mole in the Hole","2","4","30","30","30","2001","2,3,4","3,4","5+","No necessary in-game text","","","","2191","Vakondcsapat","standalone","","Ravensburger","German","2001","German edition 2001"
"Der Maulwurf und sein Versteck-Spiel","60710","0","0","0","1","0","0","0","0","0","0","0","3","","22-3","","","","60749485","5.49511","5.32","1.25","25990","81","thing","Der Maulwurf und sein Versteck-Spiel","2","4","15","15","15","2007","2,3,4","4","4–6","No necessary in-game text","","","","","","standalone","","Ravensburger","German","2007","German edition"
"Medvepark","219513","0","0","0","1","0","0","0","0","0","0","0","3","","30-3","","","","100169471","7.07455","7.27836","1.6611","414","27588","thing","Bärenpark","2","4","45","45","30","2022","2,3,4","4","6+","No necessary in-game text","","","","","","standalone","","Compaya.hu: Gamer Café Kft.","Hungarian","2022","Hungarian edition"
"Mélytáv","436126","0","0","0","1","0","0","0","0","0","0","0","3","","61-3","","","","133340793","6.90262","7.69308","2.3158","609","11033","thing","Finspan","1","5","60","60","45","2025","1,2,3,4","2,3","10+","Some necessary text - easily memorized or small crib sheet","","","","","","standalone","","Delta Vision Publishing","Hungarian","2025","Hungarian edition"
"Memoarrr!","230383","0","0","0","1","0","0","0","0","0","0","0","3","","25-1","","","","66407198","6.21521","6.88571","1.22","2128","5018","thing","Memoarrr!","2","4","20","20","10","2019","2,3,4","4","5+","No necessary in-game text","","","","","","standalone","","Compaya.hu: Gamer Café Kft.","Hungarian","2019","Hungarian edition"
"Men in Tanks: Lazarus' War","319621","0","0","0","1","0","0","0","0","0","0","0","3","","77-1","","","","88297694","0","8.52143","2.6","0","22","thing","Men in Tanks: Lazarus' War","2","8","90","90","30","2022","2,3,4","4","8+","","","","","","","standalone","","(Self-Published)","English; Hungarian","2022","English/Hungarian edition"
"Menekülés a vulkánszigetről","425428","0","0","0","1","0","0","0","0","0","0","0","3","","25-4","","","","128493924","6.45875","7.43015","1.4516","1394","6043","thing","Survive The Island","2","5","45","45","45","2024","2,3,4,5","4","6+","Some necessary text - easily memorized or small crib sheet","","","","","","standalone","","Zygomatic","Hungarian","2024","Hungarian edition"
"Mennyei ser","227789","0","0","0","1","0","0","0","0","0","0","0","3","","74-1","","","","59507099","7.10646","7.53316","3.1735","381","11799","thing","Heaven & Ale","2","4","90","90","60","2017","2,3,4","4","12+","No necessary in-game text","","","","","","standalone","","Piatnik","Hungarian","2017","Hungarian edition"
"Menzacsata","362616","0","0","0","1","0","0","0","0","0","0","0","3","","07-4","","","","94369508","0","6.22222","1.5","0","49","thing","Menzacsata","0","0","0","0","0","2022","","","6–14","","","","","","","standalone","","Pagony játék","Hungarian","2022","Hungarian edition"
"Mercado","244794","0","0","0","1","0","0","0","0","0","0","0","3","","32-4","","","","62942485","5.72224","6.52606","1.7895","5746","1585","thing","Mercado","2","4","30","30","30","2018","2,3,4","4","8+","No necessary in-game text","","","","","","standalone","","Piatnik","Hungarian","2018","Hungarian edition"
"A méret a lényeg","297123","0","0","0","1","0","0","0","0","0","0","0","3","","08-4","","","","127707845","0","5.575","1","0","70","thing","Bigger is Better","2","4","30","30","10","2024","","","","","","","","","","standalone","","Reflexshop","Hungarian","2024","Hungarian edition"
"Merlin","230933","0","0","0","1","0","0","0","0","0","0","0","3","","75-1","","","","62942654","6.51723","7.14381","3.0949","1252","5431","thing","Merlin","2","4","75","75","75","2018","2,3,4","3","12+","No necessary in-game text","","","","","","standalone","","Piatnik","Hungarian","2018","Hungarian edition"
"Messina 1347","238799","0","0","0","1","0","0","0","0","0","0","0","3","","83-2","","","","96219150","6.73026","7.50895","3.599","844","6982","thing","Messina 1347","1","4","140","140","60","2022","1,2,3,4","3","12+","No necessary in-game text","","","","","","standalone","","Gém Klub Kft.","Hungarian","2022","Hungarian edition"
"Mesterlogika","2392","0","0","0","1","0","0","0","0","0","0","0","3","","53-1","","","","99704616","5.58698","5.66619","1.7821","9908","15685","thing","Mastermind","2","2","20","20","20","1971","2","2","8+","No necessary in-game text","","","","","","standalone","","Poptoy","Hungarian","0","Poptoy Hungarian edition"
"Meteorit","381078","0","0","0","1","0","0","0","0","0","0","0","3","","69-2","","","","130239764","5.91752","7.17627","2.1304","3650","1392","thing","Comet","2","4","75","75","45","2025","2,3,4","3,4","10+","Moderate in-game text - needs crib sheet or paste ups","","","","","","standalone","","HUCH!; Reflexshop","Hungarian","2025","Hungarian edition"
"Metro","559","0","0","0","1","0","0","0","0","0","0","0","3","","33-3","","","","53572185","6.12448","6.36752","1.6845","2499","8610","thing","Metro","2","6","30","30","30","1997","2,3,4,5,6","2","8+","No necessary in-game text","","","","","","standalone","","Queen Games","Hungarian","0","Queen Hungarian edition"
"Metro X","248861","0","0","0","1","0","0","0","0","0","0","0","3","","33-3","","","","84848943","6.26339","7.09274","1.7407","1943","3918","thing","Metro X","1","6","20","20","20","2020","1,2,3,4,5,6","1,2","10+","No necessary in-game text","","","","","","standalone","","Gamewright; Reflexshop","Hungarian","2020","Hungarian edition"
"Mexican Standoff","217680","0","0","0","1","0","0","0","0","0","0","0","3","","04-1","","","","59929510","5.50717","5.76724","1.8333","22900","152","thing","Mexican Standoff","3","5","30","0","30","2017","3,4,5","4,5","","","","","","","","standalone","","Vagabund","English; French; German; Hungarian","2017","English/French/German/Hungarian edition"
"Mexican Train","11634","0","0","0","1","0","0","0","0","0","0","0","3","","18-1","","","","89972324","5.64178","5.81491","1.2453","7546","6161","thing","Mexican Train","1","8","20","20","20","1994","2,3,4,5,6,7,8","4","6+","No necessary in-game text","","","","","","standalone","","Tactic","English","0","Tactic English edition"
"Michael Strogoff","224894","0","0","0","1","0","0","0","0","0","0","0","3","","64-4","","","","124443331","5.7624","6.69138","2.1","5149","1406","thing","Michael Strogoff","1","5","60","60","60","2017","1,2,3,4","1","10+","No necessary in-game text","","","","","","standalone","","Devir","English","2017","English edition"
"[microfilms]","175867","0","0","0","1","0","0","0","0","0","0","0","3","","03-1","","","","53665852","5.51259","5.80127","1.8462","21140","614","thing","[microfilms]","2","6","30","30","10","2015","2,3,4,5,6","4,5","10+","Some necessary text - easily memorized or small crib sheet","","","","","","standalone","","LudiCreations; Passport Game Studios","English","2015","English edition"
"MicroMacro: Crime City","318977","0","0","0","1","0","0","0","0","0","0","0","3","","59-2
MicroMacro fal","","","","84986054","7.22186","7.46039","1.1005","281","36989","thing","MicroMacro: Crime City","1","4","45","45","15","2021","1,2,3","2","8+","Moderate in-game text - needs crib sheet or paste ups","","","","","","standalone","","Edition Spielwiese; Reflexshop","Hungarian","2021","Hungarian edition"
"MicroMacro: Crime City – A végső rejtély","400114","0","0","0","1","0","0","0","0","0","0","0","3","","MicroMacro fal","","","","128153092","5.70827","8.06252","1.25","0","2866","thing","MicroMacro: Crime City – Bonus Box","1","4","15","15","15","2024","1,2,3,4","1,3","8","Extensive use of text - massive conversion needed to be playable","","","","","","expansion","","Reflexshop","Hungarian","2024","Hungarian edition"
"MicroMacro: Crime City – All In","364766","0","0","0","1","0","0","0","0","0","0","0","3","","MicroMacro fal","","","","128152903","6.41386","7.82324","1.0833","1517","6904","thing","MicroMacro: Crime City – All In","1","4","45","45","15","2022","1,2,3","1,2","8+","Moderate in-game text - needs crib sheet or paste ups","","","","","","standalone","","Edition Spielwiese; Reflexshop","Hungarian","2022","Hungarian edition"
"MicroMacro: Crime City – Full House","338834","0","0","0","1","0","0","0","0","0","0","0","3","","MicroMacro fal","","","","128152980","6.97256","7.65278","1.172","521","15886","thing","MicroMacro: Crime City – Full House","1","4","45","45","15","2021","1,2,3","2","8+","Moderate in-game text - needs crib sheet or paste ups","","","","","","standalone","","Edition Spielwiese; Reflexshop","Hungarian","2021","Hungarian edition"
"MicroMacro: Crime City – Showdown","398162","0","0","0","1","0","0","0","0","0","0","0","3","","MicroMacro fal","","","","128152852","6.02691","7.90765","1","2961","4244","thing","MicroMacro: Crime City – Showdown","1","4","45","45","15","2023","1,2,3","2","8+","Extensive use of text - massive conversion needed to be playable","","","","","","standalone","","","","",""
"Micsoda Pech #!?","12942","0","0","0","1","0","0","0","0","0","0","0","3","","07-4","","","","72493260","6.95392","7.07996","1.1311","544","44765","thing","No Thanks!","3","7","20","20","20","2019","3,4,5,6,7","4,5","8+","No necessary in-game text","","","","","","standalone","","Piatnik","Hungarian","2019","Hungarian edition"
"Mikado","6424","0","0","0","1","0","0","0","0","0","0","0","3","","19-2","","","","67864158","4.82389","4.3797","1.0478","29600","4534","thing","Pick Up Sticks","2","6","30","30","10","1850","2,3,4,5,6","3","5+","No necessary in-game text","","","","","","standalone","","(Unknown)","Hungarian","0","Hungarian edition"
"Mikulás Műhelye Deluxe","353942","0","0","0","1","0","0","0","0","0","0","0","3","","61-2","","","","129707544","6.01633","7.6668","2.0952","3006","2113","thing","Santa's Workshop (Second Edition)","2","5","60","60","30","2025","2,3,4,5","4","6+","Some necessary text - easily memorized or small crib sheet","","","","","","standalone","","A-Z kiadó","Hungarian","2025","Hungarian edition"
"Milestones","117914","0","0","0","1","0","0","0","0","0","0","0","3","","74-2","","","","53572210","5.87986","6.57644","2.5978","3926","2017","thing","Milestones","2","4","60","60","60","2012","2,3,4","3","10+","No necessary in-game text","","","","","","standalone","","Stronghold Games","English","2012","English first edition"
"Mille Grazie","83199","0","0","0","1","0","0","0","0","0","0","0","3","","25-1","","","","53767687","5.51255","5.79146","1.2857","21150","294","thing","Mille Grazie","2","4","30","30","30","2010","3,4","4","8+","No necessary in-game text","","","","","","standalone","","Zoch Verlag","English; French; German; Italian","2010","English/French/German/Italian edition"
"Million Dollar Script","304336","0","0","0","1","0","0","0","0","0","0","0","3","","01-2","","","","128114988","5.49281","5.43396","1","26414","380","thing","Million Dollar Script","3","10","60","60","45","2021","5,6,7,8,9,10","7","8+","Moderate in-game text - needs crib sheet or paste ups","","","","","","standalone","","Portal Games","English","2021","English edition"
"Million Dollar Script: Setting Cards Promo Set","420380","0","0","0","1","0","0","0","0","0","0","0","3","","01-2","","","","128115012","0","0","0","0","37","thing","Million Dollar Script: Setting Cards Promo Set","3","10","0","0","0","2021","","","","","","","","","","expansion","","Portal Games","English","2021","English edition"
"Mimikri","130724","0","0","0","1","0","0","0","0","0","0","0","3","","21-2","","","","53572227","5.50034","5.52083","1.2","24797","102","thing","Mimikri","2","4","20","20","20","2012","","","","","","","","","","standalone","","Zoch Verlag","English; French; German; Italian","2012","English/French/German/Italian edition"
"The Mind","244992","0","0","0","1","0","0","0","0","0","0","0","3","","07-4
*","","","","55945248","6.60366","6.72799","1.0753","1062","66020","thing","The Mind","2","4","20","20","20","2018","2,3,4","4","8+","No necessary in-game text","","","","","","standalone","","Nürnberger-Spielkarten-Verlag","Czech; English; Hungarian; Polish; Slovak","2018","Multilingual Eastern European edition"
"The Mind Extrém","287607","0","0","0","1","0","0","0","0","0","0","0","3","","07-4
*","","","","117776489","5.99995","6.89079","1.3421","3114","4226","thing","The Mind Extreme","2","4","20","20","20","2020","2,3,4","4","10+","No necessary in-game text","","","","","","standalone","","Gém Klub Kft.","Hungarian","2020","Hungarian edition"
"Mind the Gap","229537","0","0","0","1","0","0","0","0","0","0","0","3","","01-3","","","","67827949","5.50553","5.71434","1","23381","380","thing","Mind the Gap","2","8","20","20","10","2017","2,3,4,5,6","3,4,5,6","5+","Some necessary text - easily memorized or small crib sheet","","","","","","standalone","","H. P. Gibson & Sons","English","0","English edition"
"Mind Trap","1923","0","0","0","1","0","0","0","0","0","0","0","3","","52-3","","","","53572237","5.16662","4.79577","1.9444","29575","5412","thing","MindTrap","2","16","60","60","60","1991","2,4,5,6,7,8,9,10","6","12+","Unplayable in another language","","","","","","standalone","","Paul Lamond Games Ltd","English","0","Paul Lamond English edition"
"Mind Up!","377515","0","0","0","1","0","0","0","0","0","0","0","3","","05-3","","","","115017956","5.91156","6.71736","1.1923","3694","2044","thing","Mind Up!","3","6","20","20","15","2023","3,4,5,6","4","8+","No necessary in-game text","","","","","","standalone","","Gém Klub Kft.","Hungarian","2023","Hungarian edition"
"Minecraft: Builders & Biomes","269603","0","0","0","1","0","0","0","0","0","0","0","3","","28-1","","","","129932410","6.3068","6.88884","1.9873","1808","8896","thing","Minecraft: Builders & Biomes","2","4","60","60","30","2019","2,3,4","3","6+","No necessary in-game text","","","","","","standalone","","Ravensburger","Dutch; English; French; German; Italian; Spanish","2019","Multilingual edition"
"MiniCity","245630","0","0","0","1","0","0","0","0","0","0","0","3","","21-2","","","","128694170","0","5.63462","2","0","57","thing","MiniCity","2","4","35","0","35","2018","","","","","","","","","","standalone","","Piatnik","Czech; French; German; Hungarian; Italian; Polish; Slovak","2018","Multilingual edition"
"Mint Delivery","230251","0","0","0","1","0","0","0","0","0","0","0","3","","28-5","","","","127896448","5.82559","6.15847","1.625","4423","8678","thing","Mint Delivery","1","5","30","30","15","2020","2,3,4,5","4","8+","No necessary in-game text","","","","","","standalone","","funbot","German","2020","German edition"
"Mississippi Queen","256","0","0","0","1","0","0","0","0","0","0","0","3","","57-4","","","","53572257","6.02345","6.31338","1.6963","2978","6833","thing","Mississippi Queen","3","5","45","45","45","1997","3,4,5","4,5","8+","No necessary in-game text","","","","","","standalone","","Goldsieber Spiele","German","1997","Goldsieber German first edition"
"Mistakos","2922","0","0","0","1","0","0","0","0","0","0","0","3","","19-3","","","","53756559","5.52614","5.64323","1.0308","17177","1862","thing","Chairs","1","99","20","20","20","2019","2,3,4,5,6","4","5+","No necessary in-game text","","","","","","standalone","","Trefl","Czech; Hungarian; Polish; Romanian; Slovak","2019","Trefl POL/HUN/CZE/SLO/ROM edition"
"Mistakos: Level up","292908","0","0","0","1","0","0","0","0","0","0","0","3","","19-3","","","","66158608","5.50792","5.95577","1","22637","131","thing","Mistakos: Level up","1","3","25","25","10","2020","2,3","3","","","","","","","","standalone","","Trefl","Czech; Hungarian; Polish; Romanian; Slovak","2020","Trefl CZE/HUN/POL/ROM/SLO edition"
"Misty","270443","0","0","0","1","0","0","0","0","0","0","0","3","","07-2","","","","117294537","5.59366","6.13288","1.0625","9481","1516","thing","Misty","2","5","15","0","15","2019","2,3,4,5","3","6+","No necessary in-game text","","","","","","standalone","","Reflexshop","Hungarian","2019","Hungarian edition"
"MLEM: Asztronyauták","387378","0","0","0","1","0","0","0","0","0","0","0","3","","34-5","","","","138528424","6.626","7.16547","1.6947","1028","9210","thing","MLEM: Space Agency","2","5","60","60","30","2024","3,4,5","4,5","8+","No necessary in-game text","","","","","","standalone","","Gém Klub Kft.","Hungarian","2024","Hungarian edition"
"Mmm!","172507","0","0","0","1","0","0","0","0","0","0","0","3","","22-5","","","","56438213","5.70305","6.41295","1.2941","6098","1090","thing","Mmm!","1","6","20","20","15","2017","1,2,3,4","2","4+","No necessary in-game text","","","","","","standalone","","Compaya.hu: Gamer Café Kft.","Hungarian","2017","Hungarian edition"
"Møbee","410162","0","0","0","1","0","0","0","0","0","0","0","3","","07-3","","","","119463148","5.5207","7.53438","1.5","18685","55","thing","Møbee","2","5","15","15","5","2023","2,3,4,5","4","6+","No necessary in-game text","","","","","","standalone","","(Self-Published)","Hungarian","2023","Hungarian edition"
"Modern Art","118","0","0","0","1","0","0","0","0","0","0","0","3","","65-3","","","","88179349","7.32742","7.52092","2.2828","217","32678","thing","Modern Art","3","5","45","45","45","2020","3,4,5","4,5","10+","No necessary in-game text","","","","","","standalone","","CMON Global Limited","English","2020","CMON English edition 2020"
"Mogel Motte","105593","0","0","0","1","0","0","0","0","0","0","0","3","","06-4","","","","53757000","6.09491","6.40586","1.142","2631","15123","thing","Cheating Moth","3","5","30","30","30","2011","3,4,5","5","6+","No necessary in-game text","","","","","","standalone","","Drei Magier Spiele","Dutch; English; French; German; Italian","2011","Multilingual edition"
"Mókuskaland","321832","0","0","0","1","0","0","0","0","0","0","0","3","","21-4","","","","98746105","0","6.18182","0","0","48","thing","Mókuskaland","2","4","30","30","8","2019","","","3–6","No necessary in-game text","","","","","","standalone","","Keller & Mayer","Hungarian","2019","Hungarian edition"
"Mombasa","172386","0","0","0","1","0","0","0","0","0","0","0","3","","81-1","","","","67531591","7.48474","7.83862","3.8902","140","15193","thing","Mombasa","2","4","150","150","75","2016","2,3,4","4","14+","No necessary in-game text","","","","","","standalone","","eggertspiele; Pegasus Spiele","English; German","2016","English/German second edition"
"Monastery","33172","0","0","0","1","0","0","0","0","0","0","0","3","","78-1","","","","54400353","5.59737","6.26651","2.8596","9308","550","thing","Monastery","2","4","60","60","60","2008","2,3,4","4","12+","No necessary in-game text","","","","","","standalone","","Ragnar Brothers","English","2008","English edition"
"Monopolis","371057","0","0","0","1","0","0","0","0","0","0","0","3","","29-5
","","","","99361622","5.52038","7.43226","2","18781","44","thing","Monopolis","2","4","60","60","60","2022","","","","","","","","","","standalone","","Compaya.hu: Gamer Café Kft.","Hungarian","2022","Hungarian edition"
"Monopoly","1406","0","0","0","1","0","0","0","0","0","0","0","3","","35-1","","","","108821589","4.29115","4.36319","1.6231","29617","57638","thing","Monopoly","2","8","180","180","60","2008","3,4,5,6","4","8+","Moderate in-game text - needs crib sheet or paste ups","","","","","","standalone","","Hasbro; Parker Brothers","Finnish","2008","Hasbro/ Parker Brothers speed die edition"
"Monopoly","1406","0","0","0","1","0","0","0","0","0","0","0","3","","01-5","","","","131245316","4.29115","4.36319","1.6231","29617","57638","thing","Monopoly","2","8","180","180","60","2023","3,4,5,6","4","8+","Moderate in-game text - needs crib sheet or paste ups","","","","","","standalone","","Hasbro","English","2023","English UK edition 2023"
"Monopoly","1406","0","0","0","1","0","0","0","0","0","0","0","3","","01-5","","","","131245482","4.29115","4.36319","1.6231","29617","57638","thing","Monopoly","2","8","180","180","60","2023","3,4,5,6","4","8+","Moderate in-game text - needs crib sheet or paste ups","","","","","","standalone","","Hasbro","English","2023","English UK edition 2023"
"Monopoly Deal Kártyajáték","40398","0","0","0","1","0","0","0","0","0","0","0","3","","06-3","","","","54439320","6.09161","6.32225","1.3162","2649","27054","thing","Monopoly Deal Card Game","2","5","15","15","15","2014","2,3,4,5","4","8+","Some necessary text - easily memorized or small crib sheet","","","","","","standalone","","Cartamundi","Hungarian","2014","Cartamundi Hungarian edition"
"Monopoly Junior","5339","0","0","0","1","0","0","0","0","0","0","0","3","","24-2","","","","53572268","4.94916","4.3659","1.1951","29595","4798","thing","Monopoly Junior","2","4","45","45","45","1990","2,3,4","3,4","5–8","Some necessary text - easily memorized or small crib sheet","","","","","","standalone","","Parker Spiele","German","0","Parker German edition"
"Monopoly Kompakt","36611","0","0","0","1","0","0","0","0","0","0","0","3","","35-1","","","","53783666","5.31764","4.37281","1.5263","29513","1011","thing","Monopoly: The Portable Property Trading Game","2","6","120","120","120","2015","3,4,5,6","4,5,6","10+","Moderate in-game text - needs crib sheet or paste ups","","","","","","standalone","","Hasbro","German","2015","German edition 2015"
"Monopoly Milliomos","130240","0","0","0","1","0","0","0","0","0","0","0","3","","35-1","","","","53767966","5.4487","5.14717","1.7857","29072","1197","thing","Monopoly Millionaire","2","4","60","60","60","2012","3,4","3","8+","Some necessary text - easily memorized or small crib sheet","","","","","","standalone","","Hasbro","Hungarian","2012","Hungarian edition"
"Monopoly: London Underground Edition","51336","0","0","0","1","0","0","0","0","0","0","0","3","","01-1","","","","59049171","0","5.57143","0","0","27","thing","Monopoly: London Underground Edition","2","6","60","60","60","2008","","","","","","","","","","standalone","","Parker Brothers; Winning Moves UK Ltd.","English","2008","English edition"
"Monopoly: Magyarország","363937","0","0","0","1","0","0","0","0","0","0","0","3","","35-1
36-1","","","","98175941","0","5.6","0","0","14","thing","Monopoly: Magyarország","2","6","0","0","0","2011","","","","","","","","","","standalone","","Hasbro","Hungarian","2011","Hungarian edition"
"Monopoly: Star Wars","183521","0","0","0","1","0","0","0","0","0","0","0","3","","35-1","","","","59816633","5.45678","5.2435","1.6364","28936","1239","thing","Monopoly: Star Wars","2","4","60","60","20","2015","2,4","4","6+","Moderate in-game text - needs crib sheet or paste ups","","","","","","standalone","","Hasbro","Hungarian","2015","Hungarian edition"
"Monopoly: Szélhámosok Kiadás","254617","0","0","0","1","0","0","0","0","0","0","0","3","","35-1","","","","55033511","5.37519","5.04646","1.3636","29444","2731","thing","Monopoly: Cheaters Edition","2","6","180","180","60","2018","3,4,5,6","4","8+","Moderate in-game text - needs crib sheet or paste ups","","","","","","standalone","","Hasbro","Hungarian","2018","Hungarian edition"
"Monster HR","455346","0","0","0","1","0","0","0","0","0","0","0","3","","25-4","","","","138748364","0","7.08333","2","0","16","thing","Monster HR","2","5","30","30","30","2025","2,3,4,5","4,5","","","","","","","","standalone","","Pagony játék","Hungarian","2025","Hungarian edition"
"MONSTER PARK","270271","0","0","0","1","0","0","0","0","0","0","0","3","","22-4","","","","86803065","5.50043","5.698","1","24775","72","thing","MONSTER PARK","2","4","40","40","20","2019","4","4","4+","","","","","","","standalone","","","","",""
"Monster-Bande","261265","0","0","0","1","0","0","0","0","0","0","0","3","","08-1","","","","115174214","5.52908","6.8209","1","16473","166","thing","Monster-Bande","2","8","25","25","25","2018","4,5,6,7,8","4","5–10","No necessary in-game text","","","","","","standalone","","Drei Hasen in der Abendsonne","English; French; German; Italian","2018","Multilingual edition"
"Monstermania","67041","0","0","0","1","0","0","0","0","0","0","0","3","","19-1","","","","53572278","5.50032","5.5175","1","24800","68","thing","Monstermania","2","5","15","15","15","2010","","","","","","","","","","standalone","","Piatnik","Czech; French; German; Hungarian; Slovak","2010","Multilingual first edition"
"Monumental","248125","0","0","0","1","0","0","0","0","0","0","0","3","","76-5","","","","106285294","6.37168","7.41119","2.8889","1623","4668","thing","Monumental","1","4","120","120","90","2023","1,2,3","2,3","12+","Moderate in-game text - needs crib sheet or paste ups","","","","","","standalone","","Gém Klub Kft.","Hungarian","2023","Hungarian edition"
"Moons","169743","0","0","0","1","0","0","0","0","0","0","0","3","","03-2","","","","68144636","5.52553","5.77009","1.5","17325","691","thing","Moons","3","6","20","20","20","2017","3,4,5","4","8","","","","","","","standalone","","Quick Simple Fun Games","English","2017","English edition"
"Moorea","247984","0","0","0","1","0","0","0","0","0","0","0","3","","06-2","","","","83377929","5.56737","6.2253","2","11279","472","thing","Moorea","2","5","30","30","30","2018","2,3,4,5","2","8+","No necessary in-game text","","","","","","standalone","","dlp games","English; French; German","2018","English/French/German edition"
"Mosaic: A civilizáció története","329551","0","0","0","1","0","0","0","0","0","0","0","3","","76-5","","","","112992180","6.80877","7.4825","3.0345","728","8397","thing","Mosaic: A Story of Civilization","2","6","120","120","120","2023","2,3,4,5","4","12+","Moderate in-game text - needs crib sheet or paste ups","","","","","","standalone","","Gém Klub Kft.","Hungarian","2023","Hungarian edition"
"Mosómaci Almája","363482","0","0","0","1","0","0","0","0","0","0","0","3","","21-4","","","","98746128","0","0","0","0","6","thing","Mosómaci Almája","2","4","0","0","0","0","","","","","","","","","","standalone","","Keller & Mayer","Hungarian","0","Hungarian edition"
"Moving Day","400276","0","0","0","1","0","0","0","0","0","0","0","3","","32-4","","","","123481497","5.5417","6.9169","2","14072","127","thing","Moving Day","2","4","40","40","20","2024","2,3,4","4","8+","No necessary in-game text","","","","","","standalone","","Piatnik","Czech; English; French; German; Hungarian; Slovak","2024","Multilingual edition"
"MOW","38984","0","0","0","1","0","0","0","0","0","0","0","3","","04-4","","","","53665798","5.75774","6.12753","1.0794","5211","2776","thing","MOW","2","10","15","15","15","2011","3,4,5,6","4","6+","No necessary in-game text","","","","","","standalone","","Hurrican","English; Greek; Turkish","2011","English/Greek/Turkish edition"
"Mozzaroller","331056","0","0","0","1","0","0","0","0","0","0","0","3","","17-2","","","","84245305","5.54623","6.69029","1.125","13440","201","thing","Mozzaroller","1","4","30","30","20","2021","1,2,3,4","3","6+","No necessary in-game text","","","","","","standalone","","Piatnik","Czech; French; German; Hungarian; Polish; Slovak; Spanish","2021","Multilingual edition"
"Mr. Jack","21763","0","0","0","1","0","0","0","0","0","0","0","3","","52-3","","","","54878053","6.77141","6.96211","2.1689","783","25078","thing","Mr. Jack","2","2","30","30","30","2016","2","2","10+","No necessary in-game text","","","","","","standalone","","Hurrican","Hungarian; Italian; Romanian; Spanish","2016","Hungarian/Italian/Romanian/Spanish edition"
"Mr. Jack in New York","55427","0","0","0","1","0","0","0","0","0","0","0","3","","52-3","","","","53572294","6.50202","7.17967","2.5244","1289","5884","thing","Mr. Jack in New York","2","2","30","30","30","2009","2","2","10+","No necessary in-game text","","","","","","standalone","","Hurrican","Dutch; English; French; German; Italian; Portuguese; Spanish","2009","Multilingual edition 2009"
"Mr. Jack Pocket","72287","0","0","0","1","0","0","0","0","0","0","0","3","","52-3","","","","53665877","6.5456","6.83351","1.8239","1182","15189","thing","Mr. Jack Pocket","2","2","15","15","15","2010","2","2","8+","No necessary in-game text","","","","","","standalone","","Hurrican","Dutch; English; French; German; Spanish","2010","Multilingual edition 2010"
"MS Batory","233094","0","0","0","1","0","0","0","0","0","0","0","3","","14-1","","","","66647051","5.52462","5.96891","2","17577","278","thing","MS Batory","2","4","60","60","30","2018","2,3,4","2","","Some necessary text - easily memorized or small crib sheet","","","","","","standalone","","Granna","Hungarian","2018","Hungarian edition"
"Mu Csacsi","21854","0","0","0","1","0","0","0","0","0","0","0","3","","21-3","","","","53572299","5.59653","6.14615","1.2368","9352","528","thing","Los Mampfos","2","5","20","20","20","2006","2,3,4,5","3,4","5–10","No necessary in-game text","","","","","","standalone","","Piatnik; Zoch Verlag","Hungarian","0","Hungarian edition"
"Muffin Time","286735","0","0","0","1","0","0","0","0","0","0","0","3","","04-5","","","","136916464","5.68994","6.22718","1.0303","6359","3449","thing","Muffin Time","2","8","40","40","20","2025","3,4,5,6","4,5","8+","Unplayable in another language","","","","","","standalone","","Big Potato Games; Reflexshop","Hungarian","2025","Hungarian edition"
"Műgyűjtők társasága","395375","0","0","0","1","0","0","0","0","0","0","0","3","","28-4","","","","122834386","6.58822","7.49159","1.8625","1107","5999","thing","Art Society","2","4","60","60","30","2024","2,3,4","4","10+","No necessary in-game text","","","","","","standalone","","Gém Klub Kft.","Hungarian","2024","Hungarian edition"
"Múlt-Kor: A kocka el van vetve","291732","0","0","0","1","0","0","0","0","0","0","0","3","","15-4","","","","66187702","0","7.46154","1.6667","0","28","thing","Múlt-Kor: A kocka el van vetve","3","6","60","60","30","2019","","","","Unplayable in another language","","","","","","standalone","","Múlt-kor","Hungarian","2019","Hungarian edition"
"Multiplayer Pentago","56690","0","0","0","1","0","0","0","0","0","0","0","3","","18-5","","","","124692661","5.54772","6.19288","1.6667","13250","479","thing","Multiplayer Pentago","2","4","30","30","3","2009","2,3,4","2","6+","No necessary in-game text","","","","","","standalone","","Mindtwister USA","Dutch; English; French; German","2009","Mindtwister Multilingual edition"
"Mumusok","428269","0","0","0","1","0","0","0","0","0","0","0","3","","14-2
*","","","","132941276","0","7.95455","1.75","0","13","thing","Mumusok","2","6","45","45","15","2025","2,6","6","8","","","","","","","standalone","","Piritus Games","Hungarian","2025","Hungarian edition"
"Munchkin","1927","0","0","0","1","0","0","0","0","0","0","0","3","","04-5","","","","54674069","5.69226","5.87425","1.8161","6311","100351","thing","Munchkin","3","6","120","120","60","2022","3,4,5,6","4","10+","Extensive use of text - massive conversion needed to be playable","","","","","","standalone","","Delta Vision Publishing","Hungarian","2022","Hungarian eighth edition"
"Munchkin Cthulhu","25071","0","0","0","1","0","0","0","0","0","0","0","3","","04-5","","","","90494923","5.88228","6.19313","1.7201","3909","13713","thing","Munchkin Cthulhu","3","6","90","90","90","2010","3,4,5,6","4,5","12+","Extensive use of text - massive conversion needed to be playable","","","","","","standalone","","Delta Vision Publishing","Hungarian","2010","Hungarian edition"
"Munchkin Rick and Morty","224134","0","0","0","1","0","0","0","0","0","0","0","3","","01-5","","","","130735650","5.60744","6.30237","1.6","8829","2443","thing","Munchkin Rick and Morty","3","6","120","120","60","2017","3,4,5,6","3,4,6","16+","","","","","","","standalone","","The Op Games","English","2017","English edition"
"My City","295486","0","0","0","1","0","0","0","0","0","0","0","3","","29-5
Örök játék verzió, legacy végigjátszva","","","","96768543","7.25432","7.59348","1.9808","260","24316","thing","My City","2","4","30","30","30","2020","2,3,4","4","8+","Moderate in-game text - needs crib sheet or paste ups","","","","","","standalone","","KOSMOS; Piatnik","Czech; Hungarian; Slovak","2020","Multilingual edition"
"My Forest","268184","0","0","0","1","0","0","0","0","0","0","0","3","","23-4","","","","88480854","0","6.25","0","0","10","thing","My Forest","2","4","20","20","20","2016","","","","","","","","","","standalone","","Granna","English; Hungarian; Romanian; Russian; Serbian","0","Multilingual edition"
"Mycelia","378476","0","0","0","1","0","0","0","0","0","0","0","3","","78-5","","","","124380164","6.08103","7.35425","2.4583","2699","3346","thing","Mycelia","1","4","90","90","40","2024","2,3,4","3,4","10+","Moderate in-game text - needs crib sheet or paste ups","","","","","","standalone","","Reflexshop","Hungarian","2024","Hungarian edition"
"Myrmes","126792","0","0","0","1","0","0","0","0","0","0","0","3","","79-4","","","","53766918","6.73171","7.25298","3.454","839","7203","thing","Myrmes","2","4","120","120","60","2012","2,3,4","4","12+","No necessary in-game text","","","","","","standalone","","Ystari Games","English; German","2012","English/German edition"
"Mysterium","181304","0","0","0","1","0","0","0","0","0","0","0","3","","12-3","","","","53765739","7.0552","7.19758","1.8893","435","81221","thing","Mysterium","2","7","42","42","42","2016","3,4,5,6,7","5,6","8+","No necessary in-game text","","","","","","standalone","","Libellud","German","2016","German edition 2016-1"
"Mysterium Park","301767","0","0","0","1","0","0","0","0","0","0","0","3","","12-3","","","","90494726","6.51704","7.01384","1.4375","1254","14335","thing","Mysterium Park","2","6","45","45","30","2021","2,3,4,5,6","4","8+","No necessary in-game text","","","","","","standalone","","Gém Klub Kft.","Hungarian","2021","Hungarian edition"
"Mysterium: Promo Cards","186293","0","0","0","1","0","0","0","0","0","0","0","3","","12-3","","","","78809000","5.85541","7.53926","1.7692","0","2140","thing","Mysterium: Promo Cards","2","7","42","42","42","2015","2,3,4,5,6,7","4,5,6","8+","No necessary in-game text","","","","","","expansion","","Libellud","(neutral)","2015","First edition"
"Mysterium: Verborgene Zeichen","192661","0","0","0","1","0","0","0","0","0","0","0","3","","12-3","","","","78809037","6.75988","7.7356","1.7317","0","13775","thing","Mysterium: Hidden Signs","2","7","42","42","42","2016","3,4,5,6,7","5,6,7","8+","No necessary in-game text","","","","","","expansion","","Libellud","German","2016","German edition"
"Na, Ki A Jani?","231674","0","0","0","1","0","0","0","0","0","0","0","3","","08-2","","","","61240607","5.50382","5.60738","1","23864","629","thing","Who's the Dude?","3","8","30","30","30","2017","5,6,7,8","6,8","10+","Extensive use of text - massive conversion needed to be playable","","","","","","standalone","","Trefl","Hungarian","2017","Hungarian edition"
"Nacho Pile","366327","0","0","0","1","0","0","0","0","0","0","0","3","","12-1","","","","138485866","5.45767","5.29931","1","28913","905","thing","Nacho Pile","2","6","20","20","20","2023","2,3,4,5,6","4","6+","","","","","","","standalone","","Pandasaurus Games","English","2023","English second small bag edition"
"Naga Raja","244191","0","0","0","1","0","0","0","0","0","0","0","3","","51-3","","","","67616537","6.36719","7.09997","2.012","1635","4806","thing","Naga Raja","2","2","30","30","30","2019","2","2","10+","No necessary in-game text","","","","","","standalone","","Hurrican","English; Hungarian; Italian; Polish","2019","English/Italian/Polish/Hungarian edition"
"A nagy western utazás: Második kiadás","341169","0","0","0","1","0","0","0","0","0","0","0","3","","82-2","","","","95190993","7.90563","8.27871","3.7023","31","23955","thing","Great Western Trail: Second Edition","1","4","150","150","75","2022","1,2,3,4","3","12+","No necessary in-game text","","","","","","standalone","","Delta Vision Publishing","Hungarian","2022","Hungarian edition"
"A Nagyi régi kredence","283242","0","0","0","1","0","0","0","0","0","0","0","3","","29-2","","","","92647355","5.95503","7.15856","1.8235","3393","2004","thing","The Whatnot Cabinet","1","4","30","30","20","2021","1,2,3,4","2,3","8+","Some necessary text - easily memorized or small crib sheet","","","","","","standalone","","Vagabund","Hungarian","2021","Hungarian edition"
"Nagyon T-Rex!","289018","0","0","0","1","0","0","0","0","0","0","0","3","","10-3","","","","83378946","5.52409","5.69419","1","17710","2701","thing","On a Scale of One to T-Rex","2","8","15","15","15","2021","4,5,6,7,8","6","6+","Moderate in-game text - needs crib sheet or paste ups","","","","","","standalone","","Gém Klub Kft.","Hungarian","2021","Hungarian edition"
"Naishi","423648","0","0","0","1","0","0","0","0","0","0","0","3","","56-2","","","","137116141","6.00457","7.60249","2.1471","3086","1327","thing","Naishi","2","2","20","20","20","2025","2","2","10+","No necessary in-game text","","","","","","standalone","","Gém Klub Kft.","Hungarian","2025","Hungarian edition"
"Nasty Neighbors","332399","0","0","0","1","0","0","0","0","0","0","0","3","","06-4","","","","104129686","5.50295","6","1","24091","50","thing","Nasty Neighbors","2","5","40","40","15","2022","","","","Moderate in-game text - needs crib sheet or paste ups","","","","","","standalone","","NASTOLA Games","English","0","English edition"
"Naughty or Nice","400467","0","0","0","1","0","0","0","0","0","0","0","3","","06-5","","","","113257931","5.52378","7.44048","1.8","17792","94","thing","Naughty or Nice","2","5","45","45","20","2023","2,3,4,5","4","4+","","","","","","","standalone","","Bunnyhog Games","English; Hungarian","2023","English/Hungarian edition"
"Naughty or Nice","400467","0","0","0","1","0","0","0","0","0","0","0","3","","02-3","","","","113318383","5.52378","7.44048","1.8","17792","94","thing","Naughty or Nice","2","5","45","45","20","2023","2,3,4,5","4","4+","","","","","","","standalone","","Bunnyhog Games","English; Hungarian","2023","English/Hungarian edition"
"Navoria felfedezői","371932","0","0","0","1","0","0","0","0","0","0","0","3","","66-5","","","","129311263","6.39035","7.53061","2.2436","1576","4127","thing","Explorers of Navoria","2","4","80","80","40","2024","2,3,4","3","10+","No necessary in-game text","","","","","","standalone","","Gém Klub Kft.","Hungarian","2024","Hungarian edition"
"Nekojima","359029","0","0","0","1","0","0","0","0","0","0","0","3","","19-2","","","","123584349","6.22935","7.1813","1.0889","2076","4106","thing","Nekojima","1","5","30","30","15","2024","2,3,4,5","2","6+","No necessary in-game text","","","","","","standalone","","Gém Klub Kft.","Hungarian","2024","Hungarian edition"
"New York építészei","409693","0","0","0","1","0","0","0","0","0","0","0","3","","50-3","","","","135658697","6.28098","7.53424","2.5968","1891","3398","thing","Flatiron","1","2","45","45","45","2025","1,2","2","12+","No necessary in-game text","","","","","","standalone","","Vagabund","Hungarian","2025","Hungarian edition"
"New York Zoo","300877","0","0","0","1","0","0","0","0","0","0","0","3","","71-2","","","","86803583","6.6997","7.01512","1.9538","901","18013","thing","New York Zoo","1","5","60","60","30","2021","1,2,3,4","3","8+","No necessary in-game text","","","","","","standalone","","Compaya.hu: Gamer Café Kft.; Feuerland Spiele","Hungarian","2021","Hungarian edition"
"Nézd csak! Mi változott?","162191","0","0","0","1","0","0","0","0","0","0","0","3","","24-4","","","","57223277","5.54931","6.17209","1.1667","13025","397","thing","Look!","2","6","10","10","10","2012","2,3,4,5","3","3–5","No necessary in-game text","","","","","","standalone","","Piatnik","Hungarian","0","Hungarian edition"
"Niagara","13308","0","0","0","1","0","0","0","0","0","0","0","3","","59-3","","","","53572312","6.23102","6.456","1.8346","2063","11495","thing","Niagara","3","5","45","45","30","2005","3,4,5","4,5","8+","No necessary in-game text","","","","","","standalone","","Zoch Verlag","English; German","2005","English/German edition 2005 with SdJ"
"Nidavellir","293014","0","0","0","1","0","0","0","0","0","0","0","3","","64-5","","","","95420328","7.2696","7.55831","2.1152","251","20268","thing","Nidavellir","2","5","45","45","45","2021","2,3,4,5","3","10+","No necessary in-game text","","","","","","standalone","","Reflexshop","Hungarian","2021","Hungarian edition"
"Nomad","351208","0","0","0","1","0","0","0","0","0","0","0","3","","71-5","","","","106127675","5.52745","7.3186","2.2857","16848","80","thing","Nomad","2","4","60","60","60","2023","2,3,4","2","10","No necessary in-game text","","","","","","standalone","","Piatnik","Czech; English; Hungarian; Slovak","2023","Multilingual edition"
"Northgard: Uncharted Lands","274124","0","0","0","1","0","0","0","0","0","0","0","3","","76-1","","","","105455366","6.51949","7.58779","2.7549","1248","4551","thing","Northgard: Uncharted Lands","2","5","90","90","45","2022","2,3,4,5","4","12+","Moderate in-game text - needs crib sheet or paste ups","","","","","","standalone","","Gém Klub Kft.","Hungarian","2022","Hungarian edition"
"Notthingham Bírája: 2. kiadás","298638","0","0","0","1","0","0","0","0","0","0","0","3","","13-1","","","","96454589","6.50737","7.21842","1.6883","1277","9959","thing","Sheriff of Nottingham: 2nd Edition","3","6","60","60","60","2021","4,5,6","5","8+","No necessary in-game text","","","","","","standalone","","CMON Global Limited; Reflexshop","Hungarian","2021","Hungarian edition"
"Nova Luna","284435","0","0","0","1","0","0","0","0","0","0","0","3","","28-2","","","","82936228","6.89354","7.26171","1.8773","619","14274","thing","Nova Luna","1","4","60","60","30","2021","1,2,3,4","2","8+","No necessary in-game text","","","","","","standalone","","Compaya.hu: Gamer Café Kft.; Edition Spielwiese","Hungarian","2021","Hungarian edition"
"Nucleum","396790","0","0","0","1","0","0","0","0","0","0","0","3","","83-1","","","","112530165","7.45859","8.12122","4.1952","148","12792","thing","Nucleum","1","4","150","150","60","2023","1,2,3,4","3","14+","No necessary in-game text","","","","","","standalone","","Board&Dice","English","2023","English edition"
"Nutventure","422059","0","0","0","1","0","0","0","0","0","0","0","3","","23-5","","","","138748259","0","7.33333","0","0","29","thing","Nutventure","2","4","45","45","30","2024","","","","","","","","","","standalone","","","","",""
"Nyerőleves","265524","0","0","0","1","0","0","0","0","0","0","0","3","","14-5","","","","136784367","5.77556","6.23562","1.2","4983","6307","thing","Ramen Fury","2","5","30","30","30","2020","2,3,4,5","4","8+","Some necessary text - easily memorized or small crib sheet","","","","","","standalone","","Gém Klub Kft.; Mixlore","Hungarian","2020","Hungarian edition"
"Nyilván","338747","0","0","0","1","0","0","0","0","0","0","0","3","","12-4","","","","95192059","5.53175","6.20948","1.25","15863","236","thing","It's Obvious","3","6","30","30","20","2022","4","4","","No necessary in-game text","","","","","","standalone","","Gém Klub Kft.; Gigamic","Hungarian","2022","Hungarian edition"
"Nyolc Perces Birodalom","131366","0","0","0","1","0","0","0","0","0","0","0","3","","33-2","","","","53477640","6.31663","6.54519","1.6267","1779","10772","thing","Eight-Minute Empire","2","5","20","20","8","2014","2,3,4,5","3,4","8+","No necessary in-game text","","","","","","standalone","","Piatnik","Hungarian","2014","Hungarian edition"
"Nyomok sűrűjében","331059","0","0","0","1","0","0","0","0","0","0","0","3","","11-2","","","","96607723","5.87436","6.62983","1.0769","3975","2542","thing","Last Message","3","8","15","15","15","2021","3,4,5","4","8+","No necessary in-game text","","","","","","standalone","","IELLO; Reflexshop","Hungarian","2021","Hungarian edition"
"A nyugalom tengere","288513","0","0","0","1","0","0","0","0","0","0","0","3","","03-3","","","","89784856","6.37447","6.93657","1.3465","1615","7591","thing","Tranquility","1","5","20","20","15","2021","1,2,3,4","2","8+","No necessary in-game text","","","","","","standalone","","Gém Klub Kft.","Hungarian","2021","Hungarian edition"
"A nyugati királyság építőmesterei","236457","0","0","0","1","0","0","0","0","0","0","0","3","","80-2","","","","62943193","7.51773","7.71232","2.7577","124","43607","thing","Architects of the West Kingdom","1","5","80","80","60","2019","1,2,3,4,5","4","10+","Some necessary text - easily memorized or small crib sheet","","","","","","standalone","","Reflexshop","Hungarian","2019","Hungarian edition"
"A Nyugati Királyság Lovagjai","266810","0","0","0","1","0","0","0","0","0","0","0","3","","80-2","","","","64656274","7.66328","7.9593","3.7143","77","32060","thing","Paladins of the West Kingdom","1","4","120","120","90","2019","1,2,3","2","14+","Some necessary text - easily memorized or small crib sheet","","","","","","standalone","","Reflexshop","Hungarian","2019","Hungarian edition"
"A nyugati királyság várgrófjai","296151","0","0","0","1","0","0","0","0","0","0","0","3","","80-2","","","","75966817","7.373","7.8051","3.4549","192","21667","thing","Viscounts of the West Kingdom","1","4","90","90","60","2020","1,2,3,4","3","12+","No necessary in-game text","","","","","","standalone","","Reflexshop","Hungarian","2020","Hungarian edition"
"Nyúlmentő akció","13436","0","0","0","1","0","0","0","0","0","0","0","3","","22-5","","","","56438295","5.51151","5.66808","1","21514","468","thing","Hopp hopp Häschen","2","5","15","15","10","2018","2,3,4,5","3","2–8","No necessary in-game text","","","","","","standalone","","Compaya.hu: Gamer Café Kft.","Hungarian","2018","Hungarian edition"
"Óceán","232414","0","0","0","1","0","0","0","0","0","0","0","3","","78-4","","","","97833017","6.90145","7.40378","2.8494","611","13643","thing","Oceans","2","4","90","90","60","2021","2,3,4","3","10+","Moderate in-game text - needs crib sheet or paste ups","","","","","","standalone","","Reflexshop","Hungarian","2021","Hungarian edition"
"Oceanos","192860","0","0","0","1","0","0","0","0","0","0","0","3","","30-1","","","","53768080","6.269","6.78755","1.8375","1929","6110","thing","Oceanos","2","5","45","45","30","2016","2,3,4,5","4","8+","No necessary in-game text","","","","","","standalone","","IELLO","English","2016","English first edition"
"OffBeat: A ritmusjáték ami magával ragad","238529","0","0","0","1","0","0","0","0","0","0","0","3","","10-1","","","","88179962","0","5.45455","0","0","30","thing","Offbeat","2","4","20","20","10","2017","","","","","","","","","","standalone","","Keller & Mayer","Hungarian","0","Hungarian edition"
"Offboard","89951","0","0","0","1","0","0","0","0","0","0","0","3","","54-1","","","","57646853","5.57846","6.52002","2.25","10434","400","thing","Offboard","2","2","20","20","20","2011","2","2","8+","No necessary in-game text","","","","","","standalone","","Gém Klub Kft.","Hungarian","2011","Hungarian edition"
"Ohh...igen?","373855","0","0","0","1","0","0","0","0","0","0","0","3","","08-3","","","","137142012","0","5.79259","1","0","79","thing","Ohh...igen?","2","6","30","30","30","2022","","","","","","","","","","standalone","","Gém Klub Kft.","Hungarian","2022","Hungarian edition"
"Ohne Moos Nix Los!","1797","0","0","0","1","0","0","0","0","0","0","0","3","","I. ","","","","108822690","5.08798","4.88376","1.2199","29585","7370","thing","Pay Day","2","6","30","30","30","2014","2,3,4,5,6","4","8+","Moderate in-game text - needs crib sheet or paste ups","","","","","","standalone","","Hasbro","German","2014","Hasbro German edition 2014"
"OK Boomer!","313463","0","0","0","1","0","0","0","0","0","0","0","3","","10-5","","","","117655485","5.46336","4.64592","1","28759","417","thing","OK Boomer!","2","8","60","60","30","2020","4,6,8","4,6","16+","","","","","","","standalone","","","","",""
"Okiya","125311","0","0","0","1","0","0","0","0","0","0","0","3","","56-2
","","","","53577966","6.00426","6.54856","1.2169","3089","4424","thing","Okiya","2","2","10","10","10","2012","2","2","6+","No necessary in-game text","","","","","","standalone","","Jactalea","English; French; German; Portuguese; Spanish","0","Multilingual first edition"
"Old & New","7688","0","0","0","1","0","0","0","0","0","0","0","3","","25-2","","","","83378442","5.04902","4.79355","1.1423","29588","6420","thing","Memory","2","6","30","30","30","2020","2,3,4","2","3–16","No necessary in-game text","","","","","","standalone","","Piatnik","Czech; Dutch; English; French; German; Hungarian; Polish; Slovak","2020","Piatnik multilingual edition 2020"
"Old London Bridge","354273","0","0","0","1","0","0","0","0","0","0","0","3","","32-3","","","","94639460","5.87106","7.14467","1.8966","4012","1117","thing","Old London Bridge","2","4","45","45","45","2022","2,3,4","4","8+","No necessary in-game text","","","","","","standalone","","Piatnik; Queen Games","Hungarian","2022","Hungarian edition"
"Oltakozz okosan!","365358","0","0","0","1","0","0","0","0","0","0","0","3","","13-1","","","","96642983","0","5.8","0","0","14","thing","Oltakozz okosan!","2","6","25","25","15","2021","","","","","","","","","","standalone","","Korona Games","Hungarian","2021","Hungarian edition"
"Oltréé: Az őrszemek krónikái","293835","0","0","0","1","0","0","0","0","0","0","0","3","","62-2","","","","97811703","6.42814","7.46118","2.2371","1478","5148","thing","Oltréé","2","4","60","60","60","2022","1,2,3,4","2","8+","Extensive use of text - massive conversion needed to be playable","","","","","","standalone","","Gém Klub Kft.","Hungarian","2022","Hungarian edition"
"One Night Revolution","176361","0","0","0","1","0","0","0","0","0","0","0","3","","11-5","","","","53665717","5.7338","6.07468","1.8696","5575","5098","thing","One Night Revolution","3","10","15","15","15","2015","4,5,6,7,8,9,10","5,6,7","12+","Some necessary text - easily memorized or small crib sheet","","","","","","standalone","","Indie Boards & Cards","English","2015","English first edition"
"Operáció","3737","0","0","0","1","0","0","0","0","0","0","0","3","","23-1","","","","53578000","4.56432","4.17492","1.1084","29613","8950","thing","Operation","1","6","10","10","10","2011","2,3,4,5","3","5–12","No necessary in-game text","51","","","2191","Operáció","standalone","","Hasbro","Hungarian","2011","Hasbro Hungarian edition"
"Operators","254025","0","0","0","1","0","0","0","0","0","0","0","3","","13-2","","","","66159846","5.50749","6.01967","2.1667","22771","155","thing","Operators","2","10","90","90","20","2018","4,6,7,8,9,10","6,8,10","","No necessary in-game text","","","","","","standalone","","Cogitate Games","English; French; German; Hungarian; Spanish","2018","Multilingual edition"
"Origami","234469","0","0","0","1","0","0","0","0","0","0","0","3","","04-2","","","","87041619","5.80336","6.58103","1.7222","4651","2018","thing","Origami","2","4","30","30","15","2020","2,3,4","3,4","8+","Moderate in-game text - needs crib sheet or paste ups","","","","","","standalone","","Gém Klub Kft.","Hungarian","2020","Hungarian edition"
"Origin","127095","0","0","0","1","0","0","0","0","0","0","0","3","","71-5","","","","54674899","5.89075","6.5885","2.1639","3856","2096","thing","Origin","2","4","60","60","45","2013","2,3,4","4","8+","Some necessary text - easily memorized or small crib sheet","","","","","","standalone","","Matagot","Dutch; English; French; German","2013","Multilingual edition"
"The Original Rummikub","811","0","0","0","1","0","0","0","0","0","0","0","3","","26-2","","","","92648459","6.3224","6.50984","1.7096","1763","47021","thing","Rummikub","2","4","60","60","60","2020","2,3,4","4","8+","No necessary in-game text","","","","","","standalone","","Piatnik","Czech; German; Hungarian; Slovak","2020","Piatnik GER/HUN/CZE/SLO special edition 2020"
"Ország-Város Betű-Téma","226256","0","0","0","1","0","0","0","0","0","0","0","3","","15-3","","","","96643044","5.60479","6.76372","1.2","8947","425","thing","Password Express","2","10","20","20","15","2018","2,3,4,5,6,7,8,9,10","2,4,6,8","10+","Some necessary text - easily memorized or small crib sheet","","","","","","standalone","","Granna","Hungarian","2018","Hungarian edition"
"Őrült Lajos király két kastélya között","258036","0","0","0","1","0","0","0","0","0","0","0","3","","65-5","","","","95396132","6.78994","7.22448","2.1883","755","11501","thing","Between Two Castles of Mad King Ludwig","2","7","60","60","45","2018","3,4,5,6,7","6","10+","No necessary in-game text","","","","","","standalone","","Delta Vision Publishing","Hungarian","2018","Hungarian edition"
"Ősidők öröksége","338093","0","0","0","1","0","0","0","0","0","0","0","3","","75-5","","","","116998776","6.44698","7.13868","2.7395","1430","4877","thing","Ancient Knowledge","2","4","75","75","75","2023","2,3","2","12+","Extensive use of text - massive conversion needed to be playable","","","","","","standalone","","IELLO; Reflexshop","Hungarian","2023","Hungarian edition"
"Ősköltészet","312786","0","0","0","1","0","0","0","0","0","0","0","3","","10-4","","","","135696827","6.13243","6.65282","1.1163","2464","10504","thing","Poetry for Neanderthals","2","12","15","15","15","2025","4,5,6,7,8,9,10,12","6,8","8+","Unplayable in another language","","","","","","standalone","","Gém Klub Kft.","Hungarian","2025","Hungarian edition"
"Osztályharc: Az 1917-es forradalmak","241987","0","0","0","1","0","0","0","0","0","0","0","3","","56-4","","","","96609374","6.09524","7.40403","2.25","2630","2161","thing","Dual Powers: Revolution 1917","1","2","60","60","30","2021","1,2","2","10+","No necessary in-game text","","","","","","standalone","","Reflexshop","Hungarian","2021","Hungarian edition"
"Osztálytalálkozó","215746","0","0","0","1","0","0","0","0","0","0","0","3","","06-1","","","","53764598","0","7.806","1","0","13","thing","Osztálytalálkozó","3","4","30","30","10","2016","3,4","4","21 and up","Some necessary text - easily memorized or small crib sheet","","","","","","standalone","","(Self-Published)","Hungarian","2016","Hungarian edition"
"Othello Classic","2389","0","0","0","1","0","0","0","0","0","0","0","3","","54-1","","","","84988186","5.95351","6.15317","2.0717","3401","15797","thing","Othello","2","2","30","30","30","2018","2","2","8+","No necessary in-game text","","","","","","standalone","","G3; Mega House","Belarusian; Bulgarian; Czech; Estonian; Hungarian; Latvian; Lithuanian; Polish; Romanian; Slovak; Ukrainian","2018","G3 multilingual edition"
"P.I.","129050","0","0","0","1","0","0","0","0","0","0","0","3","","66-2","","","","53665688","6.05515","6.69213","2.2277","2833","2410","thing","P.I.","2","5","60","60","45","2012","2,3,4,5","3","10+","No necessary in-game text","","","","","","standalone","","Treefrog Games","English; French; German","2012","English first edition"
"Pachisi","2136","0","0","0","1","0","0","0","0","0","0","0","3","","35-3
Ki nevet a végén? Star Wars","","","","96776211","4.71629","4.52505","1.1771","29606","10592","thing","Pachisi","2","6","30","30","30","400","2,3,4","4","5+","No necessary in-game text","","","","","","standalone","","","","",""
"Packesel","15505","0","0","0","1","0","0","0","0","0","0","0","3","","19-2
*","","","","53578074","5.44147","4.9494","1","29166","621","thing","The Last Straw","2","4","15","15","15","0","2,3,4","3,4","4–12","No necessary in-game text","","","","","","standalone","","Schmidt Spiele","French; German; Italian","0","Schmidt French/ German/ Italian edition"
"Pagodák kertje","296043","0","0","0","1","0","0","0","0","0","0","0","3","","64-3","","","","117658905","6.07483","6.89983","2.2642","2726","3624","thing","Four Gardens","2","4","45","45","45","2021","2,3,4","2","8+","No necessary in-game text","","","","","","standalone","","Korea Boardgames; Reflexshop","Hungarian","2021","Hungarian edition"
"Pairish: The Building of Sonnie Village","424772","0","0","0","1","0","0","0","0","0","0","0","3","","29-5","","","","138486425","0","5.43636","0","0","17","thing","Pairish: The Building of Sonnie Village","2","8","20","20","10","2025","","","","","","","","","","standalone","","Boarderia","English","2025","English edition"
"The Palaces of Carrara","348070","0","0","0","1","0","0","0","0","0","0","0","3","","73-4","","","","124702124","5.9805","7.43471","2.6923","3228","2110","thing","The Palaces of Carrara (Second Edition)","2","4","90","90","60","2022","2,3,4","3","12+","No necessary in-game text","","","","","","standalone","","Game Brewer","Czech; Hungarian; Italian; Spanish","2022","Multilingual deluxe edition"
"Paleo","300531","0","0","0","1","0","0","0","0","0","0","0","3","","62-4","","","","100900505","7.30924","7.65899","2.6444","225","28298","thing","Paleo","2","4","60","60","45","2020","1,2,3,4","2,3","10+","Some necessary text - easily memorized or small crib sheet","","","","","","standalone","","Z-Man Games","English","2020","English edition, first printing"
"Pandemic","30549","0","0","0","1","0","0","0","0","0","0","0","3","","67-3","","","","53578120","7.41057","7.5193","2.3952","165","220198","thing","Pandemic","2","4","45","45","45","2014","1,2,3,4","4","10+","Some necessary text - easily memorized or small crib sheet","","","","","","standalone","","Gém Klub Kft.","Hungarian","2014","Hungarian edition"
"Pandemic: Bevetésre készen","280789","0","0","0","1","0","0","0","0","0","0","0","3","","67-3","","","","66156491","6.0763","6.55335","2.125","2719","9362","thing","Pandemic: Rapid Response","2","4","20","20","20","2019","2,3,4","2","10+","Some necessary text - easily memorized or small crib sheet","","","","","","standalone","","Gém Klub Kft.; Z-Man Games","Hungarian","2019","Hungarian edition"
"Pandemic: In the Lab","137136","0","0","0","1","0","0","0","0","0","0","0","3","","67-3","","","","53578124","7.10886","7.8342","2.8895","0","22114","thing","Pandemic: In the Lab","1","6","60","60","45","2013","1,2,3,4,5","4","10+","Some necessary text - easily memorized or small crib sheet","","","","","","expansion","","Z-Man Games","English","2013","English wooden pawns edition 2013"
"Pandemic: On the Brink","40849","0","0","0","1","0","0","0","0","0","0","0","3","","67-3","","","","53578134","7.70037","8.03061","2.6531","0","53279","thing","Pandemic: On the Brink","2","5","45","45","45","2009","1,2,3,4,5","4","10+","Moderate in-game text - needs crib sheet or paste ups","","","","","","expansion","","Z-Man Games","English","2009","English first edition"
"Pandemic: Reign of Cthulhu","192153","0","0","0","1","0","0","0","0","0","0","0","3","","66-3","","","","53767375","6.95884","7.35792","2.1652","542","21141","thing","Reign of Cthulhu","2","4","40","40","40","2016","1,2,3,4","4","10+","Moderate in-game text - needs crib sheet or paste ups","","","","","","standalone","","Z-Man Games","English","2016","English edition"
"Pandemic: Szükségállapot","168703","0","0","0","1","0","0","0","0","0","0","0","3","","67-3","","","","85700960","6.3989","7.5685","2.6531","0","10484","thing","Pandemic: State of Emergency","2","4","45","45","45","2021","1,2,3,4","4","12+","Some necessary text - easily memorized or small crib sheet","","","","","","expansion","","Gém Klub Kft.; Z-Man Games","Hungarian","2021","Hungarian edition"
"Pandemic: The Cure","150658","0","0","0","1","0","0","0","0","0","0","0","3","","66-3","","","","53665591","6.91413","7.23398","2.0645","596","17769","thing","Pandemic: The Cure","2","5","30","30","30","2014","1,2,3,4,5","3,4","8+","Some necessary text - easily memorized or small crib sheet","","","","","","standalone","","Z-Man Games","English","2014","English edition"
"Panic Lab","121073","0","0","0","1","0","0","0","0","0","0","0","3","","06-3","","","","53578152","5.73325","6.0259","1.2941","5586","4378","thing","Panic Lab","2","10","30","30","10","2012","2,3,4,5,6,7,8,9","4,5","6+","No necessary in-game text","","","","","","standalone","","Gigamic","Arabic; Croatian; Czech; Danish; Dutch; English; Estonian; Finnish; French; German; Greek; Hungarian; Italian; Korean; Latvian; Lithuanian; Polish; Romanian; Russian; Serbian; Slovenian; Spanish; Swedish; Turkish","2012","Multilingual edition"
"Párizs","282954","0","0","0","1","0","0","0","0","0","0","0","3","","74-4","","","","96453873","6.46471","7.21107","2.7404","1376","5999","thing","Paris","2","4","90","90","90","2020","2,3,4","4","10+","No necessary in-game text","","","","","","standalone","","Delta Vision Publishing; Game Brewer","Hungarian","2020","Hungarian edition"
"Párizs: A fények városa","276498","0","0","0","1","0","0","0","0","0","0","0","3","","51-3","","","","96769246","6.70427","7.23522","2.0136","891","12663","thing","Paris: La Cité de la Lumière","2","2","30","30","30","2021","2","2","8+","No necessary in-game text","","","","","","standalone","","Devir; Reflexshop","Hungarian","2021","Hungarian edition"
"Parlamentary","288665","0","0","0","1","0","0","0","0","0","0","0","3","","13-1","","","","64119228","0","5.45455","2.5","0","42","thing","Parlamentary","2","6","120","120","60","2019","3,4","4","","Moderate in-game text - needs crib sheet or paste ups","","","","","","standalone","","Keller & Mayer","Hungarian","2019","Hungarian edition"
"Páros Játszma","327804","0","0","0","1","0","0","0","0","0","0","0","3","","08-2","","","","96643127","0","6.25","0","0","20","thing","Páros Játszma","2","8","90","90","45","2020","","","","","","","","","","standalone","","Bohéma-Games Kft.","Hungarian","0","Hungarian edition"
"Partiszaurusz","427278","0","0","0","1","0","0","0","0","0","0","0","3","","04-5","","","","135659728","5.62147","6.46098","1.3333","8222","651","thing","Roaring 20s","3","5","30","30","20","2025","3,4","4","","No necessary in-game text","","","","","","standalone","","Gém Klub Kft.","Hungarian","2025","Hungarian edition"
"Partvonal","409581","0","0","0","1","0","0","0","0","0","0","0","3","","72-3","","","","131824588","5.73276","7.14598","1.8571","5593","995","thing","Rivages","1","5","30","30","20","2025","1,2,3,4,5","1","8+","No necessary in-game text","","","","","","standalone","","Gém Klub Kft.","Hungarian","2025","Hungarian edition"
"Party Alias","43530","0","0","0","1","0","0","0","0","0","0","0","3","","10-2","","","","53759085","5.64407","6.1658","1.2059","7465","1790","thing","Party Alias","4","24","30","30","30","2009","4,5,6,7,8,9,10,11,12","6,8,9,12","12+","Unplayable in another language","","","","","","standalone","","Tactic","Hungarian","0","Hungarian edition"
"Party Bugs","245700","0","0","0","1","0","0","0","0","0","0","0","3","","06-3","","","","135696987","5.54748","6.26642","1.2","13282","430","thing","Party Bugs","2","6","15","15","15","2018","3,4,5,6","4","6+","","","","","","","standalone","","ABACUSSPIELE","German","2018","German edition"
"Patchwork","163412","0","0","0","1","0","0","0","0","0","0","0","3","","53-4","","","","53578177","7.47584","7.58286","1.5994","141","118660","thing","Patchwork","2","2","30","30","15","2015","2","2","6+","No necessary in-game text","","","","","","standalone","","Compaya.hu: Gamer Café Kft.","Hungarian","2015","Hungarian edition"
"Patchwork Doodle","264239","0","0","0","1","0","0","0","0","0","0","0","3","","18-4","","","","128114922","6.01927","6.58541","1.2632","2994","5122","thing","Patchwork Doodle","1","6","20","20","20","2019","1,2,3,4,5,6","2,4","6+","No necessary in-game text","","","","","","standalone","","Lookout Games","German","2019","German edition"
"Patchwork Express","246639","0","0","0","1","0","0","0","0","0","0","0","3","","53-4","","","","111668746","5.97192","6.94214","1.6087","3278","2855","thing","Patchwork Express","2","2","10","10","10","2018","2","2","6+","No necessary in-game text","","","","","","standalone","","Lookout Games","German","2018","German edition"
"Patchwork: Folklore Anden","163412","0","0","0","1","0","0","0","0","0","0","0","3","","53-4","","","","111668788","7.47584","7.58286","1.5994","141","118660","thing","Patchwork","2","2","30","30","15","2022","2","2","6+","No necessary in-game text","","","","","","standalone","","Lookout Games","German","2022","German edition"
"Patchwork: Téli kiadás","163412","0","0","0","1","0","0","0","0","0","0","0","3","","53-4","","","","83375190","7.47584","7.58286","1.5994","141","118660","thing","Patchwork","2","2","30","30","15","2020","2","2","6+","No necessary in-game text","","","","","","standalone","","Compaya.hu: Gamer Café Kft.","Hungarian","2020","Hungarian edition"
"Patchwork: Valentine's Day Edition","163412","0","0","0","1","0","0","0","0","0","0","0","3","","53-4","","","","91376347","7.47584","7.58286","1.5994","141","118660","thing","Patchwork","2","2","30","30","15","2022","2","2","6+","No necessary in-game text","","","","","","standalone","","Lookout Games","English","2022","English edition"
"Patterns","379583","0","0","0","1","0","0","0","0","0","0","0","3","","53-3","","","","113714084","5.87315","7.6445","1.8421","3989","1028","thing","Patterns","2","2","20","20","20","2023","2","2","","No necessary in-game text","","","","","","standalone","","","","",""
"Pencil Nose!","268839","0","0","0","1","0","0","0","0","0","0","0","3","","11-2","","","","96770587","5.49475","5.24722","1","26083","108","thing","Pencil Nose!","4","20","30","30","20","2018","","","8","Extensive use of text - massive conversion needed to be playable","","","","","","standalone","","","","",""
"Pentago","19841","0","0","0","1","0","0","0","0","0","0","0","3","","54-1","","","","128675814","6.01606","6.38784","1.8324","3007","7375","thing","Pentago","2","2","5","5","5","2005","2","2","8+","No necessary in-game text","","","","","","standalone","","Piatnik","(neutral)","0","Piatnik edition"
"Perfect Alibi","184085","0","0","0","1","0","0","0","0","0","0","0","3","","66-2","","","","53665665","5.59203","6.34176","2.125","9569","418","thing","Perfect Alibi","3","5","45","45","30","2015","3,4,5","4","10+","No necessary in-game text","","","","","","standalone","","Lautapelit.fi; Vennerød Forlag AS","English; French; German; Norwegian","2015","English/French/German/Norwegian edition"
"Perfect Hotel","231032","0","0","0","1","0","0","0","0","0","0","0","3","","28-5","","","","74456314","5.53491","5.95025","1","15201","447","thing","Perfect Hotel","2","4","30","30","20","2018","2,3,4","2,3","8+","No necessary in-game text","","","","","","standalone","","White Goblin Games","Dutch; English; French; German","2018","Multilingual edition"
"Pergamon","90040","0","0","0","1","0","0","0","0","0","0","0","3","","65-3","","","","53578201","6.26632","6.92161","2.2398","1937","2984","thing","Pergamon","2","4","45","45","45","2011","2,3,4","3","10+","No necessary in-game text","","","","","","standalone","","eggertspiele","German","2011","German edition"
"Pergola","424573","0","0","0","1","0","0","0","0","0","0","0","3","","67-5","","","","134572642","6.15051","7.33355","2.0227","2379","2844","thing","Pergola","1","4","60","60","45","2025","1,2,3,4","2","8+","No necessary in-game text","","","","","","standalone","","Gém Klub Kft.; Rebel Studio","Hungarian","2025","Hungarian edition"
"Pergola: Lavender Promo Tiles","447120","0","0","0","1","0","0","0","0","0","0","0","3","","67-5","","","","134572668","0","6.81","0","0","256","thing","Pergola: Lavender Promo Tiles","1","4","60","60","45","2025","1,2,3,4","1,2,3,4","","","","","","","","expansion","","Rebel Studio","English","2025","English edition"
"Perseverance: Castaway Chronicles – Chronicle Expansion","454444","0","0","0","1","0","0","0","0","0","0","0","3","","84-5","","","","138538036","0","9.5","3","0","406","thing","Perseverance: Castaway Chronicles – Chronicle Expansion","1","4","120","120","90","2025","","","","","","","","","","expansion","","Mindclash Games","English","2025","Gamefound English edition"
"Perseverance: Castaway Chronicles – Episodes 1 & 2","256997","0","0","0","1","0","0","0","0","0","0","0","3","","84-5","","","","108787250","6.4313","7.68929","4.2302","1468","4400","thing","Perseverance: Castaway Chronicles – Episodes 1 & 2","1","4","180","180","80","2022","1,2,3,4","3","14+","No necessary in-game text","","","","","","standalone","","Mindclash Games","English","2022","Deluxe edition"
"Perseverance: Castaway Chronicles – Episodes 3 & 4","387849","0","0","0","1","0","0","0","0","0","0","0","3","","84-5","","","","138538013","5.60602","8.26531","4","8898","1160","thing","Perseverance: Castaway Chronicles – Episodes 3 & 4","1","4","180","180","90","2025","3,4","4","","","","","","","","standalone","","Mindclash Games","English","2025","English edition"
"Perudo","45","0","0","0","1","0","0","0","0","0","0","0","3","","16-5","","","","137114423","6.7238","6.92734","1.2505","853","23233","thing","Perudo","2","10","30","30","15","2025","3,4,5,6,7","5,6","8+","No necessary in-game text","","","","","","standalone","","Gém Klub Kft.","Hungarian","2025","Hungarian edition"
"Pesti Srácok 1956","192802","0","0","0","1","0","0","0","0","0","0","0","3","","74-3","","","","53766963","6.09677","7.27245","2.8269","2620","2577","thing","Days of Ire: Budapest 1956","1","4","90","90","60","2016","1,2,3,4","2,3","12+","Moderate in-game text - needs crib sheet or paste ups","","","","","","standalone","","Cloud Island; Korona Games","Hungarian","2016","Hungarian edition"
"Petite Pastiche","91620","0","0","0","1","0","0","0","0","0","0","0","3","","65-3","","","","53578171","6.11294","6.81295","2.2517","2548","2892","thing","Pastiche","2","4","60","60","45","2014","2,3,4","2","8+","No necessary in-game text","","","","","","standalone","","Eagle-Gryphon Games","English","2014","English Petite Edition"
"Pharao Code","111999","0","0","0","1","0","0","0","0","0","0","0","3","","34-1","","","","93418581","5.5348","5.96937","1.4","15226","368","thing","Pharaoh Code","2","5","20","20","20","2011","2,3,4,5","2","8+","No necessary in-game text","","","","","","standalone","","AMIGO; Brain Games; Lautapelit.fi","Estonian; Finnish; French; German; Italian; Latvian; Lithuanian; Russian; Swedish; Ukrainian","0","Multilingual edition"
"Phase 10","1258","0","0","0","1","0","0","0","0","0","0","0","3","","05-3","","","","53765589","5.19732","5.26124","1.2587","29565","30400","thing","Phase 10","2","6","45","45","45","2001","2,3,4,5","4","8+","No necessary in-game text","","","","","","standalone","","Ravensburger","Dutch; English; French; German; Italian","2001","Ravensburger multilingual edition 2001"
"Photo Rummy","94579","0","0","0","1","0","0","0","0","0","0","0","3","","II. ","","","","71968287","0","4.42857","1","0","28","thing","Photo Rummy","2","4","0","0","0","2000","","","","","","","","","","standalone","","Ravensburger","Danish; Dutch; English; French; German; Italian; Spanish","2000","Multilingual edition"
"Photosynthese","218603","0","0","0","1","0","0","0","0","0","0","0","3","","70-3","","","","128494341","6.77311","6.93818","2.2611","782","42247","thing","Photosynthesis","2","4","60","60","30","2018","2,3,4","3","10+","No necessary in-game text","","","","","","standalone","","asmodee; Heidelberger Spieleverlag","German","2018","German edition"
"Piazza","397228","0","0","0","1","0","0","0","0","0","0","0","3","","07-5","","","","112529499","5.56948","6.66154","1.4444","11105","588","thing","Piazza","2","4","30","30","15","2023","2,3,4","4","8+","","","","","","","standalone","","Game Factory","English; French; German","2023","ENG/FRE/GER edition"
"Pictionary","2281","0","0","0","1","0","0","0","0","0","0","0","3","","01-1","","","","124408561","5.70937","5.84602","1.2265","5965","15488","thing","Pictionary","3","16","90","90","90","1985","4,5,6,7,8,9,10,12","6,8","8+","Extensive use of text - massive conversion needed to be playable","","","","","","standalone","","","","",""
"Pictures: X-mas","368930","0","0","0","1","0","0","0","0","0","0","0","3","","59-2","","","","113287064","5.56306","7.06374","1","0","501","thing","Pictures: X-mas","3","6","30","30","30","2022","4,5,6","5","","","","","","","","expansion","","PD-Verlag","English; German","2022","English/German edition"
"Pictures: XL Fotos","335989","0","0","0","1","0","0","0","0","0","0","0","3","","59-2","","","","113287080","0","7.59615","0","0","128","thing","Pictures: XL Fotos","3","5","30","30","30","2021","","","","","","","","","","expansion","","PD-Verlag","English; German","2021","English/German edition"
"Pillars of Heracles","391549","0","0","0","1","0","0","0","0","0","0","0","3","","82-1","","","","132988599","5.64687","7.54558","3.9","7390","623","thing","Pillars of Heracles","1","4","120","120","90","2025","2,3,4","3","14+","Extensive use of text - massive conversion needed to be playable","","","","","","standalone","","Apeiron Games; Grand Gamers Guild","English","2025","English edition"
"Pillars of Heracles: Epic Expansion","438585","0","0","0","1","0","0","0","0","0","0","0","3","","82-1","","","","132988640","0","7.84615","0","0","198","thing","Pillars of Heracles: Epic Expansion","2","5","150","150","90","2025","","","","","","","","","","expansion","","Apeiron Games","English","2025","English edition"
"Pillepopók","394430","0","0","0","1","0","0","0","0","0","0","0","3","","06-4","","","","135697587","5.55874","6.4183","1.2","12014","865","thing","Arschmallows","2","6","45","45","15","2025","2,3,4,5,6","4,5","8","","","","","","","standalone","","Gém Klub Kft.","Hungarian","2025","Hungarian edition"
"Pilvax","430962","0","0","0","1","0","0","0","0","0","0","0","3","","25-2","","","","129707356","0","5.33333","0","0","17","thing","Pilvax","2","5","30","30","20","2024","","","","","","","","","","standalone","","Pagony játék","Hungarian","2024","Hungarian edition"
"Piñata Party","175265","0","0","0","1","0","0","0","0","0","0","0","3","","19-4","","","","61216236","5.52201","6.18471","2.25","18307","198","thing","Piñata Party","2","4","30","30","15","2015","2,3,4","2,3,4","6+","No necessary in-game text","","","","","","standalone","","A-games (Board Game)","English; German; Hungarian","2015","English/German/Hungarian edition"
"Pingvin légitársaság","369388","0","0","0","1","0","0","0","0","0","0","0","3","","12-2","","","","123584400","5.73386","6.90944","1.3333","5574","1109","thing","Penguin Airlines","2","8","30","30","15","2024","2,4,6,8","4,6,8","8+","No necessary in-game text","","","","","","standalone","","Gém Klub Kft.","Hungarian","2024","Hungarian edition"
"Pioneers","232520","0","0","0","1","0","0","0","0","0","0","0","3","","72-1","","","","55851688","6.00193","6.95606","2.2791","3104","2097","thing","Pioneers","2","4","60","60","60","2018","2,3,4","3","8+","No necessary in-game text","","","","","","standalone","","Piatnik","Hungarian","2018","Hungarian edition"
"Pirate's Cove","2987","0","0","0","1","0","0","0","0","0","0","0","3","","29-1","","","","53665814","6.28133","6.55624","2.0063","1890","11151","thing","Pirate's Cove","3","5","90","90","60","2012","3,4,5","5","8+","Moderate in-game text - needs crib sheet or paste ups","","","","","","standalone","","Days of Wonder","English","2012","English edition 2012"
"Pirates","342807","0","0","0","1","0","0","0","0","0","0","0","3","","29-1","","","","124450472","5.52464","6.33257","1.3333","17563","223","thing","Pirates","3","5","45","45","30","2021","5","5","","No necessary in-game text","","","","","","standalone","","Queen Games","English; German","2021","English/German edition"
"Piros történetek","277100","0","0","0","1","0","0","0","0","0","0","0","3","","14-5","","","","127707621","5.5039","5.87817","1","23835","226","thing","Black Stories Junior: Red Stories","2","0","222","222","2","2020","","","8+","Extensive use of text - massive conversion needed to be playable","","","","","","standalone","","Reflexshop","Hungarian","2020","Hungarian edition"
"Piszkos Fred, a kapitány","83278","0","0","0","1","0","0","0","0","0","0","0","3","","66-1","","","","53578569","5.50027","5.53186","2.3571","24809","261","thing","Captain Cool","2","7","45","45","45","2010","3,4,5,6,7","5,6","8+","No necessary in-game text","","","","","","standalone","","Gém Klub Kft.","Hungarian","2010","Hungarian edition"
"Pixelino","418015","0","0","0","1","0","0","0","0","0","0","0","3","","25-3","","","","120544986","0","7.38462","1","0","28","thing","Pixelino","1","5","40","40","30","2024","","","","","","","","","","standalone","","Pagony játék","Hungarian","2024","Hungarian edition"
"Planet: Egy éledő világ a tenyeredben","252929","0","0","0","1","0","0","0","0","0","0","0","3","","31-1","","","","59049211","6.29955","6.63455","1.5983","1823","11086","thing","Planet","2","4","45","45","30","2019","2,3,4","4","6+","No necessary in-game text","","","","","","standalone","","Gém Klub Kft.","Hungarian","2019","Hungarian edition"
"Plums for trash","377086","0","0","0","1","0","0","0","0","0","0","0","3","","03-2","","","","117294637","0","5.66667","0","0","12","thing","Plums for trash","2","5","40","40","15","2023","","","","","","","","","","standalone","","NASTOLA Games","English","2023","English edition"
"Plüssmesék","233312","0","0","0","1","0","0","0","0","0","0","0","3","","62-2","","","","69642151","6.92483","7.41432","2.4604","580","22305","thing","Stuffed Fables","2","4","90","90","60","2019","1,2,3,4","4","8+","Extensive use of text - massive conversion needed to be playable","","","","","","standalone","","Gém Klub Kft.; Plaid Hat Games; Purple Meeple Games","Hungarian","2019","Hungarian edition"
"Pocket Imperium","147299","0","0","0","1","0","0","0","0","0","0","0","3","","31-1","","","","53665844","5.65772","6.18046","1.9459","7107","2070","thing","Pocket Imperium","2","4","45","45","30","2013","3,4","3","10+","Some necessary text - easily memorized or small crib sheet","","","","","","standalone","","Good Little Games","English","2013","English first edition"
"Pocket Tantrix","1038","0","0","0","1","0","0","0","0","0","0","0","3","","19-1","","","","53620269","5.90206","6.36124","2.2222","3771","4835","thing","Tantrix","1","6","30","30","30","2006","1,2,3,4","2","8+","No necessary in-game text","","","","","","standalone","","Colour of Strategy, Ltd.","English","2006","English UK pocket edition 2006"
"Poetry for Neanderthals","312786","0","0","0","1","0","0","0","0","0","0","0","3","","01-1","","","","113290841","6.13243","6.65282","1.1163","2464","10504","thing","Poetry for Neanderthals","2","12","15","15","15","2022","4,5,6,7,8,9,10,12","6,8","8+","Unplayable in another language","","","","","","standalone","","Exploding Kittens","English","2022","English edition 2022"
"Poker","1115","0","0","0","1","0","0","0","0","0","0","0","3","","05-1
I. ","","","","53784816","6.45615","6.70704","2.4339","1403","11443","thing","Poker","2","10","60","60","60","1810","3,4,5,6,7,8,9","5,6","12+","No necessary in-game text","","","","","Casino Quality","standalone","","","","",""
"Pókháló","177348","0","0","0","1","0","0","0","0","0","0","0","3","","23-5","","","","53578636","0","5.73846","0","0","25","thing","Pókháló","2","6","45","45","15","2015","","","3–8","","","","","","","standalone","","Korona Games","Hungarian","2015","Hungarian edition"
"Police 07","30879","0","0","0","1","0","0","0","0","0","0","0","3","","35-2","","","","53578644","5.5268","6.02684","1.8667","17011","233","thing","Police 07","2","6","45","45","45","1986","3,4,5,6","5","10+","No necessary in-game text","","","","","","standalone","","Novoplast","Hungarian","1986","First edition"
"Police 07 Reloaded","30879","0","0","0","1","0","0","0","0","0","0","0","3","","35-2
*","","","","63956447","5.5268","6.02684","1.8667","17011","233","thing","Police 07","2","6","45","45","45","2015","3,4,5,6","5","10+","No necessary in-game text","","","","","","standalone","","Retro Games Ltd","Hungarian","2015","Second edition"
"Pompeji","2543","0","0","0","1","0","0","0","0","0","0","0","3","","04-2","","","","133399428","5.592","6.23585","1.5556","9572","743","thing","Pompeji","2","4","45","45","45","2015","2,3,4","2","10+","No necessary in-game text","","","","","","standalone","","Adlung-Spiele","English; French; German; Italian","2015","Multilingual second edition"
"Pont a közepébe","360056","0","0","0","1","0","0","0","0","0","0","0","3","","15-3","","","","100107804","5.59154","6.40714","1.25","9605","567","thing","Zero to 100","2","12","20","20","15","2022","3,4,6,8,9","6","10+","Extensive use of text - massive conversion needed to be playable","","","","","","standalone","","Gém Klub Kft.","Hungarian","2022","Hungarian edition"
"Pontsaláta","274960","0","0","0","1","0","0","0","0","0","0","0","3","","03-4","","","","87041893","6.92681","7.10361","1.1554","578","38071","thing","Point Salad","2","6","30","30","15","2020","2,3,4,5,6","3","8+","Some necessary text - easily memorized or small crib sheet","","","","","","standalone","","Reflexshop","Hungarian","2020","Hungarian edition"
"Port Royal","565","0","0","0","1","0","0","0","0","0","0","0","3","","05-4","","","","53578654","5.55408","6.31164","2.3571","12483","403","thing","Port Royal","3","4","60","60","60","2000","3,4","3","10+","No necessary in-game text","","","","","","standalone","","Queen Games","German","2000","German edition"
"Port Royal: Big Box","331265","0","0","0","1","0","0","0","0","0","0","0","3","","05-4","","","","94100531","6.73714","7.5391","1.7416","0","10192","thing","Port Royal: Big Box","1","5","50","50","20","2021","1,2,3,4,5","3,4","8+","Some necessary text - easily memorized or small crib sheet","","","","","","standalone","","Vagabund","Hungarian","2021","Hungarian edition"
"Portobello Market","27356","0","0","0","1","0","0","0","0","0","0","0","3","","34-2","","","","53578660","5.98494","6.40209","2.0307","3204","3388","thing","Portobello Market","2","4","35","35","35","2007","2,3,4","4","8+","No necessary in-game text","","","","","","standalone","","Schmidt Spiele","French; German; Italian","2007","Schmidt multilingual edition"
"Portolano","265527","0","0","0","1","0","0","0","0","0","0","0","3","","72-3","","","","69183992","5.50552","6.12167","2.25","23387","66","thing","Portolano","2","5","60","60","40","2019","","","","No necessary in-game text","","","","","","standalone","","A-games (Board Game); Delta Vision Publishing","English; German; Hungarian","2019","English/German/Hungarian edition"
"Pot de Vin","232078","0","0","0","1","0","0","0","0","0","0","0","3","","27-4","","","","127895514","5.60713","6.20736","1.875","8844","1377","thing","Pot de Vin","3","6","45","45","30","2017","3,4,5,6","4","12+","No necessary in-game text","","","","","","standalone","","ThunderGryph Games","English; French; German","2017","Multilingual edition"
"The Potion","250539","0","0","0","1","0","0","0","0","0","0","0","3","","07-2","","","","126731833","5.55672","5.88257","1.0667","12222","1104","thing","The Potion","3","7","20","20","10","2018","4,5,6,7","6","3+","No necessary in-game text","","","","","","standalone","","FoxMind","Dutch; French","2018","Dutch/French edition"
"Pöttyök","372559","0","0","0","1","0","0","0","0","0","0","0","3","","17-3","","","","119942610","6.68167","7.13315","1.2815","926","12138","thing","Spots","1","4","30","30","25","2024","2,3,4","2,3","6+","Moderate in-game text - needs crib sheet or paste ups","","","","","","standalone","","Gém Klub Kft.","Hungarian","2024","Hungarian edition"
"Pozitivity","414304","0","0","0","1","0","0","0","0","0","0","0","3","","10-1","","","","116653425","0","0","0","0","3","thing","Pozitivity","2","6","60","60","30","2019","","","","","","","","","","standalone","","Mental Focus Kft","Hungarian","2019","Hungarian edition"
"Pozitivity Family","414320","0","0","0","1","0","0","0","0","0","0","0","3","","10-1","","","","116653444","0","0","0","0","1","thing","Pozitivity Family","3","6","40","40","30","2020","","","","","","","","","","standalone","","Mental Focus Kft","Hungarian","2020","Hungarian edition"
"Praga Caput Regni","308765","0","0","0","1","0","0","0","0","0","0","0","3","","83-2
","","","","89972816","7.38242","7.85269","3.73","185","15997","thing","Praga Caput Regni","1","4","150","150","45","2021","1,2,3,4","3","12+","No necessary in-game text","","","","","","standalone","","Gém Klub Kft.","Hungarian","2021","Hungarian edition"
"PROFI-T-ABILITY","420791","0","0","0","1","0","0","0","0","0","0","0","3","","70-1
*","","","","122199415","0","0","0","0","2","thing","PROFI-T-ABILITY","2","8","0","0","0","2020","","","","","","","","","","standalone","","Nagyvállalatok Logisztikai Vezetőinek Klubja","English; Hungarian","2020","Hungarian/English edion"
"Project L","260180","0","0","0","1","0","0","0","0","0","0","0","3","","18-4","","","","84847962","7.10783","7.45701","1.5534","378","21897","thing","Project L","1","4","40","40","20","2021","1,2,3,4","2,3","8+","No necessary in-game text","","","","","","standalone","","Gém Klub Kft.","Hungarian","2021","Hungarian edition"
"Prosperity","145203","0","0","0","1","0","0","0","0","0","0","0","3","","78-2","","","","53665684","6.04068","6.68579","2.5263","2893","3130","thing","City of the Living","2","4","60","60","60","2013","2,3,4","2,3","12+","No necessary in-game text","","","","","","standalone","","Ystari Games","English; German","2013","English/German first edition"
"PsychoPet: Die durchgedrehte Haustierklinik","59060","0","0","0","1","0","0","0","0","0","0","0","3","","32-1","","","","53784734","5.49604","5.408","1.4","25791","132","thing","PsychoPet: Die durchgedrehte Haustierklinik","2","6","30","30","30","2009","","","","Moderate in-game text - needs crib sheet or paste ups","","","","","","standalone","","Goldsieber Spiele","German","2009","German edition"
"Puerto Rico","108687","0","0","0","1","0","0","0","0","0","0","0","3","","77-3","","","","53755115","7.49261","8.31107","3.232","0","10085","thing","Puerto Rico","2","5","150","150","90","2014","2,3,4,5","4","12+","Some necessary text - easily memorized or small crib sheet","","","","","","standalone","","alea; Gém Klub Kft.; REGIO Játék","Hungarian","2014","Hungarian edition 2014"
"Punto","259069","0","0","0","1","0","0","0","0","0","0","0","3","","07-5","","","","62942930","5.78615","6.57896","1.0833","4858","2797","thing","Punto","2","4","20","20","20","2018","2,3,4","4","6+","No necessary in-game text","","","","","","standalone","","Game Factory","French; German","2018","German/French edition"
"Pura Vida","418690","0","0","0","1","0","0","0","0","0","0","0","3","","32-5","","","","132069916","0","6.3913","1.5","0","52","thing","Pura Vida","2","4","45","45","30","2025","2","2","","","","","","","","standalone","","Piatnik","Czech; English; French; German; Hungarian; Slovak","2025","Multilingual edition"
"Quadropolis","176396","0","0","0","1","0","0","0","0","0","0","0","3","","65-5","","","","72862071","6.94241","7.21439","2.2014","561","18675","thing","Quadropolis","2","4","60","60","30","2017","2,3,4","4","8+","No necessary in-game text","","","","","","standalone","","Days of Wonder; Gém Klub Kft.","Hungarian","2017","Hungarian edition"
"Quartex","129295","0","0","0","1","0","0","0","0","0","0","0","3","","18-2","","","","88690875","5.50227","5.80048","1","24298","273","thing","Quartex","2","5","30","30","30","2014","3,4,5","2,3","","No necessary in-game text","","","","","","standalone","","Game Factory","English; French; German; Italian","2014","Multilingual second edition"
"Quarto","681","0","0","0","1","0","0","0","0","0","0","0","3","","54-1","","","","53578688","6.5672","6.9018","1.8763","1143","14700","thing","Quarto","2","2","20","20","20","2014","2","2","8+","No necessary in-game text","","","","","","standalone","","Gigamic","Arabic; Chinese; Croatian; Czech; Danish; Dutch; English; Estonian; Finnish; French; German; Greek; Hebrew; Hungarian; Icelandic; Italian; Japanese; Korean; Latvian; Lithuanian; Norwegian; Persian; Polish; Portuguese; Romanian; Russian; Serbian; Slovak; Slovenian; Spanish; Swedish; Turkish","2014","Gigamic edition 2014"
"Queendomino","232043","0","0","0","1","0","0","0","0","0","0","0","3","","71-1","","","","58703302","6.84429","7.14039","2.0704","690","23224","thing","Queendomino","2","4","25","25","25","2018","2,3,4","2","8+","No necessary in-game text","","","","","","standalone","","Gém Klub Kft.","Hungarian","2018","Hungarian edition"
"Quetzal: A szent madarak városa","300700","0","0","0","1","0","0","0","0","0","0","0","3","","70-2","","","","86653135","5.9395","6.78742","2.1591","3492","2209","thing","Quetzal","2","5","75","75","30","2021","2,3,4,5","3","10+","No necessary in-game text","","","","","","standalone","","Gém Klub Kft.","Hungarian","2021","Hungarian edition"
"Quixo","3190","0","0","0","1","0","0","0","0","0","0","0","3","","18-2","","","","53765219","5.71928","6.25591","1.62","5795","2529","thing","Quixo","2","4","15","15","15","1995","2,4","2","6+","No necessary in-game text","","","","","","standalone","","Gigamic","Arabic; Chinese; Czech; Dutch; English; Estonian; Finnish; French; German; Greek; Hebrew; Hungarian; Italian; Japanese; Norwegian; Polish; Portuguese; Russian; Spanish; Swedish; Turkish","1995","Gigamic ""International Awards"" multilingual edition 1995"
"Quoridor","624","0","0","0","1","0","0","0","0","0","0","0","3","","18-2","","","","53578695","6.36176","6.64713","1.8237","1645","15254","thing","Quoridor","2","4","15","15","15","2014","2,4","2","8+","No necessary in-game text","","","","","","standalone","","Gigamic","Arabic; Chinese; Croatian; Czech; Danish; Dutch; English; Estonian; Finnish; French; German; Greek; Hebrew; Hungarian; Icelandic; Italian; Japanese; Korean; Latvian; Lithuanian; (neutral); Norwegian; Persian; Polish; Portuguese; Romanian; Russian; Serbian; Slovak; Slovenian; Spanish; Swedish; Turkish","2014","Gigamic edition 2014"
"Qwirkle","25669","0","0","0","1","0","0","0","0","0","0","0","3","","57-3","","","","53578703","6.61332","6.77566","1.5829","1050","43122","thing","Qwirkle","2","4","45","45","45","2011","2,3,4","4","6+","No necessary in-game text","","","","","","standalone","","Compaya.hu: Gamer Café Kft.; Corfix; G3; Schmidt Spiele","Czech; Hungarian; Polish; Romanian; Slovak","2011","G3/Schmidt/Corfix/Compaya multilingual edition with SdJ"
"Qwixx","131260","0","0","0","1","0","0","0","0","0","0","0","3","","16-1","","","","53757378","6.65685","6.87366","1.1093","973","30991","thing","Qwixx","2","5","15","15","15","2014","2,3,4,5","3,4","8+","No necessary in-game text","","","","","","standalone","","Vagabund","Hungarian","2014","Hungarian edition"
"Rá: A Nílus völgyének krónikája","12","0","0","0","1","0","0","0","0","0","0","0","3","","65-1","","","","106315276","7.52839","7.69237","2.3107","119","37512","thing","Ra","2","5","60","60","45","2023","3,4,5","3,4","10+","No necessary in-game text","","","","","","standalone","","Reflexshop","Hungarian","2023","Hungarian edition"
"Race for the Galaxy","28143","0","0","0","1","0","0","0","0","0","0","0","3","","02-1","","","","53665556","7.61919","7.73872","2.9919","91","72908","thing","Race for the Galaxy","2","4","60","60","30","2007","2,3,4","2","12+","Some necessary text - easily memorized or small crib sheet","","","","","","standalone","","Rio Grande Games","English","2007","English first edition"
"Race for the Galaxy: Auf der Schwelle zum Krieg","66121","0","0","0","1","0","0","0","0","0","0","0","3","","02-1","","","","53665563","6.87184","7.75751","3.3834","0","10146","thing","Race for the Galaxy: The Brink of War","1","6","60","60","30","2010","1,2,3,4,5,6","2,4","12+","Some necessary text - easily memorized or small crib sheet","","","","","","expansion","","ABACUSSPIELE","German","2010","German edition"
"Race for the Galaxy: Rebellen vs. Imperium","40210","0","0","0","1","0","0","0","0","0","0","0","3","","02-1","","","","53665577","7.23831","7.92528","3.0803","0","15049","thing","Race for the Galaxy: Rebel vs Imperium","1","6","60","60","60","2009","1,2,3,4,5,6","2,4","12+","Some necessary text - easily memorized or small crib sheet","","","","","","expansion","","ABACUSSPIELE","German","2009","German edition"
"Rainbow","341510","0","0","0","1","0","0","0","0","0","0","0","3","","56-2","","","","96771360","5.55376","5.93659","1.0909","12513","744","thing","Rainbow","2","2","15","15","10","2021","2","2","6+","No necessary in-game text","","","","","","standalone","","Piatnik","Czech; French; German; Hungarian; Slovak","2021","CZE/FRE/GER/HUN/SLO edition"
"Rajas of the Ganges: The Dice Charmers","318553","0","0","0","1","0","0","0","0","0","0","0","3","","16-5","","","","136784649","6.59794","7.48423","2.2821","1077","5950","thing","Rajas of the Ganges: The Dice Charmers","2","5","45","45","30","2021","2,3,4","2","10+","No necessary in-game text","","","","","","standalone","","HUCH!; R&R Games","Dutch; English; French; German","2021","Multilingual edition 2021"
"Rákfogó","49261","0","0","0","1","0","0","0","0","0","0","0","3","","22-4","","","","133399648","5.5608","6.18","2.0833","11840","348","thing","Kraby","2","4","30","30","30","2009","2,3,4","2","5–12","No necessary in-game text","","","","","","standalone","","Granna","Hungarian","0","Hungarian edition"
"Ramses II","2629","0","0","0","1","0","0","0","0","0","0","0","3","","II. ","","","","53762059","5.57392","5.80777","1.2927","10763","2549","thing","Ramses II","1","5","30","30","30","1998","2,3,4,5","4","5–16","No necessary in-game text","","","","","","standalone","","Ravensburger","Czech; Hungarian; Polish; Russian","1998","Czech/Hungarian/Polish/Russian edition"
"Rancho","130729","0","0","0","1","0","0","0","0","0","0","0","3","","25-5","","","","87473499","5.56206","6.04851","1.5625","11729","600","thing","Rancho","2","6","45","45","45","2012","3,4,5,6","6","8+","No necessary in-game text","","","","","","standalone","","Granna","English; French; German","2012","Multilingual edition"
"Rattle, Battle, Grab the Loot","176606","0","0","0","1","0","0","0","0","0","0","0","3","","63-2","","","","62056112","5.65843","6.01334","2.5","7085","3124","thing","Rattle, Battle, Grab the Loot","2","5","60","60","45","2015","2,3,4,5","4","8+","Moderate in-game text - needs crib sheet or paste ups","","","","","","standalone","","Portal Games","English","2015","English edition"
"Reboot Food","449829","0","0","0","1","0","0","0","0","0","0","0","3","","14-3
01-1","","","","137115444","0","9.5","0","0","5","thing","Reboot Food","1","10","60","60","45","2025","","","","","","","","","","standalone","","Rolling Rhino Games","Danish; Dutch; English; French; German; Hungarian; Italian; Romanian; Slovenian; Spanish","2025","Print and Play edition"
"Red Dragon","265105","0","0","0","1","0","0","0","0","0","0","0","3","","05-2
*","","","","107737509","5.53503","6.84485","1","15172","105","thing","Red Dragon","3","6","30","0","30","2019","4,5,6","6","8+","","","","","","","standalone","","A-games (Board Game); Delta Vision Publishing","English; German; Hungarian","2019","English/German/Hungarian edition"
"[redacted]","161578","0","0","0","1","0","0","0","0","0","0","0","3","","77-1","","","","53665848","5.63869","6.14244","2.9302","7636","1904","thing","[redacted]","2","6","45","45","45","2014","2,3,4,5,6","4,6","12+","No necessary in-game text","","","","","","standalone","","LudiCreations","English; French; German","2014","English/French/German edition"
"[redacted]: Garden Party","175865","0","0","0","1","0","0","0","0","0","0","0","3","","77-1","","","","63568895","5.52741","7.28488","2.3333","0","435","thing","[redacted]: Garden Party","3","7","90","90","45","2015","","","","","","","","","","expansion","","LudiCreations","English","2015","English edition"
"[redacted]: Mercenaries","162228","0","0","0","1","0","0","0","0","0","0","0","3","","77-1","","","","63568887","5.52117","6.64444","3.6667","0","698","thing","[redacted]: Mercenaries","4","6","45","45","45","2014","4,6","4,6","","","","","","","","expansion","","LudiCreations","English","2014","English edition"
"[redacted]: Smoke Bomb","185310","0","0","0","1","0","0","0","0","0","0","0","3","","77-1","","","","63568903","0","6.60526","0","0","213","thing","[redacted]: Smoke Bomb","2","7","90","90","45","2015","","","","","","","","","","expansion","","LudiCreations","(neutral)","2015","First edition"
"Reef","244228","0","0","0","1","0","0","0","0","0","0","0","3","","30-1","","","","124408664","6.70644","7.00239","1.8182","888","15140","thing","Reef","2","4","45","45","30","2018","2,3,4","2","8+","No necessary in-game text","","","","","","standalone","","Next Move Games","German","2018","German edition"
"Rejtély a babaházban","256063","0","0","0","1","0","0","0","0","0","0","0","3","","14-1","","","","66156080","0","6.53846","2.5","0","34","thing","Rejtély a babaházban","2","8","90","90","60","2017","6,8","6","10+","","","","","","","standalone","","Piatnik","Hungarian","2017","Hungarian edition"
"Renature: Újjáéledő természet","300001","0","0","0","1","0","0","0","0","0","0","0","3","","71-4","","","","87475175","6.39197","7.09217","2.2267","1569","5241","thing","Renature","2","4","60","60","45","2021","2,3,4","3","10+","No necessary in-game text","","","","","","standalone","","Gém Klub Kft.","Hungarian","2021","Hungarian edition"
"Répáskert","264251","0","0","0","1","0","0","0","0","0","0","0","3","","24-3
*","","","","66158134","0","6.4","2","0","35","thing","Répáskert","2","4","30","30","20","2018","","","","","","","","","","standalone","","Modell & Hobby Toys","Hungarian","2018","Hungarian edition"
"Repello","88464","0","0","0","1","0","0","0","0","0","0","0","3","","19-4
*","","","","84849842","5.57416","6.49216","2","10744","435","thing","Repello","2","4","30","30","30","2010","2,3,4","4","10+","No necessary in-game text","","","","","","standalone","","Piatnik","Czech; German; Hungarian; Slovak","0","Piatnik Austrian Edition"
"Reptáv","410201","0","0","0","1","0","0","0","0","0","0","0","3","","79-5","","","","126488306","7.50427","7.96965","2.8073","131","28507","thing","Wyrmspan","1","5","90","90","90","2024","1,2,3,4","3","12+","Moderate in-game text - needs crib sheet or paste ups","","","","","","standalone","","Delta Vision Publishing","Hungarian","2024","Hungarian edition"
"Res Arcana","262712","0","0","0","1","0","0","0","0","0","0","0","3","","74-5","","","","68144450","7.39804","7.62037","2.6535","173","33875","thing","Res Arcana","2","4","60","60","30","2019","2,3,4","2","10+","Some necessary text - easily memorized or small crib sheet","","","","","","standalone","","Gém Klub Kft.; Sand Castle Games","Hungarian","2019","Hungarian edition"
"The Resistance: Avalon","128882","0","0","0","1","0","0","0","0","0","0","0","3","","11-5","","","","67647353","7.30733","7.49654","1.7364","228","52946","thing","The Resistance: Avalon","5","10","30","30","30","2012","5,6,7,8,9,10","7,8","12+","Some necessary text - easily memorized or small crib sheet","","","","","","standalone","","Indie Boards & Cards","English","2012","English edition"
"A rettegés éjszakája: Vérfarkas","147949","0","0","0","1","0","0","0","0","0","0","0","3","","12-5","","","","95420487","6.85855","7.03436","1.3803","666","57301","thing","One Night Ultimate Werewolf","3","10","10","10","10","2019","4,5,6,7,8,9,10","6,7,8","10+","No necessary in-game text","","","","","","standalone","","Reflexshop","Hungarian","2019","Hungarian edition"
"Rettegett Iván: Az első cár","409553","0","0","0","1","0","0","0","0","0","0","0","3","","77-5","","","","130402789","5.61987","7.21306","3.0833","8279","278","thing","The First Tsar: Ivan the Terrible","2","4","120","120","90","2024","2,3,4","4","12","","","","","","","standalone","","Vagabund","Hungarian","2024","Hungarian edition"
"Reworld","225163","0","0","0","1","0","0","0","0","0","0","0","3","","69-2","","","","84988555","5.79093","6.63607","2.6415","4806","2058","thing","Reworld","2","4","90","90","50","2017","2,3,4","3","10+","No necessary in-game text","","","","","","standalone","","Piatnik","Hungarian","2017","Hungarian edition"
"Rhino Hero","91514","0","0","0","1","0","0","0","0","0","0","0","3","","19-3","","","","62943018","6.63849","6.8957","1.0207","1014","21521","thing","Rhino Hero","2","5","15","15","5","2018","2,3,4,5","3","4+","No necessary in-game text","","","","","","standalone","","Reflexshop","Hungarian","2018","Hungarian edition"
"Rick & Morty: EmRickMások","194232","0","0","0","1","0","0","0","0","0","0","0","3","","06-4","","","","96769651","5.74452","6.0811","1.4857","5386","8011","thing","Rick and Morty: Total Rickall Card Game","2","5","30","30","30","2020","3,4,5","5","12+","Some necessary text - easily memorized or small crib sheet","","","","","","standalone","","Reflexshop","Hungarian","2020","Hungarian edition"
"Ricochet Robots","51","0","0","0","1","0","0","0","0","0","0","0","3","","68-1","","","","53767571","6.70302","7.03901","2.3762","895","10419","thing","Ricochet Robots","1","99","30","30","30","2013","1,2,3,4,5,6,7,8,9,10,11,12","3,4,5,6","10+","No necessary in-game text","","","","","","standalone","","ABACUSSPIELE","English; German","2013","ABACUSSPIELE English/German edition 2013"
"Rings Up!","172035","0","0","0","1","0","0","0","0","0","0","0","3","","19-2","","","","53578728","5.50026","5.74255","1","24813","272","thing","Thumbs Up!","2","6","10","10","10","2015","2,3,4,5,6","4","6+","No necessary in-game text","","","","","","standalone","","Blue Orange (EU)","Dutch; English; French; German; Italian; Portuguese; Russian; Spanish","2015","Multilingual European edition"
"Risiko Narnia","22254","0","0","0","1","0","0","0","0","0","0","0","3","","36-2","","","","54901234","5.49427","5.45842","1.95","26160","292","thing","Narnia Risk Junior","2","4","90","90","90","2006","2,3,4","3,4","8+","Moderate in-game text - needs crib sheet or paste ups","","","","","","standalone","","Hasbro","German","2006","German edition"
"Risk","181","0","0","0","1","0","0","0","0","0","0","0","3","","36-2","","","","53578743","5.46574","5.60364","2.063","28672","65231","thing","Risk","2","6","120","120","120","1985","3,4,5,6","4","8+","No necessary in-game text","","","","","","standalone","","Parker Brothers","English","1985","English edition 1985"
"Risk: Game of Thrones","179719","0","0","0","1","0","0","0","0","0","0","0","3","","77-1","","","","67969325","5.90929","6.64408","2.7206","3714","5960","thing","Risk: Game of Thrones","2","7","240","240","120","2015","3,4,5,6,7","4,5","14+","Moderate in-game text - needs crib sheet or paste ups","","","","","","standalone","","Winning Moves UK Ltd.","English","2015","Winning Moves English deluxe edition"
"Die Ritter von der Haselnuss","1177","0","0","0","1","0","0","0","0","0","0","0","3","","21-1","","","","53767073","5.53335","5.8942","1.1","15520","519","thing","Die Ritter von der Haselnuss","2","4","30","30","30","1997","3,4","3,4","6–10","No necessary in-game text","","","","","","standalone","","Goldsieber Spiele","German","1997","Goldsieber German edition"
"Rival Kings","191879","0","0","0","1","0","0","0","0","0","0","0","3","","03-2","","","","90308726","5.50648","5.84948","2","23085","247","thing","Rival Kings","2","4","30","30","20","2016","2,3,4","2,3","10+","No necessary in-game text","","","","","","standalone","","HUCH!","Dutch; English; French; German; Italian","2016","Multilingual edition"
"Rivals for Catan","66056","0","0","0","1","0","0","0","0","0","0","0","3","","51-4","","","","100901797","6.56384","6.9341","2.3222","1152","20743","thing","Rivals for Catan","2","2","60","60","45","2010","2","2","10+","Moderate in-game text - needs crib sheet or paste ups","","","","","","standalone","","","","",""
"Robbanó cicák","172225","0","0","0","1","0","0","0","0","0","0","0","3","","04-5
*","","","","97174288","5.88062","6.0659","1.08","3922","88303","thing","Exploding Kittens","2","5","15","15","15","2018","3,4,5","4,5","8+","Some necessary text - easily memorized or small crib sheet","","","","","","standalone","","Gém Klub Kft.","Hungarian","2018","Hungarian edition"
"Robbanó cicák: Partipakk","256804","0","0","0","1","0","0","0","0","0","0","0","3","","04-5","","","","137115092","6.19228","7.06293","1.0667","2222","8387","thing","Exploding Kittens: Party Pack","2","10","15","15","15","2020","2,3,4,5,6,7,8,9,10","5,6","8+","Some necessary text - easily memorized or small crib sheet","","","","","","standalone","","Gém Klub Kft.","Hungarian","2020","Hungarian edition"
"Robinson Crusoe: Adventures on the Cursed Island","121921","0","0","0","1","0","0","0","0","0","0","0","3","","84-4","","","","67531761","7.5535","7.72913","3.8255","112","74546","thing","Robinson Crusoe: Adventures on the Cursed Island","1","4","120","120","60","2016","1,2,3,4","1,2","12+","Extensive use of text - massive conversion needed to be playable","","","","","","standalone","","Portal Games","English","2016","English fourth edition, 2016 printing"
"Robot Művek","366683","0","0","0","1","0","0","0","0","0","0","0","3","","80-1","","","","127773998","6.41068","7.68982","3.2128","1525","3307","thing","Raising Robots","1","6","90","90","60","2024","1,2,3,4,5,6","3,4","12+","No necessary in-game text","","","","","","standalone","","Reflexshop","Hungarian","2024","Hungarian edition"
"Robotok","296514","0","0","0","1","0","0","0","0","0","0","0","3","","24-4","","","","130735466","5.54709","6.05139","1","13343","758","thing","Robots","2","6","15","15","15","2020","2,3,4,5,6","3,4","5–8","","","","","","","standalone","","Gém Klub Kft.","Hungarian","2020","Hungarian edition"
"Rockwell","139562","0","0","0","1","0","0","0","0","0","0","0","3","","80-1","","","","53578773","5.83565","7.06105","3.2045","4339","1174","thing","Rockwell","2","4","90","90","90","2013","3,4","4","12+","No necessary in-game text","","","","","","standalone","","Sit Down!","English; French; German","2013","English/French/German edition"
"A rókák tudománya","368432","0","0","0","1","0","0","0","0","0","0","0","3","","78-4","","","","122493132","6.55613","7.33173","2.5761","1164","6687","thing","The Fox Experiment","1","4","60","60","60","2024","1,2,3,4","3,4","10+","Some necessary text - easily memorized or small crib sheet","","","","","","standalone","","Reflexshop","Hungarian","2024","Hungarian edition"
"Rókanyomon","172931","0","0","0","1","0","0","0","0","0","0","0","3","","20-3","","","","100220174","6.59652","7.13864","1.1014","1083","11450","thing","Outfoxed!","2","4","20","20","20","2018","2,3,4","3,4","4–10","No necessary in-game text","","","","","","standalone","","Reflexshop","Hungarian","2018","Hungarian edition"
"Rókavadászat","228141","0","0","0","1","0","0","0","0","0","0","0","3","","22-5","","","","60770320","5.50445","5.88929","1","23705","99","thing","Fuchs du hast das Huhn gestohlen","2","4","25","25","15","2019","","","","","","","","","","standalone","","Compaya.hu: Gamer Café Kft.","Hungarian","2019","Hungarian edition"
"Rokoko","144344","0","0","0","1","0","0","0","0","0","0","0","3","","74-2","","","","53768028","7.16693","7.58321","3.0859","328","9529","thing","Rococo","2","5","120","120","60","2013","2,3,4,5","3","12+","No necessary in-game text","","","","","","standalone","","eggertspiele; Pegasus Spiele","English; German","2013","English/German first edition"
"Rolling Ranch","249673","0","0","0","1","0","0","0","0","0","0","0","3","","27-4","","","","127895528","5.85687","6.68068","1.1905","4141","2198","thing","Rolling Ranch","1","20","20","20","10","2019","1,2,3,4,5,6,7,8,9,10,11,12,13,14,15,16,17,18,19,20","4,5","10","No necessary in-game text","","","","","","standalone","","ThunderGryph Games","English","2019","English edition"
"Roma","16496","0","0","0","1","0","0","0","0","0","0","0","3","","55-1","","","","53578776","6.31398","6.73876","2.0085","1790","5910","thing","Roma","2","2","45","45","45","2005","2","2","10+","No necessary in-game text","","","","","","standalone","","Queen Games","Dutch; French; German; Italian","2005","Queen DUT/FRE/GER/ITA edition"
"Róma dicsősége","349793","0","0","0","1","0","0","0","0","0","0","0","3","","76-5","","","","112031813","5.7981","7.02933","2.6667","4713","1612","thing","Age of Rome","1","4","90","90","60","2023","1,2,4","4","12+","Moderate in-game text - needs crib sheet or paste ups","","","","","","standalone","","Gém Klub Kft.; Teetotum Game Studios","Hungarian","2023","Hungarian edition"
"Room 25","127024","0","0","0","1","0","0","0","0","0","0","0","3","","14-3","","","","53578786","6.362","6.68463","1.9301","1644","9241","thing","Room 25","1","6","30","30","30","2013","3,4,5,6","4,5,6","10+","Some necessary text - easily memorized or small crib sheet","","","","","","standalone","","Kaissa Chess & Games; Matagot","English; French; Greek; Spanish","2013","Kaissa EN/FR/ES/EL first edition"
"Root","237182","0","0","0","1","0","0","0","0","0","0","0","3","","82-3","","","","138544648","7.88053","8.06863","3.835","33","95739","thing","Root","2","4","90","90","60","2022","3,4","4","12+","Extensive use of text - massive conversion needed to be playable","","","","","","standalone","","Delta Vision Publishing; Leder Games","Hungarian","2022","Hungarian edition"
"Rory's Story Cubes: Doctor Who","192320","0","0","0","1","0","0","0","0","0","0","0","3","","16-2","","","","63824531","5.52714","6.67646","1","16925","398","thing","Rory's Story Cubes: Doctor Who","1","99","10","10","10","2016","3,4,5,6","4","12+","","","","","","","standalone","","The Creativity Hub","English; French; German; Spanish","2016","English/French/German/Spanish edition"
"Rosenkönig","201","0","0","0","1","0","0","0","0","0","0","0","3","","54-2","","","","53578789","6.32307","6.8208","1.9378","1760","6458","thing","The Rose King","2","2","30","30","30","2008","2","2","8+","No necessary in-game text","","","","","","standalone","","KOSMOS","German","2008","KOSMOS German fourth edition"
"Roundforest","310076","0","0","0","1","0","0","0","0","0","0","0","3","","29-2","","","","74069130","5.51464","6.30108","2.125","20507","222","thing","Roundforest","2","4","60","60","45","2020","2,3,4","4","8–14","No necessary in-game text","","","","","","standalone","","Piatnik","Czech; French; German; Hungarian; Polish; Slovak","2020","Multilingual edition"
"A rózsa varázsa","253759","0","0","0","1","0","0","0","0","0","0","0","3","","67-2","","","","103279502","6.39362","7.17427","2.4528","1565","4792","thing","Paint the Roses","2","5","70","70","50","2023","2,3,4,5","4","10+","Some necessary text - easily memorized or small crib sheet","","","","","","standalone","","Reflexshop","Hungarian","2023","Hungarian edition"
"Rudolph","455166","0","0","0","1","0","0","0","0","0","0","0","3","","07-4","","","","138485970","0","7.18182","0","0","98","thing","Rudolph","2","6","20","20","15","2025","","","","","","","","","","standalone","","","","",""
"Rummikub","811","0","0","0","1","0","0","0","0","0","0","0","3","","60-4
*","","","","67645284","6.3224","6.50984","1.7096","1763","47021","thing","Rummikub","2","4","60","60","60","1996","2,3,4","4","8+","No necessary in-game text","","","","","","standalone","","Piatnik","Hungarian","1996","Piatnik Hungarian edition 1996"
"Rummikub Betűs","4598","0","0","0","1","0","0","0","0","0","0","0","3","","16-4","","","","92648044","5.49159","5.43416","1.9167","26610","768","thing","Word Rummikub","2","4","30","30","30","1983","2,3,4","3","","No necessary in-game text","","","","","","standalone","","Piatnik","Hungarian","0","Piatnik Hungarian edition"
"Rummikub Twist","237792","0","0","0","1","0","0","0","0","0","0","0","3","","26-2","","","","128232540","5.67082","7.36625","2.1111","6795","712","thing","Rummikub Twist","2","4","45","45","20","2021","2,3,4","3,4","6+","","","","","","","standalone","","Piatnik","Czech; German; Hungarian; Slovak","2021","Piatnik mini edition"
"Rummy","15878","0","0","0","1","0","0","0","0","0","0","0","3","","05-1","","","","87473704","5.68247","5.92361","1.4024","6543","2851","thing","Rummy","2","6","60","60","60","1887","2,3,4,5,6","4","8+","No necessary in-game text","","","","","","standalone","","","","",""
"Rummy 17","200407","0","0","0","1","0","0","0","0","0","0","0","3","","05-3","","","","108824071","5.5138","6.07075","1","20774","103","thing","Rummy 17","2","6","20","20","20","2017","3,4,5,6","6","10+","No necessary in-game text","","","","","","standalone","","Piatnik","German","2017","German edition"
"Rune Stones","285265","0","0","0","1","0","0","0","0","0","0","0","3","","72-1","","","","72488404","6.30938","7.24329","2.3393","1800","3644","thing","Rune Stones","2","4","60","60","60","2020","2,3,4","3","10+","No necessary in-game text","","","","","","standalone","","Piatnik; Queen Games","Czech; Hungarian; Polish; Slovak","2020","Czech/Hungarian/Polish/Slovak edition"
"Rush n' Crush","46782","0","0","0","1","0","0","0","0","0","0","0","3","","67-1","","","","53578831","5.69715","6.26167","2.2075","6208","1863","thing","Rush n' Crush","3","6","60","60","60","2009","3,4,5,6","6","8+","No necessary in-game text","","","","","","standalone","","Alderac Entertainment Group; Rackham","English; French; German; Italian; Spanish","2009","Multilingual edition"
"Saboteur: Change Order promo card","353383","0","0","0","1","0","0","0","0","0","0","0","3","","06-3","","","","119613284","0","5.91667","0","0","53","thing","Saboteur: Change Order promo card","3","10","60","60","30","2020","","","","","","","","","","expansion","","AMIGO","English","2020","English edition"
"Sagaland","938","0","0","0","1","0","0","0","0","0","0","0","3","","60-4","","","","89783934","5.61372","5.74146","1.2437","8537","7635","thing","Enchanted Forest","2","6","60","60","30","2007","2,3,4,5,6","4","5+","No necessary in-game text","","","","","","standalone","","Ravensburger","German","2007","German fourth edition"
"Sagrada","199561","0","0","0","1","0","0","0","0","0","0","0","3","","17-3","","","","55033293","7.32552","7.46906","1.9186","218","77065","thing","Sagrada","1","4","45","45","30","2018","1,2,3,4","2","8+","Some necessary text - easily memorized or small crib sheet","","","","","","standalone","","Reflexshop","Hungarian","2018","Hungarian edition"
"Sail to India","141736","0","0","0","1","0","0","0","0","0","0","0","3","","03-2","","","","53578882","6.13104","6.66506","2.2053","2471","4913","thing","Sail to India","3","4","60","60","60","2014","3,4","3,4","12+","Some necessary text - easily memorized or small crib sheet","","","","","","standalone","","Alderac Entertainment Group","English","2014","AEG English third edition 2014"
"Sajtbirodalom","8195","0","0","0","1","0","0","0","0","0","0","0","3","","60-1","","","","66508978","6.00711","6.82353","1.0847","3066","2535","thing","Viva Mouse!","2","4","30","30","20","2016","2,3,4","3,4","4+","No necessary in-game text","","","","","","standalone","","Compaya.hu: Gamer Café Kft.","Hungarian","2016","Hungarian edition"
"Sajtra szállás","347703","0","0","0","1","0","0","0","0","0","0","0","3","","69-4","","","","119469567","6.82831","7.53082","2.2806","709","7093","thing","First Rat","1","5","75","75","30","2024","1,2,3,4,5","3,4","10+","No necessary in-game text","","","","","","standalone","","Gém Klub Kft.","Hungarian","2024","Hungarian edition"
"Sakk","171","0","0","0","1","0","0","0","0","0","0","0","3","","52-1","","","","57812197","7.03231","7.23197","3.6474","455","59029","thing","Chess","2","2","0","0","0","1475","2","2","6+","No necessary in-game text","","","","","","standalone","","Piatnik","Hungarian","0","Piatnik Hungarian edition"
"Sakura","229543","0","0","0","1","0","0","0","0","0","0","0","3","","05-2","","","","68520196","5.60247","6.17019","1.5","9040","897","thing","Sakura","2","6","45","45","20","2017","2,3,4","2,3,4","8+","No necessary in-game text","","","","","","standalone","","A-games (Board Game); Delta Vision Publishing","English; French; German; Hungarian","2017","English/French/German/Hungarian edition"
"Sakura Dice","401347","0","0","0","1","0","0","0","0","0","0","0","3","","16-5","","","","132907557","5.53277","7.99592","2.6","15634","80","thing","Sakura Dice","2","6","60","60","40","2025","2,3,4,5","2,3","12","No necessary in-game text","","","","","","standalone","","A-games (Board Game)","English; German; Hungarian","2025","HUN/ENG/GER edition"
"Saltlands","189222","0","0","0","1","0","0","0","0","0","0","0","3","","80-4","","","","53766208","5.70884","6.78186","2.75","5973","1252","thing","Saltlands","1","6","120","120","90","2016","3,4,5,6","4","10+","No necessary in-game text","","","","","","standalone","","Antler Games","English","2016","English standard edition"
"Samhain","178397","0","0","0","1","0","0","0","0","0","0","0","3","","80-4","","","","53764765","5.5182","5.9374","2.75","19383","1040","thing","Samhain","2","4","60","60","45","2017","2,3,4","2","12+","No necessary in-game text","","","","","","standalone","","Giochix.it","English; Italian","2017","English/Italian edition"
"San Francisco Cable Car","58602","0","0","0","1","0","0","0","0","0","0","0","3","","33-3","","","","133022737","5.92332","6.66243","1.8026","3615","2042","thing","Cable Car","2","6","45","45","30","2009","2,3,4,5,6","4","6+","No necessary in-game text","","","","","","standalone","","Queen Games","Dutch; English; French; German; Italian; Spanish","2009","Multilingual edition"
"San Marco","1041","0","0","0","1","0","0","0","0","0","0","0","3","","II. ","","","","53578979","6.60971","7.16782","2.677","1054","5028","thing","San Marco","3","4","75","75","75","2001","3,4","3","12+","No necessary in-game text","","","","","","standalone","","Ravensburger","Hungarian; Polish","2001","Polish/Hungarian edition"
"Sankt Petersburg","9217","0","0","0","1","0","0","0","0","0","0","0","3","","66-4","","","","128620940","7.02331","7.26706","2.4324","465","13346","thing","Saint Petersburg","2","4","60","60","45","2004","2,3,4","4","10+","No necessary in-game text","","","","","","standalone","","Hans im Glück","German","2004","German edition with SdJ nominee"
"Santiago de Cuba","104347","0","0","0","1","0","0","0","0","0","0","0","3","","72-3
*","","","","53578984","6.41552","6.88094","2.1475","1510","5019","thing","Santiago de Cuba","2","4","75","75","40","2013","2,3,4","2","10+","No necessary in-game text","","","","","","standalone","","Piatnik","Hungarian","2013","Hungarian edition"
"Santorini","194655","0","0","0","1","0","0","0","0","0","0","0","3","","19-5","","","","58153948","7.20048","7.34041","1.7229","299","64815","thing","Santorini","2","4","20","20","20","2017","2,3","2","6+","No necessary in-game text","","","","","","standalone","","Roxley; Spin Master Ltd.","English","2017","Roxley/Spin Master English/French edition with sticker"
"Sapiens","169649","0","0","0","1","0","0","0","0","0","0","0","3","","73-5","","","","53665637","5.74914","6.28646","2.625","5330","1545","thing","Sapiens","2","4","45","45","45","2015","2,3,4","2,3","8+","No necessary in-game text","","","","","","standalone","","Catch Up Games; IELLO","English","2015","English edition"
"Saqqara","385563","0","0","0","1","0","0","0","0","0","0","0","3","","07-4","","","","117294527","5.50104","6.15263","1.25","24637","69","thing","Saqqara","2","4","20","20","10","2023","3,4","4","8+","","","","","","","standalone","","Piatnik","Czech; French; German; Hungarian; Slovak","2023","Multilingual edition"
"Särge schubsen","171475","0","0","0","1","0","0","0","0","0","0","0","3","","06-4","","","","53757310","5.51221","5.83177","1","21264","571","thing","Clearing Coffins","2","6","15","15","15","2015","4,5,6","4","6–10","No necessary in-game text","","","","","","standalone","","Drei Magier Spiele","Dutch; English; French; German; Italian","2015","Multilingual first edition"
"Sárkány Palota","232219","0","0","0","1","0","0","0","0","0","0","0","3","","19-5","","","","95396087","6.72177","7.10368","1.9935","857","12030","thing","Dragon Castle","1","4","45","45","30","2018","2,3,4","2","8+","No necessary in-game text","","","","","","standalone","","Delta Vision Publishing","Hungarian","2018","Hungarian edition"
"Sárkány Parádé","26472","0","0","0","1","0","0","0","0","0","0","0","3","","28-3
","","","","53764399","5.58836","5.87595","1.2192","9822","1022","thing","Dragon Parade","2","5","30","30","30","2007","3,4,5","4","6+","No necessary in-game text","","","","","","standalone","","Piatnik","Hungarian","0","Hungarian edition"
"Sárkányok","348096","0","0","0","1","0","0","0","0","0","0","0","3","","28-3","","","","119613244","6.34174","6.87467","1.0597","1707","7768","thing","Kites","2","6","10","10","10","2023","2,3,4,5,6","4,5,6","8+","No necessary in-game text","","","","","","standalone","","Reflexshop","Hungarian","2023","Hungarian edition"
"Sárkányok Völgye","385529","0","0","0","1","0","0","0","0","0","0","0","3","","71-1","","","","138529164","7.11642","7.60167","2.1483","369","13454","thing","The Vale of Eternity","2","4","45","45","30","2024","2,3,4","3","10+","Moderate in-game text - needs crib sheet or paste ups","","","","","","standalone","","Gém Klub Kft.; Mandoo Games","Hungarian","2024","Hungarian edition"
"Sárkánytojás","148215","0","0","0","1","0","0","0","0","0","0","0","3","","26-1","","","","128620823","5.50583","5.71717","1.5714","23283","64","thing","Sárkánytojás","1","12","20","20","20","2013","2,3,4","2","5+","No necessary in-game text","","","","","","standalone","","Gém Klub Kft.","Hungarian","2013","Hungarian edition"
"Sarkvidék","420214","0","0","0","1","0","0","0","0","0","0","0","3","","33-5","","","","138528377","5.62419","6.39455","1.9167","8117","514","thing","Arctic","2","4","40","40","20","2024","2,3,4","2","8+","No necessary in-game text","","","","","","standalone","","Gém Klub Kft.","Hungarian","2024","Hungarian edition"
"Savannah Park","339484","0","0","0","1","0","0","0","0","0","0","0","3","","30-3","","","","91375865","6.23787","7.03676","1.7593","2038","4070","thing","Savannah Park","1","4","40","40","20","2022","1,2,3,4","3","8+","No necessary in-game text","","","","","","standalone","","Piatnik","Hungarian","2022","Hungarian edition"
"Schotten Totten","372","0","0","0","1","0","0","0","0","0","0","0","3","","56-3","","","","55033065","7.06401","7.35779","1.6737","427","23629","thing","Schotten Totten","2","2","20","20","20","2017","2","2","8+","No necessary in-game text","","","","","","standalone","","Reflexshop","Hungarian","2017","Hungarian first edition"
"Schrödinger macskája","345972","0","0","0","1","0","0","0","0","0","0","0","3","","05-3","","","","122132419","7.12135","7.45697","2.0407","366","23073","thing","Cat in the Box: Deluxe Edition","2","5","40","40","20","2023","3,4,5","4","10+","No necessary in-game text","","","","","","standalone","","Gém Klub Kft.","Hungarian","2023","Hungarian edition"
"Der Schwarm","38735","0","0","0","1","0","0","0","0","0","0","0","3","","69-1","","","","53483337","5.68614","6.32472","2.54","6452","1492","thing","The Swarm","2","4","75","75","75","2008","2,3,4","3","10+","Some necessary text - easily memorized or small crib sheet","","","","","","standalone","","KOSMOS","German","2008","KOSMOS German edition"
"Scotland Yard","438","0","0","0","1","0","0","0","0","0","0","0","3","","60-4","","","","53579008","6.34575","6.50775","1.9447","1695","31261","thing","Scotland Yard","2","6","45","45","45","1988","2,3,4,5,6","2,4","8+","No necessary in-game text","","","","","","standalone","","Otto Maier Verlag","German","1988","Ravensburger German edition"
"SCOUT","291453","0","0","0","1","0","0","0","0","0","0","0","3","","07-2","","","","123395388","7.58495","7.80389","1.3792","102","49325","thing","SCOUT","2","5","20","20","20","2024","3,4,5","4","8+","No necessary in-game text","","","","","","standalone","","Gém Klub Kft.","Hungarian","2024","Hungarian edition"
"Scrabble","320","0","0","0","1","0","0","0","0","0","0","0","3","","16-4","","","","53766561","6.14918","6.27274","2.0548","2383","69284","thing","Scrabble","2","4","90","90","90","2000","2,3,4","2","10+","Unplayable in another language","","","","","","standalone","","Mattel, Inc.","Hungarian","2000","Mattel Hungarian edition"
"Scrabble Kártyajáték","6994","0","0","0","1","0","0","0","0","0","0","0","3","","06-3","","","","108823809","5.48496","5.49619","1.6389","27478","1163","thing","Scrabble Card Game","2","6","20","20","20","1997","2,3,4","2","8+","No necessary in-game text","","","","","","standalone","","Mattel, Inc.","Hungarian","0","Mattel Hungarian edition"
"Scrap Racer","331126","0","0","0","1","0","0","0","0","0","0","0","3","","12-2","","","","87475894","5.53598","6.25123","2","15033","437","thing","Scrap Racer","2","6","45","45","20","2021","3,4,5,6","5,6","8","","","","","","","standalone","","Piatnik; Queen Games","Czech; Hungarian; Polish; Slovak","2021","Czech/Slovak/Hungarian/Polish edition"
"Scythe","169786","0","0","0","1","0","0","0","0","0","0","0","3","","80-4","","","","55977831","7.95533","8.10833","3.4523","22","124697","thing","Scythe","1","5","115","115","115","2017","1,2,3,4,5","4","12+","Moderate in-game text - needs crib sheet or paste ups","","","","","","standalone","","Delta Vision Publishing","Hungarian","2017","Hungarian edition"
"Sea of Clouds","189052","0","0","0","1","0","0","0","0","0","0","0","3","","02-5","","","","53765887","6.07111","6.62662","1.7097","2746","4832","thing","Sea of Clouds","2","4","45","45","45","2016","2,3,4","4","8+","Moderate in-game text - needs crib sheet or paste ups","","","","","","standalone","","IELLO","English","2016","English edition"
"Sebastian Fitzek Safehouse: Das Würfelspiel","302212","0","0","0","1","0","0","0","0","0","0","0","3","","16-5","","","","130735596","5.58061","6.36154","1.5556","10286","664","thing","Sebastian Fitzek Safehouse: Das Würfelspiel","1","4","20","20","20","2020","1,2,3,4","1","8+","No necessary in-game text","","","","","","standalone","","moses. Verlag GmbH","German","2020","German edition"
"Secret Hitler","188834","0","0","0","1","0","0","0","0","0","0","0","3","","08-3","","","","53758806","7.25582","7.49084","1.7378","259","48814","thing","Secret Hitler","5","10","45","45","45","2016","6,7,8,9,10","8,10","14+","Some necessary text - easily memorized or small crib sheet","","","","","","standalone","","Goat Wolf & Cabbage","English","2016","English edition"
"Senjutsu: Japán hadurainak vérrel írott legendája","343900","0","0","0","1","0","0","0","0","0","0","0","3","","76-4","","","","118209748","6.00701","7.24314","2.9429","3069","3909","thing","Senjutsu: Battle For Japan","1","4","20","20","15","2024","1,2,3,4","2","12+","Moderate in-game text - needs crib sheet or paste ups","","","","","","standalone","","Reflexshop","Hungarian","2024","Hungarian edition"
"Septima","360692","0","0","0","1","0","0","0","0","0","0","0","3","","81-3","","","","112529405","6.55088","7.37144","3.6763","1175","8373","thing","Septima","1","4","100","100","50","2023","1,2,3,4","3","14+","Moderate in-game text - needs crib sheet or paste ups","","","","","","standalone","","Mindclash Games","English","2023","English Deluxe edition"
"Sequence","2375","0","0","0","1","0","0","0","0","0","0","0","3","","02-1","","","","108822039","5.9612","6.16639","1.3146","3346","28071","thing","Sequence","2","12","30","30","10","1982","2,3,4,6","3,4","6+","No necessary in-game text","","","","","","standalone","","Parker Brothers","English","0","Parker English edition"
"Sequence Dice","5966","0","0","0","1","0","0","0","0","0","0","0","3","","17-1","","","","108822886","5.51238","5.71411","1","21204","1202","thing","Sequence Dice","2","4","20","20","20","2004","2,4","2","6+","No necessary in-game text","","","","","","standalone","","Nordic Games ehf","Dutch; English; French; German; Italian; Portuguese; Spanish","2004","Nordic Games multilingual edition"
"SET","1198","0","0","0","1","0","0","0","0","0","0","0","3","","07-5","","","","54420765","6.29421","6.50665","1.6511","1846","25563","thing","SET","1","20","30","30","30","1988","1,2,3,4,5,6,7","3,4","6+","No necessary in-game text","","","","","","standalone","","Compaya.hu: Gamer Café Kft.","Hungarian","0","Compaya.hu Hungarian first edition"
"SETI: Kutatás a földön kívüli élet után","418059","0","0","0","1","0","0","0","0","0","0","0","3","","83-1","","","","131387888","7.92684","8.3969","3.8111","27","23646","thing","SETI: Search for Extraterrestrial Intelligence","1","4","160","160","40","2025","1,2,3,4","3","14+","Moderate in-game text - needs crib sheet or paste ups","","","","","","standalone","","Gém Klub Kft.","Hungarian","2025","Hungarian edition"
"The Settlers of Catan: Travel Edition","3972","0","0","0","1","0","0","0","0","0","0","0","3","","31-5","","","","54165292","5.98041","6.75535","2.2517","3230","3729","thing","Catan: Portable Edition","3","4","90","90","90","2003","2,3,4","4","10+","Some necessary text - easily memorized or small crib sheet","","","","","","standalone","","KOSMOS; Mayfair Games","English","2003","English edition 2003"
"Shardhunters","252163","0","0","0","1","0","0","0","0","0","0","0","3","","04-1","","","","66423087","5.63892","7.39141","1.3636","7627","678","thing","Shardhunters","1","4","20","20","20","2019","1,2,3,4","3","10+","Some necessary text - easily memorized or small crib sheet","","","","","","standalone","","Lycan Studio","English","2019","English edition"
"Sheriff of Nottingham","157969","0","0","0","1","0","0","0","0","0","0","0","3","","13-1","","","","53767525","6.91372","7.05072","1.6603","597","56275","thing","Sheriff of Nottingham","3","5","60","60","60","2014","3,4,5","5","8+","Some necessary text - easily memorized or small crib sheet","","","","","","standalone","","Arcane Wonders","English","2014","English edition 2014"
"Sherlock","149869","0","0","0","1","0","0","0","0","0","0","0","3","","14-1","","","","69642115","5.74976","6.3215","1.6087","5320","2157","thing","Sherlock 13","2","4","15","15","15","2016","3,4","4","8+","No necessary in-game text","","","","","","standalone","","Granna","Polish","2016","Polish edition"
"Sherlock Holmes Criminal-Cabinet","2511","0","0","0","1","0","0","0","0","0","0","0","3","","59-4","","","","113279825","7.37312","7.61068","2.6628","191","44167","thing","Sherlock Holmes Consulting Detective: The Thames Murders & Other Cases","1","8","120","120","60","1985","1,2,3,4","2","14+","Unplayable in another language","","","","","","standalone","","KOSMOS","German","1985","KOSMOS German fifth edition edition with Spiel des Jahres sticker"
"Sherlock: A halál ünnepi szele","250779","0","0","0","1","0","0","0","0","0","0","0","3","","14-4
*","","","","109940648","5.76237","6.38049","1.6111","5150","2018","thing","Sherlock: Death on the 4th of July","1","8","60","60","40","2020","2,3,4","4","12+","Moderate in-game text - needs crib sheet or paste ups","","","","","","standalone","","Reflexshop","Hungarian","2020","Hungarian edition"
"Sherlock: A régész sírboltja","247436","0","0","0","1","0","0","0","0","0","0","0","3","","14-4","","","","109940680","5.87293","6.6103","1.5333","3991","2293","thing","Sherlock: The Tomb of the Archaeologist","1","8","60","60","40","2020","2,3,4","2","10+","Moderate in-game text - needs crib sheet or paste ups","","","","","","standalone","","Reflexshop","Hungarian","2020","Hungarian edition"
"Sherlock: Az utolsó figyelmeztetés","250780","0","0","0","1","0","0","0","0","0","0","0","3","","14-4","","","","109940663","5.94536","6.68281","1.5385","3457","2393","thing","Sherlock: Last Call","1","8","60","60","40","2020","2,3,4,5","2","12+","Extensive use of text - massive conversion needed to be playable","","","","","","standalone","","Reflexshop","Hungarian","2020","Hungarian edition"
"Shipyard","55600","0","0","0","1","0","0","0","0","0","0","0","3","","77-2","","","","58419977","6.67459","7.32013","3.5","937","4801","thing","Shipyard","2","4","120","120","120","2009","2,3,4","3","12+","No necessary in-game text","","","","","","standalone","","Czech Games Edition; Rio Grande Games","English","2009","Rio Grande English edition"
"Shit Happens","196379","0","0","0","1","0","0","0","0","0","0","0","3","","08-4
*III","","","","95420521","5.38528","5.3106","1.0556","29423","4673","thing","Shit Happens","2","8","60","60","20","2016","3,4,5,6,7,8","4,6","16+","Unplayable in another language","","","","","","standalone","","","","",""
"Shit Happens","196379","0","0","0","1","0","0","0","0","0","0","0","3","","02-4","","","","134751089","5.38528","5.3106","1.0556","29423","4673","thing","Shit Happens","2","8","60","60","20","2016","3,4,5,6,7,8","4,6","16+","Unplayable in another language","","","","","","standalone","","Goliath Games","English","2016","Goliath English first edition"
"Shrimp","117992","0","0","0","1","0","0","0","0","0","0","0","3","","22-1","","","","53784249","5.53568","5.88457","1","15081","633","thing","Shrimp","2","6","15","15","15","2012","2,3,4,5,6","4,5","5+","No necessary in-game text","","","","","","standalone","","asmodee","Dutch; English; French; German; Spanish","2012","Multilingual first edition"
"Sid Meier's Civilization: A Társasjáték","77130","0","0","0","1","0","0","0","0","0","0","0","3","","84-2
","","","","95396308","7.0696","7.3709","3.8994","419","22375","thing","Sid Meier's Civilization: The Board Game","2","4","240","240","120","2011","2,3,4","4","14+","Extensive use of text - massive conversion needed to be playable","","","","","","standalone","","Delta Vision Publishing","Hungarian","2011","Hungarian edition"
"Side Effects","230765","0","0","0","1","0","0","0","0","0","0","0","3","","08-3","","","","68144610","5.78895","6.69727","1.15","4828","2813","thing","Side Effects","2","8","30","30","10","2017","3,4,5,6,7,8","5,6","12+","Some necessary text - easily memorized or small crib sheet","","","","","","standalone","","Pillbox Games","English","2017","English edition"
"Silent Planet","325841","0","0","0","1","0","0","0","0","0","0","0","3","","07-4","","","","84849217","5.48908","5.11649","1","26974","166","thing","Silent Planet","2","6","15","15","15","2021","2,3,4,5,6","2","8+","","","","","","","standalone","","","","",""
"Silly Seance","427382","0","0","0","1","0","0","0","0","0","0","0","3","","12-3","","","","125405561","5.52053","6.67045","1","18737","57","thing","Silly Seance","3","6","20","20","15","2024","3,4,5,6","4,5,6","","No necessary in-game text","","","","","","standalone","","Jumping Turtle Games","Dutch; English","2024","Dutch/English edition"
"Similo: Állatok","268620","0","0","0","1","0","0","0","0","0","0","0","3","","07-3","","","","125374840","6.47521","6.81095","1.0545","1356","22506","thing","Similo","2","8","15","15","10","2021","2,3,4,5,6","3,4","6+","No necessary in-game text","","","","","","standalone","","Delta Vision Publishing","Hungarian","2021","Hungarian edition"
"Similo: Board Games '24","268620","0","0","0","1","0","0","0","0","0","0","0","3","","07-3
*","","","","125374916","6.47521","6.81095","1.0545","1356","22506","thing","Similo","2","8","15","15","10","2024","2,3,4,5,6","3,4","6+","No necessary in-game text","","","","","","standalone","","Horrible Guild","English","2024","English edition"
"Similo: Harry Potter","268620","0","0","0","1","0","0","0","0","0","0","0","3","","07-3","","","","125374942","6.47521","6.81095","1.0545","1356","22506","thing","Similo","2","8","15","15","10","2022","2,3,4,5,6","3,4","6+","No necessary in-game text","","","","","","standalone","","Horrible Guild","English","2022","English edition"
"Similo: Jurassic World","268620","0","0","0","1","0","0","0","0","0","0","0","3","","07-3","","","","125374959","6.47521","6.81095","1.0545","1356","22506","thing","Similo","2","8","15","15","10","2024","2,3,4,5,6","3,4","6+","No necessary in-game text","","","","","","standalone","","Horrible Guild","English","2024","English edition"
"Similo: Mesék","268620","0","0","0","1","0","0","0","0","0","0","0","3","","07-3","","","","125374854","6.47521","6.81095","1.0545","1356","22506","thing","Similo","2","8","15","15","10","2021","2,3,4,5,6","3,4","6+","No necessary in-game text","","","","","","standalone","","Delta Vision Publishing","Hungarian","2021","Hungarian edition"
"Similo: Mítosz","268620","0","0","0","1","0","0","0","0","0","0","0","3","","07-3","","","","130238532","6.47521","6.81095","1.0545","1356","22506","thing","Similo","2","8","15","15","10","2021","2,3,4,5,6","3,4","6+","No necessary in-game text","","","","","","standalone","","Delta Vision Publishing","Hungarian","2021","Hungarian edition"
"Similo: Rémségek","268620","0","0","0","1","0","0","0","0","0","0","0","3","","07-3","","","","125374827","6.47521","6.81095","1.0545","1356","22506","thing","Similo","2","8","15","15","10","2024","2,3,4,5,6","3,4","6+","No necessary in-game text","","","","","","standalone","","Delta Vision Publishing","Hungarian","2024","Hungarian edition"
"Similo: The Lord of the Rings","268620","0","0","0","1","0","0","0","0","0","0","0","3","","07-3","","","","125374975","6.47521","6.81095","1.0545","1356","22506","thing","Similo","2","8","15","15","10","2023","2,3,4,5,6","3,4","6+","No necessary in-game text","","","","","","standalone","","Horrible Guild","English","2023","English edition"
"Similo: Történelem","268620","0","0","0","1","0","0","0","0","0","0","0","3","","07-3","","","","125374870","6.47521","6.81095","1.0545","1356","22506","thing","Similo","2","8","15","15","10","2021","2,3,4,5,6","3,4","6+","No necessary in-game text","","","","","","standalone","","Delta Vision Publishing","Hungarian","2021","Hungarian edition"
"Similo: Vadállatok","268620","0","0","0","1","0","0","0","0","0","0","0","3","","07-3","","","","125374891","6.47521","6.81095","1.0545","1356","22506","thing","Similo","2","8","15","15","10","2021","2,3,4,5,6","3,4","6+","No necessary in-game text","","","","","","standalone","","Delta Vision Publishing","Hungarian","2021","Hungarian edition"
"Sínen vagyunk","180602","0","0","0","1","0","0","0","0","0","0","0","3","","07-4","","","","53756896","5.89409","6.35825","1.25","3835","3811","thing","Game of Trains","2","4","20","20","20","2016","2,3,4","3","8+","No necessary in-game text","","","","","","standalone","","Brain Games; Reflexshop","Hungarian","2016","Hungarian edition"
"Skicc","252526","0","0","0","1","0","0","0","0","0","0","0","3","","11-3","","","","61233483","6.59354","7.56208","1.4464","1088","5088","thing","Pictomania (Second Edition)","3","6","40","40","20","2019","3,4,5,6","5,6","10+","Extensive use of text - massive conversion needed to be playable","","","","","","standalone","","Czech Games Edition; Gém Klub Kft.","Hungarian","2019","Hungarian edition"
"Skull","92415","0","0","0","1","0","0","0","0","0","0","0","3","","14-5","","","","107357833","7.01393","7.177","1.118","472","44698","thing","Skull","3","6","45","45","15","2023","3,4,5,6","5,6","8+","No necessary in-game text","","","","","","standalone","","Space Cowboys","English","2023","English edition 2023"
"Skull","92415","0","0","0","1","0","0","0","0","0","0","0","3","","*","","","","135909594","7.01393","7.177","1.118","472","44698","thing","Skull","3","6","45","45","15","2023","3,4,5,6","5,6","8+","No necessary in-game text","","","","","","standalone","","Reflexshop","Hungarian","2023","Hungarian edition"
"Skull: Koponyák játéka","92415","0","0","0","1","0","0","0","0","0","0","0","3","","14-5","","","","58633475","7.01393","7.177","1.118","472","44698","thing","Skull","3","6","45","45","15","2018","3,4,5,6","5,6","8+","No necessary in-game text","","","","","","standalone","","Gém Klub Kft.","Hungarian","2018","Hungarian edition"
"Skylands","254976","0","0","0","1","0","0","0","0","0","0","0","3","","31-3","","","","61216100","5.7102","6.69186","2.1765","5956","1037","thing","Skylands","2","4","45","45","30","2019","2,3,4","3","8+","No necessary in-game text","","","","","","standalone","","Piatnik; Queen Games","Hungarian","2019","Hungarian edition"
"Skyline 3000","54643","0","0","0","1","0","0","0","0","0","0","0","3","","69-1","","","","53579070","5.66209","6.29845","2.3864","7006","1479","thing","Skyline 3000","2","4","60","60","60","2009","3,4","4","10+","No necessary in-game text","","","","","","standalone","","Z-Man Games","English","2009","English edition"
"Small World","40692","0","0","0","1","0","0","0","0","0","0","0","3","","63-4","","","","53665527","7.08899","7.19453","2.3465","400","102296","thing","Small World","2","5","80","80","40","2011","2,3,4,5","4","8+","No necessary in-game text","","","","","","standalone","","Compaya.hu: Gamer Café Kft.","Hungarian","2011","Hungarian first edition"
"Small World of Warcraft","309630","0","0","0","1","0","0","0","0","0","0","0","3","","63-4","","","","86044031","6.58744","7.2623","2.6852","1108","12968","thing","Small World of Warcraft","2","5","80","80","40","2020","2,3,4,5","4","10+","No necessary in-game text","","","","","","standalone","","Blizzard Entertainment; Days of Wonder; Gém Klub Kft.","Hungarian","2020","Hungarian edition"
"Smart10: Family","340722","0","0","0","1","0","0","0","0","0","0","0","3","","15-4","","","","96770803","5.64282","7.38804","1","7519","571","thing","Smart10: Family","2","8","20","0","20","2021","2,3,4","2,3","","Extensive use of text - massive conversion needed to be playable","","","","","","standalone","","","","",""
"So Clover!","329839","0","0","0","1","0","0","0","0","0","0","0","3","","01-4","","","","100897103","7.22109","7.59136","1.1243","282","18941","thing","So Clover!","3","6","30","30","30","2021","2,3,4,5,6","3,4","10+","Unplayable in another language","","","","","","standalone","","Repos Production","English","2021","English edition"
"Sobek","67185","0","0","0","1","0","0","0","0","0","0","0","3","","25-1","","","","57581772","6.05659","6.60695","1.8434","2825","2521","thing","Sobek","2","4","40","40","40","2010","2,3,4","3","8+","No necessary in-game text","","","","","","standalone","","GameWorks SàRL","English; French; German","2010","EN/FR/GE edition"
"Sole Mio!","13530","0","0","0","1","0","0","0","0","0","0","0","3","","04-2","","","","53579091","5.69809","6.23412","1.4474","6193","2019","thing","Sole Mio!","2","5","40","40","40","2004","2,3,4,5","4,5","6+","No necessary in-game text","","","","","","standalone","","ABACUSSPIELE","English; French; German; Italian","2004","Multilingual edition"
"Solo","3347","0","0","0","1","0","0","0","0","0","0","0","3","","06-3
*","","","","72493085","5.38766","5.29377","1.0417","29418","2101","thing","Solo","2","10","30","30","30","1993","3,4,5,6,7,8","4,5,6","6+","No necessary in-game text","","","","","","standalone","","Piatnik","Hungarian","0","Piatnik Hungarian edition"
"Sör és kenyér","369880","0","0","0","1","0","0","0","0","0","0","0","3","","50-3
*","","","","107141468","6.81398","7.3333","2.3523","721","13181","thing","Beer & Bread","2","2","45","45","30","2023","2","2","10+","Moderate in-game text - needs crib sheet or paste ups","","","","","","standalone","","Vagabund","Hungarian","2023","Hungarian edition"
"Sorban állás","85325","0","0","0","1","0","0","0","0","0","0","0","3","","27-3","","","","55755903","6.1752","6.65798","2.034","2277","5800","thing","Kolejka","2","5","60","60","60","2015","3,4,5","5","10+","Moderate in-game text - needs crib sheet or paste ups","","","","","","standalone","","Trefl","Hungarian","2015","Hungarian edition"
"Space Cadets: Away Missions","124827","0","0","0","1","0","0","0","0","0","0","0","3","","69-1","","","","53665715","6.00122","7.31291","2.6222","3107","2218","thing","Space Cadets: Away Missions","1","6","120","120","60","2015","1,2,3,4,5,6","2,3,4","10+","Moderate in-game text - needs crib sheet or paste ups","","","","","","standalone","","Stronghold Games","English","2015","English edition"
"Space Dealer","23451","0","0","0","1","0","0","0","0","0","0","0","3","","68-1","","","","53579098","5.92091","6.50642","2.4058","3631","1791","thing","Space Dealer","3","4","30","30","30","2006","3,4","4","12+","No necessary in-game text","","","","","","standalone","","eggertspiele","German","2006","German first edition"
"Space Mission","105199","0","0","0","1","0","0","0","0","0","0","0","3","","31-1","","","","53579105","5.57873","5.95273","1.8378","10417","560","thing","Space Mission","2","5","45","45","45","2011","3,4,5","3","8+","No necessary in-game text","","","","","","standalone","","Schmidt Spiele","Dutch; English; French; German; Italian","2011","Multilingual edition"
"Space Taxi","316973","0","0","0","1","0","0","0","0","0","0","0","3","","17-2","","","","88480105","5.51597","6.45473","1.5","20092","63","thing","Space Taxi","3","5","30","30","20","2020","2,3,4,5","4","8+","","","","","","","standalone","","Piatnik","Czech; English; French; German; Hungarian; Polish; Slovak","2020","Multilingual Edition"
"Space Walk","765","0","0","0","1","0","0","0","0","0","0","0","3","","II. ","","","","53579112","5.57159","5.97441","1.5217","10929","690","thing","Space Walk","2","5","45","45","45","1999","2,3,4,5","1,2","6+","No necessary in-game text","","","","","","standalone","","Ravensburger","Czech; Hungarian; Polish","1999","Ravensburger Polish/Czech/Hungarian edition"
"Spaghetti","206802","0","0","0","1","0","0","0","0","0","0","0","3","","19-2","","","","69641988","5.53104","5.87683","1","16005","313","thing","Spaghetti","2","4","30","30","20","2017","2,3,4","4","4+","No necessary in-game text","","","","","","standalone","","Granna","Hungarian","2017","Hungarian edition"
"Sparta","109105","0","0","0","1","0","0","0","0","0","0","0","3","","55-1","","","","124411931","5.49258","5.46533","1.6","26463","474","thing","Sparta","2","2","30","30","30","2011","2","2","6+","No necessary in-game text","","","","","","standalone","","Queen Games","English; German","2011","English/German edition"
"Speedy Roll","259830","0","0","0","1","0","0","0","0","0","0","0","3","","58-1","","","","66407212","5.67669","6.37069","1","6670","1371","thing","Hedgehog Roll","1","4","25","25","20","2019","2,3,4","3,4","3–8","No necessary in-game text","","","","","","standalone","","Piatnik","Hungarian","2019","Hungarian edition"
"Spicy","299169","0","0","0","1","0","0","0","0","0","0","0","3","","07-4
*","","","","68820455","6.70658","7.15566","1.3217","886","14422","thing","Spicy","2","6","20","20","15","2020","3,4,5,6","4,5","8+","No necessary in-game text","","","","","","standalone","","Gém Klub Kft.","Hungarian","2020","Hungarian edition"
"Das Spiel mit der Krake","111767","0","0","0","1","0","0","0","0","0","0","0","3","","21-1","","","","53784980","0","4.33333","0","0","31","thing","Das Spiel mit der Krake","2","5","30","30","30","1992","","","","","","","","","","standalone","","Espenlaub","German","1992","German edition"
"Spiral Billard","86833","0","0","0","1","0","0","0","0","0","0","0","3","","19-3","","","","55678058","0","5.16667","1","0","11","thing","Spiral Billard","1","4","0","0","0","2010","","","","","","","","","","standalone","","(Self-Published)","French","2010","French edition"
"Splendor","148228","0","0","0","1","0","0","0","0","0","0","0","3","","26-3","","","","53579120","7.29182","7.41882","1.7771","237","133122","thing","Splendor","2","4","30","30","30","2014","2,3,4","3","8+","No necessary in-game text","","","","","","standalone","","Space Cowboys","German","2014","German edition 2014"
"Splendor Párbaj","364073","0","0","0","1","0","0","0","0","0","0","0","3","","55-4","","","","109938676","7.54996","7.88448","2.0079","114","34165","thing","Splendor Duel","2","2","30","30","30","2023","2","2","10+","No necessary in-game text","","","","","","standalone","","Gém Klub Kft.","Hungarian","2023","Hungarian edition"
"Splendor: Marvel","293296","0","0","0","1","0","0","0","0","0","0","0","3","","26-3","","","","86044321","6.91788","7.56089","1.789","592","13925","thing","Splendor: Marvel","2","4","30","30","30","2021","2,3,4","3","8+","No necessary in-game text","","","","","","standalone","","Gém Klub Kft.","Hungarian","2021","Hungarian edition"
"Spot it! CATAN","448778","0","0","0","1","0","0","0","0","0","0","0","3","","07-3","","","","137114221","0","6.75517","1","0","111","thing","Spot it! CATAN","2","6","15","15","15","2025","2,3,4,6","2,3","","","","","","","","standalone","","","","",""
"Spot it! The Lord of the Rings","451322","0","0","0","1","0","0","0","0","0","0","0","3","","07-3","","","","137114211","0","6.12","0","0","40","thing","Spot it! The Lord of the Rings","2","8","15","15","15","2025","","","","","","","","","","standalone","","","","",""
"Stackers","264172","0","0","0","1","0","0","0","0","0","0","0","3","","18-1","","","","56697880","0","6.10714","0","0","31","thing","Stackers","2","4","45","45","15","2018","","","","","","","","","","standalone","","Tactrics","English","2018","English edition"
"Stapelei","9343","0","0","0","1","0","0","0","0","0","0","0","3","","*","","","","134751504","5.5113","6.17568","1","21578","87","thing","Stapelei","1","4","10","10","10","2014","","","5–8","No necessary in-game text","","","","","","standalone","","HABA","Dutch; English; French; German; Italian; Spanish","2014","Multilingual second edition"
"Star Wars Happy Families: The Clone Wars","21389","0","0","0","1","0","0","0","0","0","0","0","3","","04-2","","","","57646639","5.38943","4.78307","1.0741","29412","1026","thing","Happy Families","2","4","30","30","10","2009","3,4","4","4–8","No necessary in-game text","","","","","","standalone","","Cartamundi","Danish; Dutch; English; Finnish; French; German; Hungarian; Italian; Norwegian; Polish; Portuguese; Spanish; Swedish","2009","Cartamundi multilingual first edition"
"Star Wars: A Hoth ostroma","444481","0","0","0","1","0","0","0","0","0","0","0","3","","31-2","","","","136733901","6.53132","8.04637","1.9167","1218","5394","thing","Star Wars: Battle of Hoth","2","4","30","30","30","2025","2","2","8+","Moderate in-game text - needs crib sheet or paste ups","","","","","","standalone","","Days of Wonder","Hungarian","2025","Hungarian edition"
"Star Wars: A klónok háborúja","370913","0","0","0","1","0","0","0","0","0","0","0","3","","66-3","","","","98600003","6.80536","7.53669","2.1575","735","12095","thing","Star Wars: The Clone Wars","1","5","60","60","60","2022","1,2,3,4","2,3","10+","Moderate in-game text - needs crib sheet or paste ups","","","","","","standalone","","Gém Klub Kft.; Z-Man Games","Hungarian","2022","Hungarian edition"
"Star Wars: Bounty Hunters","410655","0","0","0","1","0","0","0","0","0","0","0","3","","05-3
*","","","","120551849","5.7577","6.61505","1.3333","5212","1933","thing","Star Wars: Bounty Hunters","2","6","20","20","20","2024","2,3,4,5","4","8+","No necessary in-game text","","","","","","standalone","","Compaya.hu: Gamer Café Kft.","Hungarian","2024","Hungarian edition"
"Star Wars: Rebellion","187645","0","0","0","1","0","0","0","0","0","0","0","3","","84-1","","","","53768006","8.16991","8.42012","3.7462","10","55628","thing","Star Wars: Rebellion","2","4","240","240","180","2016","2","2","12+","Extensive use of text - massive conversion needed to be playable","","","","","","standalone","","Fantasy Flight Games","English","2016","English edition"
"Stella: Dixit univerzum","329845","0","0","0","1","0","0","0","0","0","0","0","3","","13-4","","","","90494612","6.6555","7.29139","1.1649","977","8756","thing","Stella: Dixit Universe","3","6","30","30","30","2021","3,4,5,6","5,6","6+","Some necessary text - easily memorized or small crib sheet","","","","","","standalone","","Gém Klub Kft.","Hungarian","2021","Hungarian edition"
"Stone Age Junior","191004","0","0","0","1","0","0","0","0","0","0","0","3","","58-1","","","","66407189","6.10308","6.61378","1.1389","2600","6200","thing","My First Stone Age","2","4","15","15","15","2017","2,3,4","3,4","4–10","No necessary in-game text","","","","","","standalone","","Piatnik","Hungarian","2017","Hungarian edition"
"Stone Age: Jubileum","260678","0","0","0","1","0","0","0","0","0","0","0","3","","72-5","","","","88180457","6.68409","7.94668","2.3067","0","5193","thing","Stone Age: Anniversary","2","4","90","90","60","2018","2,3,4","4","8+","No necessary in-game text","","","","","","standalone","","Piatnik","Hungarian","2018","Hungarian edition"
"Stone Age: Találd meg az utad","34635","0","0","0","1","0","0","0","0","0","0","0","3","","72-5","","","","60698181","7.38503","7.51457","2.457","183","61154","thing","Stone Age","2","4","90","90","60","2016","2,3,4","4","10+","No necessary in-game text","","","","","","standalone","","Hans im Glück; Piatnik","Hungarian","2016","Hungarian edition"
"Strandbüfé","445351","0","0","0","1","0","0","0","0","0","0","0","3","","05-4","","","","134745107","0","7.25","2","0","33","thing","Strandbüfé","1","6","25","25","25","2025","3,4,5,6","4,5","","","","","","","","standalone","","Private Moon Studios","Hungarian","2025","Hungarian edition"
"Stranger Things: Attack of the Mind Flayer","361457","0","0","0","1","0","0","0","0","0","0","0","3","","11-5","","","","114757802","5.49267","5.54406","1.125","26449","925","thing","Stranger Things: Attack of the Mind Flayer","4","10","20","20","20","2022","4,5,6,7,8,9,10","7,8","8+","","","","","","","standalone","","Gém Klub Kft.; Repos Production","Hungarian","2022","Hungarian edition"
"Stranger Things: Hellyel lefelé","374502","0","0","0","1","0","0","0","0","0","0","0","3","","65-2","","","","110213726","6.02438","7.2943","2.1935","2974","2978","thing","Stranger Things: Upside Down","2","4","60","60","60","2023","1,2,3,4","4","8+","Some necessary text - easily memorized or small crib sheet","","","","","","standalone","","Reflexshop","Hungarian","2023","Hungarian edition"
"Stratego Original","1917","0","0","0","1","0","0","0","0","0","0","0","3","","56-1","","","","53766029","6.00802","6.15494","1.8443","3059","31906","thing","Stratego","2","2","45","45","45","1946","2","2","8+","No necessary in-game text","","","","","","standalone","","Piatnik","Czech; Hungarian; Slovak","0","Piatnik Czech/Hungarian/Slovak edition"
"Street","58876","0","0","0","1","0","0","0","0","0","0","0","3","","20-1","","","","98751459","0","5.33333","1","0","19","thing","Street","2","4","30","30","30","2001","4","4","","No necessary in-game text","","","","","","standalone","","Espenlaub","German","2001","German edition"
"Street Illegal","3921","0","0","0","1","0","0","0","0","0","0","0","3","","27-2","","","","53579167","5.52364","5.66906","1.8154","17835","924","thing","Street Illegal","1","7","45","45","45","2002","1,3,4,5,6","4,5","10+","No necessary in-game text","","","","","","standalone","","Z-Man Games","English","2002","English edition"
"Strozzi","35572","0","0","0","1","0","0","0","0","0","0","0","3","","63-2","","","","53767348","5.9432","6.70861","2.2381","3473","1763","thing","Strozzi","3","6","60","60","60","2008","3,4,5,6","4","10+","No necessary in-game text","","","","","","standalone","","ABACUSSPIELE; Rio Grande Games","English; German","2008","English/German edition"
"Stuffed Fables: Lost Story #1","327852","0","0","0","1","0","0","0","0","0","0","0","3","","62-2","","","","99226752","5.53793","7.92045","0","0","289","thing","Stuffed Fables: Lost Story #1","2","4","90","90","60","2018","","","","","","","","","","expansion","","","","",""
"Stupid Deaths","258855","0","0","0","1","0","0","0","0","0","0","0","3","","08-3","","","","96771184","5.32336","4.3983","1","29505","1731","thing","Stupid Deaths","2","6","0","0","0","2019","4,5,6","6","6+","Extensive use of text - massive conversion needed to be playable","","","","","","standalone","","Piatnik","Hungarian","2019","Piatnik Hungarian edition"
"Stupor!","369519","0","0","0","1","0","0","0","0","0","0","0","3","","09-1","","","","100110698","5.58899","6.28463","1.3","9783","964","thing","Stupefy!","4","8","30","30","30","2022","4,5,6,7,8","4,6,8","6+","No necessary in-game text","","","","","","standalone","","Gém Klub Kft.; Repos Production","Hungarian","2022","Hungarian edition"
"Subtext","265684","0","0","0","1","0","0","0","0","0","0","0","3","","11-1","","","","64867935","5.66733","6.45416","1.2857","6862","884","thing","Subtext","4","8","40","40","20","2019","5,6,7","5","","Extensive use of text - massive conversion needed to be playable","","","","","","standalone","","Compaya.hu: Gamer Café Kft.","Hungarian","2019","Hungarian edition"
"Sultan","31612","0","0","0","1","0","0","0","0","0","0","0","3","","33-1","","","","53579171","5.57132","6.00472","1.25","10955","681","thing","Sultan","2","5","45","45","30","2009","2,3,4,5","5","8+","No necessary in-game text","","","","","","standalone","","Queen Games","Hungarian","2009","Hungarian edition"
"Sultaniya","145012","0","0","0","1","0","0","0","0","0","0","0","3","","33-1","","","","53579184","5.76735","6.51254","2.025","5087","1492","thing","Sultaniya","2","4","45","45","45","2014","2,3,4","4","6+","No necessary in-game text","","","","","","standalone","","Bombyx","English; French; German","2014","English/French/German edition"
"Summoner Wars (Második kiadás)","332800","0","0","0","1","0","0","0","0","0","0","0","3","","55-3","","","","91629051","7.14115","8.05461","2.5714","349","8550","thing","Summoner Wars (Second Edition)","2","2","60","60","40","2021","2","2","10+","Moderate in-game text - needs crib sheet or paste ups","","","","","","standalone","","Gém Klub Kft.; Plaid Hat Games","Hungarian","2021","Hungarian edition"
"Süniálom","321954","0","0","0","1","0","0","0","0","0","0","0","3","","21-4","","","","98170756","0","5.66667","1","0","51","thing","Süniálom","2","4","20","20","10","2020","","","","","","","","","","standalone","","Keller & Mayer","Hungarian","2020","Hungarian edition"
"Super Farmer: The Card Game","286147","0","0","0","1","0","0","0","0","0","0","0","3","","03-4","","","","88689370","5.54109","7.35313","1.5","14168","151","thing","Super Farmer: The Card Game","2","6","30","30","15","2021","2,3,4,5,6","2,3,4","8+","","","","","","","standalone","","Granna","Czech; Hungarian; Polish; Slovak","2021","Polish/Czech/Slovak/Hungarian edition"
"Super Stylist","406669","0","0","0","1","0","0","0","0","0","0","0","3","","06-1","","","","115029429","0","0","0","0","7","thing","Super Stylist","2","4","15","15","10","2021","","","","","","","","","","standalone","","Keller & Mayer","Hungarian","2021","Hungarian edition"
"Survivor","3623","0","0","0","1","0","0","0","0","0","0","0","3","","14-3","","","","67616882","5.37482","3.99101","1.2","29448","575","thing","Survivor","4","8","60","60","60","2001","4,5,6,7,8","4,8","10+","Extensive use of text - massive conversion needed to be playable","","","","","","standalone","","Mattel, Inc.","English","2001","Mattel UK edition 2001"
"Sushi Dice","142334","0","0","0","1","0","0","0","0","0","0","0","3","","16-2","","","","53620153","5.60462","5.88637","1.0789","8951","1979","thing","Sushi Dice","2","6","20","20","20","2014","2,3,4","2","8+","No necessary in-game text","","","","","","standalone","","Sit Down!","Dutch; English; French; German; Italian; Polish; Spanish","2014","First edition"
"Sushi Go Party!","192291","0","0","0","1","0","0","0","0","0","0","0","3","","05-5","","","","61240266","7.22205","7.37731","1.3162","279","72446","thing","Sushi Go Party!","2","8","20","20","20","2019","2,3,4,5,6,7,8","4,5","8+","Some necessary text - easily memorized or small crib sheet","","","","","","standalone","","Reflexshop","Hungarian","2019","Hungarian edition"
"Sushi Go Party!","192291","0","0","0","1","0","0","0","0","0","0","0","3","","02-4","","","","106952684","7.22205","7.37731","1.3162","279","72446","thing","Sushi Go Party!","2","8","20","20","20","2016","2,3,4,5,6,7,8","4,5","8+","Some necessary text - easily memorized or small crib sheet","","","","","","standalone","","Gamewright","English","2016","English edition 110516-59751-P"
"Sushi Go!","133473","0","0","0","1","0","0","0","0","0","0","0","3","","07-2
*","","","","61240256","6.87481","6.98621","1.1633","644","94614","thing","Sushi Go!","2","5","15","15","15","2017","3,4,5","4","6+","No necessary in-game text","","","","","","standalone","","Reflexshop","Hungarian","2017","Hungarian edition"
"Sushi Roll","271869","0","0","0","1","0","0","0","0","0","0","0","3","","16-2","","","","90497297","6.47924","6.99488","1.2821","1343","9903","thing","Sushi Roll","2","5","20","20","20","2020","2,3,4,5","4","6+","No necessary in-game text","","","","","","standalone","","Reflexshop","Hungarian","2020","Hungarian edition"
"Sütisuli","300085","0","0","0","1","0","0","0","0","0","0","0","3","","18-3","","","","75719765","5.63122","6.72844","1.2222","7875","732","thing","Cupcake Academy","2","4","10","10","10","2020","2,3,4","4","8+","No necessary in-game text","","","","","","standalone","","Blue Orange (EU); Gém Klub Kft.","Hungarian","2020","Hungarian edition"
"Sutter's Mill: California Gold Rush of 1849","37739","0","0","0","1","0","0","0","0","0","0","0","3","","64-1","","","","58337617","5.601","6.13421","2.5","9115","989","thing","Sutter's Mill: California Gold Rush of 1849","2","4","60","60","60","2008","2,3,4","4","10+","No necessary in-game text","","","","","","standalone","","Mayfair Games; Phalanx Games B.V.","English","2008","English edition"
"A suttogó rengeteg","411402","0","0","0","1","0","0","0","0","0","0","0","3","","64-3","","","","135654926","5.87534","7.69213","2.1333","3963","1217","thing","Whispering Woods","1","4","40","40","25","2025","1,2,3","1,2","8","No necessary in-game text","","","","","","standalone","","Reflexshop","Hungarian","2025","Hungarian edition"
"Sweet & Spicy","355737","0","0","0","1","0","0","0","0","0","0","0","3","","07-4","","","","93364997","5.65405","6.79571","1.3333","7201","979","thing","Sweet & Spicy","2","6","15","15","15","2022","2,3,4,5,6","4,5","6+","","","","","","","standalone","","Gém Klub Kft.","Hungarian","2022","Hungarian edition"
"Swordcrafters","243994","0","0","0","1","0","0","0","0","0","0","0","3","","26-3","","","","127896363","5.64486","6.43347","1.3333","7436","803","thing","Swordcrafters","1","5","30","30","20","2018","2,3,4","3","8+","Some necessary text - easily memorized or small crib sheet","","","","","","standalone","","Adam's Apple Games, LLC","English","2018","English edition"
"Sylla","35761","0","0","0","1","0","0","0","0","0","0","0","3","","78-1","","","","53620164","6.0916","6.71401","3.1094","2650","3726","thing","Sylla","3","4","90","90","60","2008","2,3,4","4","14+","No necessary in-game text","","","","","","standalone","","Rio Grande Games; Ystari Games","English","2008","Rio Grande English edition"
"Szabadulj kvíz","328218","0","0","0","1","0","0","0","0","0","0","0","3","","15-1","","","","85197365","0","5.85","0","0","16","thing","Szabadulj kvíz","2","6","60","60","60","0","","","","","","","","","","standalone","","Piatnik","Hungarian","0","Hungarian edition"
"Szabadulópakli: Időpróba","218311","0","0","0","1","0","0","0","0","0","0","0","3","","14-4","","","","63873443","6.08584","6.55237","1.5902","2676","4778","thing","Deckscape: Test Time","1","6","90","90","30","2018","1,2,3,4","2","10+","Extensive use of text - massive conversion needed to be playable","","","","","","standalone","","Gém Klub Kft.","Hungarian","2018","Hungarian edition"
"Szabadulópakli: London végórái","230498","0","0","0","1","0","0","0","0","0","0","0","3","","14-4","","","","108823537","5.8212","6.15405","1.9737","4461","3969","thing","Deckscape: The Fate of London","1","6","60","60","60","2019","1,2,3,4","2,3","12+","Extensive use of text - massive conversion needed to be playable","","","","","","standalone","","Gém Klub Kft.","Hungarian","2019","Hungarian edition"
"Székely Gazdálkodó","261322","0","0","0","1","0","0","0","0","0","0","0","3","","36-1","","","","54699745","0","3.33333","1","0","8","thing","Székely Gazdálkodó","2","6","75","75","45","2012","","","","","","","","","","standalone","","S.C. Gyopár SRL","English; German; Hungarian; Romanian","2012","English/German/Hungarian/Romanian edition"
"Szellemek Szigete","162886","0","0","0","1","0","0","0","0","0","0","0","3","","84-4","","","","66156339","8.1418","8.33997","4.0763","11","92862","thing","Spirit Island","1","4","120","120","90","2019","1,2,3,4","2","14+","Extensive use of text - massive conversion needed to be playable","","","","","","standalone","","Gém Klub Kft.","Hungarian","2019","Hungarian edition"
"Szellemtinta: Üzenetek a túlvilágról","330592","0","0","0","1","0","0","0","0","0","0","0","3","","13-3","","","","137114991","6.47819","7.40172","1.1739","1346","5023","thing","Phantom Ink","2","8","15","15","10","2023","4,5,6,7,8","4,6","12+","Extensive use of text - massive conversion needed to be playable","","","","","","standalone","","Gém Klub Kft.","Hungarian","2023","Hungarian edition"
"Szénre fel","143515","0","0","0","1","0","0","0","0","0","0","0","3","","64-2","","","","53665505","6.71538","7.26595","2.5327","865","6269","thing","Coal Baron","2","4","75","75","60","2014","2,3,4","3,4","10+","No necessary in-game text","","","","","","standalone","","Delta Vision Publishing; eggertspiele","Hungarian","2014","Hungarian edition"
"Egy szép új világ","271324","0","0","0","1","0","0","0","0","0","0","0","3","","65-5","","","","95420278","7.39135","7.63468","2.3277","180","28897","thing","It's a Wonderful World","1","5","45","45","45","2020","1,2,3,4,5","4","10+","No necessary in-game text","","","","","","standalone","","Reflexshop; La Boîte de Jeu; Origames","Hungarian","2020","Hungarian edition"
"Szerelmes Levél","277085","0","0","0","1","0","0","0","0","0","0","0","3","","12-5
*IV","","","","135697428","7.16639","7.50461","1.1138","330","28603","thing","Love Letter","2","6","20","20","20","2020","3,4,5,6","4","8+","Some necessary text - easily memorized or small crib sheet","","","","","","standalone","","Delta Vision Publishing","Hungarian","2020","Hungarian edition"
"Szerencsekerék","4910","0","0","0","1","0","0","0","0","0","0","0","3","","16-3","","","","71968612","5.33626","4.65151","1.2439","29497","1503","thing","Wheel of Fortune","2","4","60","60","60","2010","2,3,4","3","6+","Unplayable in another language","","","","","","standalone","","Oliver Games","Hungarian","2010","Oliver Games Hungarian second edition"
"Szerencsével ügyesen!","263304","0","0","0","1","0","0","0","0","0","0","0","3","","I. 
","","","","55157038","0","3","0","0","2","thing","Szerencsével ügyesen!","2","4","40","40","20","1980","","","","","","","","","","standalone","","Triál","Hungarian","1980","Hungarian edition"
"Szeszélyes vizeken","379295","0","0","0","1","0","0","0","0","0","0","0","3","","03-3","","","","115028866","5.5024","5.87297","1","24267","128","thing","Szeszélyes vizeken","2","4","20","20","20","2022","2,3,4","3","8+","","","","","","","standalone","","Reflexshop","Hungarian","2022","Hungarian edition"
"Szilaj: A titkos küldetés","356421","0","0","0","1","0","0","0","0","0","0","0","3","","24-4","","","","100219464","0","7.83333","0","0","29","thing","Szilaj: A titkos küldetés","2","7","30","30","15","2021","","","","","","","","","","standalone","","Korona Games","Hungarian","2021","Hungarian edition"
"Szilaj: A titkos küldetés – Butch LePray","366374","0","0","0","1","0","0","0","0","0","0","0","3","","24-4","","","","100219472","0","8","0","0","13","thing","Szilaj: A titkos küldetés – Butch LePray","2","7","30","30","15","2021","","","","Moderate in-game text - needs crib sheet or paste ups","","","","","","expansion","","Korona Games","Hungarian","2021","Hungarian edition"
"Szilaj: Kalandok Miraderoban","356417","0","0","0","1","0","0","0","0","0","0","0","3","","25-2","","","","100219199","0","8","0","0","16","thing","Szilaj: Kalandok Miraderoban","2","6","60","60","30","2021","","","","","","","","","","standalone","","Korona Games","Hungarian","2021","Hungarian edition"
"Színtahal","359172","0","0","0","1","0","0","0","0","0","0","0","3","","24-4","","","","112026608","5.50885","6.4375","1","22345","87","thing","Tentacolor","2","4","15","15","15","2022","","","","No necessary in-game text","","","","","","standalone","","LOKI; Reflexshop","Hungarian","2022","Hungarian edition"
"Szivárvány történetek","277083","0","0","0","1","0","0","0","0","0","0","0","3","","14-5","","","","127707641","5.50429","5.92045","1","23743","214","thing","Black Stories Junior: Rainbow Stories","2","99","222","222","2","2020","","","8+","","","","","","","standalone","","Reflexshop","Hungarian","2020","Hungarian edition"
"Szkítia fosztogatói","301880","0","0","0","1","0","0","0","0","0","0","0","3","","80-2","","","","96609672","7.09098","7.70444","2.7727","398","12344","thing","Raiders of Scythia","1","4","80","80","60","2020","1,2,3,4","3","12+","Moderate in-game text - needs crib sheet or paste ups","","","","","","standalone","","Reflexshop","Hungarian","2020","Hungarian edition"
"Szókapocs","300753","0","0","0","1","0","0","0","0","0","0","0","3","","11-4","","","","106950570","6.58857","7.20176","1.0783","1104","8815","thing","Cross Clues","2","6","10","10","5","2021","2,3,4,5,6","4","8+","Unplayable in another language","","","","","","standalone","","Gém Klub Kft.","Hungarian","2021","Hungarian edition"
"Szókötő","329839","0","0","0","1","0","0","0","0","0","0","0","3","","11-4","","","","87040278","7.22109","7.59136","1.1243","282","18941","thing","So Clover!","3","6","30","30","30","2021","2,3,4,5,6","3,4","10+","Unplayable in another language","","","","","","standalone","","Gém Klub Kft.; Repos Production","Hungarian","2021","Hungarian edition"
"Szörnyparádé","231484","0","0","0","1","0","0","0","0","0","0","0","3","","62-1","","","","83377831","6.43805","7.22059","2.1529","1457","5402","thing","Carnival of Monsters","2","5","45","45","45","2021","3,4,5","4","10+","Moderate in-game text - needs crib sheet or paste ups","","","","","","standalone","","Piatnik","Hungarian","2021","Hungarian edition"
"Szörnyszekrény","43578","0","0","0","1","0","0","0","0","0","0","0","3","","22-4","","","","88243005","5.77782","6.31227","1.0169","4964","2910","thing","Monster Chase","1","6","10","10","10","2013","1,2,3,4,5","3","3–8","No necessary in-game text","","","","","","standalone","","Granna; Scorpion Masqué","Hungarian","2013","Hungarian edition"
"A Szörnysziget királya","350755","0","0","0","1","0","0","0","0","0","0","0","3","","08-1","","","","117269284","6.06965","7.11394","2.3143","2755","3821","thing","King of Monster Island","1","5","60","60","45","2023","1,2,3,4,5","2,3","8+","Extensive use of text - massive conversion needed to be playable","","","","","","standalone","","IELLO; Reflexshop","Hungarian","2023","Hungarian edition"
"Sztorikocka","20545","0","0","0","1","0","0","0","0","0","0","0","3","","16-2","","","","53764635","5.92651","6.22263","1.1111","3589","11818","thing","Rory's Story Cubes","1","12","20","20","20","2012","1,2,3,4,5,6","2,3,4","4+","No necessary in-game text","","","","","","standalone","","Gém Klub Kft.","Hungarian","2012","Gém Klub Hungarian first edition"
"Szunnyadó istenek","255984","0","0","0","1","0","0","0","0","0","0","0","3","","76-3","","","","114757769","7.70294","8.11548","3.2608","68","34206","thing","Sleeping Gods","1","4","120","120","60","2022","1,2,3","1,2","12+","Unplayable in another language","","","","","","standalone","","Reflexshop","Hungarian","2022","Hungarian edition"
"Szuper Farmer Extra","17557","0","0","0","1","0","0","0","0","0","0","0","3","","25-5","","","","74751853","5.5481","5.72071","1.1466","13197","3000","thing","Super Farmer","2","6","20","20","20","1943","2,3,4,5,6","4","6+","No necessary in-game text","","","","","","standalone","","Granna","Hungarian","0","Hungarian edition"
"Szupercsapat!","359970","0","0","0","1","0","0","0","0","0","0","0","3","","61-4","","","","116280114","6.66471","7.07135","1.8053","955","10652","thing","Challengers!","1","8","45","45","45","2022","2,4,6,8","4,6,8","8+","Moderate in-game text - needs crib sheet or paste ups","","","","","","standalone","","1 More Time Games; Gém Klub Kft.; Z-Man Games","Hungarian","2022","Hungarian edition"
"Szurdokerdő kalandorai","346205","0","0","0","1","0","0","0","0","0","0","0","3","","64-5","","","","114762095","5.70438","6.57023","2.1818","6068","2263","thing","Explorers of the Woodlands","1","4","60","60","45","2023","1,2,3,4","4","8+","Moderate in-game text - needs crib sheet or paste ups","","","","","","standalone","","From The Woods Studio; Reflexshop","Hungarian","2023","Hungarian edition"
"Szüret","205045","0","0","0","1","0","0","0","0","0","0","0","3","","25-4","","","","66613897","6.04843","6.81159","1.3636","2858","2235","thing","Avenue","1","10","15","15","15","2017","1,2,3,4,5,6,7,8,9,10","2,4","8+","No necessary in-game text","","","","","","standalone","","Granna","Hungarian","2017","Hungarian first edition"
"Tábortűz","295192","0","0","0","1","0","0","0","0","0","0","0","3","","07-3","","","","122925290","6.14061","6.76809","1","2424","8411","thing","Tinderblox","2","6","15","15","3","2024","2,3,4,5,6","3,4","6+","No necessary in-game text","","","","","","standalone","","Reflexshop","Hungarian","2024","Hungarian edition"
"Tabriz","349369","0","0","0","1","0","0","0","0","0","0","0","3","","26-3","","","","125862769","5.79862","7.25823","2.0263","4707","1403","thing","Tabriz","1","5","60","60","30","2024","1,2,3,4","3","10+","Some necessary text - easily memorized or small crib sheet","","","","","","standalone","","Crafty Games; Reflexshop","Hungarian","2024","Hungarian edition"
"Tabu","1111","0","0","0","1","0","0","0","0","0","0","0","3","","36-3","","","","54254983","6.13748","6.31373","1.2006","2441","27283","thing","Taboo","4","10","20","20","20","2009","4,5,6,7,8,9,10","6,8","10+","Unplayable in another language","","","","","","standalone","","Hasbro","Hungarian","2009","Hasbro Hungarian edition 2009"
"Takenoko","70919","0","0","0","1","0","0","0","0","0","0","0","3","","31-4","","","","53620264","7.06106","7.19927","1.9728","428","76016","thing","Takenoko","2","4","45","45","45","2016","2,3,4","3","8+","No necessary in-game text","","","","","","standalone","","asmodee; Gém Klub Kft.","Hungarian","2016","Hungarian edition"
"Taki","13115","0","0","0","1","0","0","0","0","0","0","0","3","","04-2","","","","119277423","5.49685","5.60843","1","25607","595","thing","Taki","2","10","30","30","30","2011","2,3,4,5,6","4","6+","No necessary in-game text","","","","","","standalone","","Shafir Games (המשחקים של חיים שפיר)","English; Hebrew","2011","Shafir Games English/Hebrew edition 2011"
"Tal der Abenteuer: Die Schatzsuche im Himalaja","25142","0","0","0","1","0","0","0","0","0","0","0","3","","*","","","","128797803","5.551","5.86504","1.6","12817","712","thing","Tal der Abenteuer: Die Schatzsuche im Himalaja","2","4","45","45","45","2006","2,3,4","2,4","8+","No necessary in-game text","","","","","","standalone","","Parker Spiele","German","2006","German limited edition with extra cards and Spiel der Spiele logo"
"Tales of Glory","246816","0","0","0","1","0","0","0","0","0","0","0","3","","02-2","","","","74883796","5.99978","7.14344","1.931","3117","1899","thing","Tales of Glory","2","5","45","45","30","2018","2,3,4,5","3","8+","No necessary in-game text","","","","","","standalone","","Ankama","English; French","2018","English/French edition"
"Táltosból szalonna","204602","0","0","0","1","0","0","0","0","0","0","0","3","","04-5","","","","84850482","5.72862","6.82243","1.7727","5651","2381","thing","Kill The Unicorns","3","6","45","45","25","2020","3,4,5,6","4,5","8+","Some necessary text - easily memorized or small crib sheet","","","","","","standalone","","Reflexshop","Hungarian","2020","Hungarian edition"
"Targui","202","0","0","0","1","0","0","0","0","0","0","0","3","","I. ","","","","53620277","5.71806","6.41051","2.3871","5809","1819","thing","Targui","2","4","120","120","120","1987","3,4","4","12+","No necessary in-game text","","","","","","standalone","","Jumbo","German","1987","German first edition"
"Társasház","320099","0","0","0","1","0","0","0","0","0","0","0","3","","14-1","","","","74754318","0","6.8","0","0","33","thing","Társasház","3","5","45","45","30","2020","","","","","","","","","","standalone","","Keller & Mayer","Hungarian","2020","Hungarian edition"
"Tatsu","181811","0","0","0","1","0","0","0","0","0","0","0","3","","51-3","","","","53765509","5.76561","6.69658","1.6875","5108","1335","thing","Tatsu","2","2","45","45","30","2016","2","2","8+","No necessary in-game text","","","","","","standalone","","Gen42 Games","English","2016","Gen42 English first edition"
"Tavernák Tiefenthalban","269207","0","0","0","1","0","0","0","0","0","0","0","3","","78-2","","","","87041546","7.2784","7.57568","2.6944","246","28316","thing","The Taverns of Tiefenthal","2","4","60","60","60","2021","2,3,4","2,3","10+","No necessary in-game text","","","","","","standalone","","Compaya.hu: Gamer Café Kft.","Hungarian","2021","Hungarian edition"
"Tea 2 főre","294448","0","0","0","1","0","0","0","0","0","0","0","3","","55-4","","","","84847332","5.803","6.55971","1.4815","4653","2939","thing","Tea for 2","2","2","30","30","20","2020","2","2","8+","No necessary in-game text","","","","","","standalone","","Gém Klub Kft.; Space Cowboys","Hungarian","2020","Hungarian edition"
"Tea Time Crime","382304","0","0","0","1","0","0","0","0","0","0","0","3","","32-4","","","","113246984","5.5262","6.60154","1.8","17163","129","thing","Tea Time Crime","2","4","45","45","30","2023","","2","","No necessary in-game text","","","","","","standalone","","Piatnik","Czech; French; German; Hungarian; Polish; Slovak","2023","Multilingual edition"
"A tea titka","422042","0","0","0","1","0","0","0","0","0","0","0","3","","77-3","","","","134572808","6.20137","7.56504","3.0282","2186","2565","thing","Tea Garden","2","4","120","120","90","2025","2,3,4","3","12+","No necessary in-game text","","","","","","standalone","","Reflexshop","Hungarian","2025","Hungarian edition"
"Télirevaló","281417","0","0","0","1","0","0","0","0","0","0","0","3","","04-4","","","","84246495","5.50229","5.54566","1.0714","24293","683","thing","Hoarders","3","6","15","15","10","2019","3,4,5,6","6","6+","","","","","","","standalone","","Granna","Hungarian","0","Hungarian edition"
"Terra Mystica: Big Box","181289","0","0","0","1","0","0","0","0","0","0","0","3","","82-3","","","","53665703","6.01146","8.53251","4","0","1187","thing","Terra Mystica: Big Box","2","5","150","150","60","2015","2,3,4,5","3,4","14+","No necessary in-game text","","","","","","standalone","","Feuerland Spiele; Korea Boardgames","German; Korean","2015","German/Korean first edition"
"Terra Mystica: Találmányok kora","383179","0","0","0","1","0","0","0","0","0","0","0","3","","82-3","","","","116678315","7.74669","8.49204","4.2619","54","10331","thing","Age of Innovation","1","5","200","200","40","2023","1,2,3,4,5","4","14+","No necessary in-game text","","","","","","standalone","","Gém Klub Kft.","Hungarian","2023","Hungarian edition"
"Terra Nova","20022","0","0","0","1","0","0","0","0","0","0","0","3","","63-2","","","","53620280","5.91978","6.452","2.2744","3638","2775","thing","Terra Nova","2","4","45","45","45","2006","2,3,4","2","10+","No necessary in-game text","","","","","","standalone","","Competo / Marektoy; Winning Moves Germany","Finnish; Swedish","2006","Finnish/Swedish edition"
"Tesla vs. Edison: War of Currents","132544","0","0","0","1","0","0","0","0","0","0","0","3","","80-1","","","","54878141","5.99194","6.68036","3.243","3159","3762","thing","Tesla vs. Edison: War of Currents","2","5","90","90","90","2015","3,4,5","4","14+","Some necessary text - easily memorized or small crib sheet","","","","","","standalone","","Artana","English","2015","English first edition"
"Texas Holder","1115","0","0","0","1","0","0","0","0","0","0","0","3","","05-1","","","","53578630","6.45615","6.70704","2.4339","1403","11443","thing","Poker","2","10","60","60","60","1810","3,4,5,6,7,8,9","5,6","12+","No necessary in-game text","","","","","","standalone","","Prime Promotion","German","0","Prime Promotion XXXLutz Promo Tin Box Edition"
"Tezamen","321953","0","0","0","1","0","0","0","0","0","0","0","3","","56-1","","","","88331599","0","5","0","0","11","thing","Tezamen","2","2","15","15","15","2020","","","","","","","","","","standalone","","Keller & Mayer","Hungarian","2020","Hungarian edition"
"That's Not a Hat","375651","0","0","0","1","0","0","0","0","0","0","0","3","","06-4","","","","127895142","6.56347","7.01765","1.0588","1153","12474","thing","That's Not a Hat","3","8","15","15","15","2023","4,5,6,7,8","5","8+","No necessary in-game text","","","","","","standalone","","","","",""
"Through the Ages: A New Story of Civilization","182028","0","0","0","1","0","0","0","0","0","0","0","3","","84-2","","","","53665731","8.02335","8.2548","4.44","16","39433","thing","Through the Ages: A New Story of Civilization","2","4","120","120","120","2015","2,3,4","3","14+","Extensive use of text - massive conversion needed to be playable","","","","","","standalone","","Czech Games Edition; Eagle-Gryphon Games","English","2015","English edition"
"Thunder Road: Vendetta","342070","0","0","0","1","0","0","0","0","0","0","0","3","","27-1","","","","135654725","7.27847","7.91569","1.9618","245","10839","thing","Thunder Road: Vendetta","2","4","75","75","45","2025","3,4","4","8+","Some necessary text - easily memorized or small crib sheet","","","","","","standalone","","Gém Klub Kft.; Restoration Games","Hungarian","2025","Hungarian edition"
"Thunder Road: Vendetta – Még több skuló","355996","0","0","0","1","0","0","0","0","0","0","0","3","","27-1","","","","135654709","5.65498","8.13616","1","0","1513","thing","Thunder Road: Vendetta – Extra Ammo Mini-Expansion Pack","2","4","75","75","45","2025","2,3,4","4","8+","Moderate in-game text - needs crib sheet or paste ups","","","","","","expansion","","Gém Klub Kft.; Restoration Games","Hungarian","2025","Hungarian edition"
"Thunder Road: Vendetta – Sufnituning","347976","0","0","0","1","0","0","0","0","0","0","0","3","","27-1","","","","135654720","5.88486","8.4175","2","0","2366","thing","Thunder Road: Vendetta – Choppe Shoppe","2","4","75","75","30","2025","3,4","3,4","8+","","","","","","","expansion","","Gém Klub Kft.; Restoration Games","Hungarian","2025","Hungarian edition"
"Thurn und Taxis","21790","0","0","0","1","0","0","0","0","0","0","0","3","","58-3","","","","53620302","6.91102","7.09209","2.2571","601","24102","thing","Thurn and Taxis","2","4","60","60","60","2006","2,3,4","3,4","10+","No necessary in-game text","","","","","","standalone","","Hans im Glück","German","2006","German first edition"
"Tibet","25142","0","0","0","1","0","0","0","0","0","0","0","3","","34-1","","","","53620309","5.551","5.86504","1.6","12817","712","thing","Tal der Abenteuer: Die Schatzsuche im Himalaja","2","4","45","45","45","2007","2,3,4","2,4","8+","No necessary in-game text","","","","","","standalone","","Parker Spiele","Czech; Hungarian; Polish; Russian; Slovak","2007","Multilingual edition"
"Tick Tack Bumm: Vibrations","331541","0","0","0","1","0","0","0","0","0","0","0","3","","08-2","","","","91376815","0","6.75","0","0","40","thing","Tick Tack Bumm: Vibrations","3","8","25","25","25","2020","","","","","","","","","","standalone","","","","",""
"Tick... Tack... Bumm: Láncreakció","295124","0","0","0","1","0","0","0","0","0","0","0","3","","10-2","","","","88685841","0","5.22727","1","0","36","thing","Pass the Bomb: Chain Reaction","3","12","15","15","15","2019","","","","","","","","","","standalone","","Piatnik","Hungarian","2019","Hungarian edition"
"Tick... Tack... Bumm: Party Edition","63052","0","0","0","1","0","0","0","0","0","0","0","3","","10-2","","","","88686404","5.5594","5.99097","1.0833","11957","1013","thing","Pass the Bomb: Party Edition","2","12","25","25","25","2007","4,5,6,7,8,9,10,11,12","7,8,9,10","10+","Unplayable in another language","","","","","","standalone","","Piatnik","Hungarian","0","Hungarian edition"
"Tick... Tack... Bumm! Junior","15383","0","0","0","1","0","0","0","0","0","0","0","3","","23-2","","","","128693972","5.53297","6.01511","1.125","15602","468","thing","Pass the Bomb Junior","2","12","30","30","15","2011","","","5+","Some necessary text - easily memorized or small crib sheet","","","","","","standalone","","Piatnik","Hungarian","2011","Hungarian Disney edition"
"Ticket to Ride","9209","0","0","0","1","0","0","0","0","0","0","0","3","","59-3","","","","53620974","7.26366","7.38638","1.8211","253","143897","thing","Ticket to Ride","2","5","60","60","30","2012","2,3,4,5","4","8+","No necessary in-game text","","","","","","standalone","","Days of Wonder","English","2012","English edition 2012 with Spiel des Jahres logo"
"Ticket to Ride Map Collection 1: Asia + Legendary Asia","106637","0","0","0","1","0","0","0","0","0","0","0","3","","34-4","","","","53620923","7.05582","7.65416","1.9595","0","16436","thing","Ticket to Ride Map Collection 1: Asia + Legendary Asia","2","6","60","60","30","2011","2,3,4,5,6","4,6","8+","No necessary in-game text","","","","","","expansion","","Days of Wonder","Danish; Dutch; English; Finnish; French; German; Italian; Norwegian; Spanish; Swedish","2011","Multilingual edition 2011"
"Ticket to Ride Map Collection 4: Nederland","147938","0","0","0","1","0","0","0","0","0","0","0","3","","34-4","","","","53620957","6.53776","7.35247","2.1395","0","10094","thing","Ticket to Ride Map Collection 4: Nederland","2","5","60","60","30","2013","3,4,5","4,5","10+","No necessary in-game text","","","","","","expansion","","Days of Wonder","Danish; Dutch; English; Finnish; French; German; Italian; Norwegian; Polish; Spanish; Swedish","2013","Multilingual edition 2013"
"Ticket to Ride Map Collection 6½: Poland","283595","0","0","0","1","0","0","0","0","0","0","0","3","","34-4","","","","67612510","6.00542","7.43395","1.75","0","3495","thing","Ticket to Ride Map Collection 6½: Poland","2","4","60","60","30","2022","2,3,4","3,4","5+","No necessary in-game text","","","","","","expansion","","Days of Wonder","Dutch; English; French; German; Italian; Portuguese; Spanish","2022","Multilingual edition"
"Ticket to Ride Map Collection 7: Japan & Italy","288679","0","0","0","1","0","0","0","0","0","0","0","3","","33-4","","","","130702437","6.72349","7.88447","2.0179","0","8469","thing","Ticket to Ride Map Collection 7: Japan & Italy","2","5","60","60","30","2021","2,3,4,5","4","8+","No necessary in-game text","","","","","","expansion","","Days of Wonder","Danish; Dutch; English; Finnish; French; German; Japanese; Norwegian; Portuguese; Spanish; Swedish","2021","Multilingual edition 2021"
"Ticket to Ride: Alvin & Dexter","89848","0","0","0","1","0","0","0","0","0","0","0","3","","34-5","","","","53620358","5.91968","6.50444","1.5634","0","7100","thing","Ticket to Ride: Alvin & Dexter","2","5","50","50","30","2011","3,4,5","4,5","8+","No necessary in-game text","","","","","","expansion","","Days of Wonder","Danish; Dutch; English; French; German; Italian; Japanese; Norwegian; Polish; Spanish; Swedish","2011","Multilingual first edition"
"Ticket to Ride: Europe","14996","0","0","0","1","0","0","0","0","0","0","0","3","","33-4","","","","54163127","7.39735","7.52511","1.9171","174","132646","thing","Ticket to Ride: Europe","2","5","60","60","30","2011","2,3,4,5","4","8+","No necessary in-game text","","","","","","standalone","","Compaya.hu: Gamer Café Kft.; Days of Wonder","Hungarian","2011","Hungarian edition"
"Ticket to Ride: Europe – 15th Anniversary","329841","0","0","0","1","0","0","0","0","0","0","0","3","","34-5","","","","84987729","7.2281","8.1886","1.875","0","14153","thing","Ticket to Ride: Europe – 15th Anniversary","2","5","60","60","30","2021","2,3,4,5","4","8+","No necessary in-game text","","","","","","standalone","","Days of Wonder","Hungarian; Icelandic","2021","Icelandic/Hungarian edition"
"Ticket to Ride: Märklin","21348","0","0","0","1","0","0","0","0","0","0","0","3","","34-4","","","","53666077","7.00144","7.41076","2.2436","486","12132","thing","Ticket to Ride: Märklin","2","5","60","60","30","2006","2,3,4,5","4","8+","No necessary in-game text","","","","","","standalone","","Days of Wonder","English","2006","English first edition"
"Ticket to Ride: New York","253284","0","0","0","1","0","0","0","0","0","0","0","3","","34-4","","","","55286296","6.53364","6.88792","1.2598","1216","17494","thing","Ticket to Ride: New York","2","4","15","15","10","2018","2,3,4","3","6+","No necessary in-game text","","","","","","standalone","","Days of Wonder","English","2018","English edition"
"Ticket to Ride: Nordic Countries","31627","0","0","0","1","0","0","0","0","0","0","0","3","","34-4","","","","53666070","7.30236","7.62247","1.9646","234","24134","thing","Ticket to Ride: Nordic Countries","2","3","60","60","30","2008","2,3","3","8+","No necessary in-game text","","","","","","standalone","","Days of Wonder","English","2008","English edition 2008"
"Tides of Madness","195544","0","0","0","1","0","0","0","0","0","0","0","3","","54-3","","","","53764792","6.28207","6.71872","1.4884","1885","8926","thing","Tides of Madness","2","2","20","20","20","2016","2","2","10+","Some necessary text - easily memorized or small crib sheet","","","","","","standalone","","Portal Games","English","2016","English edition"
"Tides of Time","176229","0","0","0","1","0","0","0","0","0","0","0","3","","54-3","","","","53665834","6.31914","6.57716","1.5508","1771","11821","thing","Tides of Time","2","2","20","20","20","2015","2","2","10+","Some necessary text - easily memorized or small crib sheet","","","","","","standalone","","Portal Games","English","2015","English first edition"
"Tikal","54","0","0","0","1","0","0","0","0","0","0","0","3","","60-3","","","","53621002","7.11151","7.31885","2.7772","372","28803","thing","Tikal","2","4","90","90","90","1999","2,3,4","4","10+","No necessary in-game text","","","","","","standalone","","Ravensburger","French; German; Italian","1999","Ravensburger German/French/Italian first edition"
"Tilting at Windmills","231331","0","0","0","1","0","0","0","0","0","0","0","3","","56-3","","","","66157293","5.50929","6.25","1.3333","22193","193","thing","Tilting at Windmills","2","2","30","30","20","2017","2","2","","","","","","","","standalone","","Cogitate Games","English; French; German; Hungarian; Spanish","2017","Multilingual edition"
"A Tiltott Fellegek","245271","0","0","0","1","0","0","0","0","0","0","0","3","","68-3","","","","61240184","6.01523","6.36913","2.5484","3014","11905","thing","Forbidden Sky","2","5","60","60","60","2018","1,2,3,4,5","3,4","8+","Some necessary text - easily memorized or small crib sheet","","","","","","standalone","","Reflexshop","Hungarian","2018","Hungarian edition"
"A Tiltott Sivatag","136063","0","0","0","1","0","0","0","0","0","0","0","3","","68-3","","","","54454475","6.91652","7.06394","2.0398","595","57703","thing","Forbidden Desert","2","5","45","45","45","2017","1,2,3,4,5","4","8+","Some necessary text - easily memorized or small crib sheet","","","","","","standalone","","Reflexshop","Hungarian","2017","Hungarian edition"
"A Tiltott Sziget","65244","0","0","0","1","0","0","0","0","0","0","0","3","","68-3
*IV","","","","55033279","6.64322","6.75197","1.7391","1002","98713","thing","Forbidden Island","2","4","30","30","30","2017","1,2,3,4","4","8+","Some necessary text - easily memorized or small crib sheet","","","","","","standalone","","Gamewright; Reflexshop","Hungarian","2017","Hungarian edition"
"Time's Up! Party","38713","0","0","0","1","0","0","0","0","0","0","0","3","","10-3
*","","","","100896905","6.38571","7.5591","1.0784","1587","3997","thing","Time's Up! Edición Amarilla","4","12","30","30","30","2021","4,5,6,7,8,9,10,11,12","6,8,10","12+","Some necessary text - easily memorized or small crib sheet","","","","","","standalone","","Gém Klub Kft.; Repos Production","Hungarian","2021","Hungarian edition"
"Time's Up! Party","38713","0","0","0","1","0","0","0","0","0","0","0","3","","02-4","","","","100897033","6.38571","7.5591","1.0784","1587","3997","thing","Time's Up! Edición Amarilla","4","12","30","30","30","2019","4,5,6,7,8,9,10,11,12","6,8,10","12+","Some necessary text - easily memorized or small crib sheet","","","","","","standalone","","Repos Production","English","2019","English UK edition"
"Time's Up!: Harry Potter","347304","0","0","0","1","0","0","0","0","0","0","0","3","","10-3","","","","88179020","5.65283","7.37024","1","7232","799","thing","Time's Up!: Harry Potter","4","12","30","30","30","2021","12","12","","Unplayable in another language","","","","","","standalone","","Gém Klub Kft.; Repos Production","Hungarian","2021","Hungarian edition"
"Timeline: Általános ismeretek","131325","0","0","0","1","0","0","0","0","0","0","0","3","","07-1","","","","59749473","6.31568","6.7637","1.0696","1782","9023","thing","Timeline: General Interest","2","8","15","15","15","2015","2,3,4,5,6,7,8","4","8+","Some necessary text - easily memorized or small crib sheet","","","","","","standalone","","asmodee; Gém Klub Kft.","Hungarian","2015","Hungarian edition"
"Timeline: Star Wars","183797","0","0","0","1","0","0","0","0","0","0","0","3","","07-1","","","","58633498","5.64415","6.09696","1.1333","7462","1695","thing","Timeline: Star Wars","2","8","15","15","15","2016","2,3,4,5,6","4","8+","Moderate in-game text - needs crib sheet or paste ups","","","","","","standalone","","asmodee; Gém Klub Kft.","Hungarian","2016","Hungarian edition"
"Timeline: Találmányok","85256","0","0","0","1","0","0","0","0","0","0","0","3","","07-1","","","","59749550","6.41687","6.69635","1.0919","1501","15736","thing","Timeline: Inventions","2","8","15","15","15","2016","2,3,4,5,6,7,8","4","8+","Moderate in-game text - needs crib sheet or paste ups","","","","","","standalone","","Gém Klub Kft.","Hungarian","2016","Hungarian edition"
"Timeline: Történelmi események","113401","0","0","0","1","0","0","0","0","0","0","0","3","","07-1","","","","59749484","6.35966","6.76449","1.0855","1651","10365","thing","Timeline: Events","2","8","15","15","15","2015","2,3,4,5,6,7,8","4","8+","Moderate in-game text - needs crib sheet or paste ups","","","","","","standalone","","asmodee; Gém Klub Kft.","Hungarian","2015","Hungarian edition"
"Timeline: Tudomány és felfedezések","99975","0","0","0","1","0","0","0","0","0","0","0","3","","07-1","","","","59749505","6.25526","6.70868","1.1587","1965","8015","thing","Timeline: Science & Discoveries","2","8","15","15","15","2018","2,3,4,5,6,7,8","4,5","10+","Extensive use of text - massive conversion needed to be playable","","","","","","standalone","","Gém Klub Kft.","Hungarian","2018","Hungarian edition"
"Timeline: Zene&Mozi","145189","0","0","0","1","0","0","0","0","0","0","0","3","","07-1","","","","53621009","6.21874","6.72112","1.086","2118","7033","thing","Timeline: Music & Cinema","2","8","15","15","15","2013","2,3,4,5,6,7,8","4,5,6","10+","Some necessary text - easily memorized or small crib sheet","","","","","","standalone","","Gém Klub Kft.","Hungarian","0","Hungarian edition"
"Tiny Epic Galaxies","163967","0","0","0","1","0","0","0","0","0","0","0","3","","68-4","","","","53665801","7.10294","7.32299","2.155","387","41027","thing","Tiny Epic Galaxies","1","5","45","45","30","2015","1,2,3,4","3","10+","Moderate in-game text - needs crib sheet or paste ups","","","","","","standalone","","Gamelyn Games","English","2015","English edition, first printing"
"Tiny Epic Kalandok birodalma","201921","0","0","0","1","0","0","0","0","0","0","0","3","","68-4","","","","83379893","6.58049","6.95041","2.6797","1121","20718","thing","Tiny Epic Quest","1","4","60","60","30","2018","1,2,3,4","3,4","10+","Some necessary text - easily memorized or small crib sheet","","","","","","standalone","","Reflexshop","Hungarian","2018","Hungarian edition"
"Tiny Epic Kingdoms","148951","0","0","0","1","0","0","0","0","0","0","0","3","","68-4","","","","53665805","6.27301","6.54009","2.0977","1912","18786","thing","Tiny Epic Kingdoms","2","5","45","45","30","2014","2,3,4,5","4","10+","Some necessary text - easily memorized or small crib sheet","","","","","","standalone","","Gamelyn Games","English","2014","English first edition"
"Tiny Towns","265736","0","0","0","1","0","0","0","0","0","0","0","3","","29-5","","","","84848680","6.99316","7.18975","2.0676","497","35203","thing","Tiny Towns","1","6","60","60","45","2020","1,2,3,4,5","3","10+","Moderate in-game text - needs crib sheet or paste ups","","","","","","standalone","","Alderac Entertainment Group; Reflexshop","Hungarian","2020","Hungarian edition"
"Tip Top Clap","160183","0","0","0","1","0","0","0","0","0","0","0","3","","14-5","","","","53756875","5.49659","5.24933","0","25680","147","thing","Tip Top Clap","2","5","15","15","15","2010","","","4+","No necessary in-game text","","","","","","standalone","","Djeco","Danish; Dutch; English; French; German; Italian; Portuguese; Russian; Spanish; Swedish","2010","Multilingual first edition"
"A Titkos Ajtó","6558","0","0","0","1","0","0","0","0","0","0","0","3","","20-4","","","","86043449","5.56325","6.08529","1.0606","11617","693","thing","The Secret Door","1","8","20","20","20","1991","1,2,3,4,5","3","4–8","No necessary in-game text","","","","","","standalone","","Keller & Mayer","Hungarian","0","Hungarian edition"
"Titkos szavak","275467","0","0","0","1","0","0","0","0","0","0","0","3","","11-4","","","","73525518","6.66411","7.15101","1.9495","957","9857","thing","Letter Jam","2","6","45","45","45","2020","3,4,5,6","6","10+","Unplayable in another language","","","","","","standalone","","Czech Games Edition; Gém Klub Kft.","Hungarian","2020","Hungarian edition"
"A tízévente virágba boruló cseresznyefa legendája","220784","0","0","0","1","0","0","0","0","0","0","0","3","","31-4","","","","58154058","5.68745","6.33066","1.45","6425","1943","thing","The Legend of the Cherry Tree that Blossoms Every Ten Years","2","4","20","20","20","2018","2,3,4","3,4","8+","No necessary in-game text","","","","","","standalone","","Reflexshop","Hungarian","2018","Hungarian edition"
"Tobago","42215","0","0","0","1","0","0","0","0","0","0","0","3","","72-3","","","","53621017","6.83657","7.09602","2.1331","697","14934","thing","Tobago","2","4","60","60","60","2010","2,3,4","4","8+","No necessary in-game text","","","","","","standalone","","Piatnik","Hungarian","2010","Piatnik Hungarian edition"
"Tokaido","123540","0","0","0","1","0","0","0","0","0","0","0","3","","31-4","","","","58633418","6.74489","6.91401","1.7436","822","43172","thing","Tokaido","1","5","45","45","45","2018","2,3,4,5","4","8+","No necessary in-game text","","","","","","standalone","","Gém Klub Kft.","Hungarian","2018","Gém Klub Hungarian edition"
"Tokió Királya","70323","0","0","0","1","0","0","0","0","0","0","0","3","","08-1","","","","53621028","7.01369","7.11814","1.4853","473","109651","thing","King of Tokyo","2","6","30","30","30","2014","3,4,5,6","4,5","6+","Moderate in-game text - needs crib sheet or paste ups","","","","","","standalone","","Delta Vision Publishing","Hungarian","2014","Hungarian edition"
"Tokió királya: Párbaj","422484","0","0","0","1","0","0","0","0","0","0","0","3","","50-4","","","","126591872","6.20985","7.13897","2.0952","2150","4014","thing","King of Tokyo: Duel","2","2","20","20","20","2024","2","2","8+","Moderate in-game text - needs crib sheet or paste ups","","","","","","standalone","","IELLO; Reflexshop","Hungarian","2024","Hungarian edition"
"Tökmagok Kincsvadászat","307006","0","0","0","1","0","0","0","0","0","0","0","3","","23-3","","","","99849641","0","7.25","1","0","9","thing","Tökmagok Kincsvadászat","2","4","30","30","30","2020","","","","","","","","","","standalone","","Pagony játék","Hungarian","2020","Hungarian edition"
"Toledo","34599","0","0","0","1","0","0","0","0","0","0","0","3","","66-4","","","","53621045","5.86327","6.25321","2.1682","4073","3216","thing","Toledo","2","4","60","60","45","2008","2,3,4","4","8+","No necessary in-game text","","","","","","standalone","","KOSMOS","German","2008","German edition"
"Tollasodó Tojáslopó","32465","0","0","0","1","0","0","0","0","0","0","0","3","","21-3","","","","53621050","5.53162","6.19504","1","15891","196","thing","Didi Dotter","2","4","15","15","15","2007","2,3,4","4","4–10","","","","","","","standalone","","Piatnik; Zoch Verlag","Hungarian","0","Hungarian edition"
"Too Many Bones","192135","0","0","0","1","0","0","0","0","0","0","0","3","","82-4","","","","119941937","7.86347","8.30154","3.8592","36","24869","thing","Too Many Bones","1","4","120","120","60","2024","1,2,3,4","2","12+","Extensive use of text - massive conversion needed to be playable","","","","","","standalone","","Reflexshop","Hungarian","2024","Hungarian edition"
"Top 10","300905","0","0","0","1","0","0","0","0","0","0","0","3","","10-3
*","","","","87041792","6.76279","7.40233","1.0811","793","8554","thing","Top Ten","4","9","30","30","30","2021","4,5,6,7,8,9","6,7,8","12+","Extensive use of text - massive conversion needed to be playable","","","","","","standalone","","Cocktail Games; Reflexshop","Hungarian","2021","Hungarian edition"
"Top Cap","381021","0","0","0","1","0","0","0","0","0","0","0","3","","50-1","","","","125866249","5.56543","6.81","1.25","11437","480","thing","Top Cap","2","2","0","0","0","2024","2","2","","","","","","","","standalone","","ThunderGryph Games","English","2024","English edition"
"Top Race","932","0","0","0","1","0","0","0","0","0","0","0","3","","II. ","","","","53621059","5.95889","6.75507","1.75","3360","1711","thing","Top Race","2","6","45","45","45","2008","3,4,5,6","4,6","8+","No necessary in-game text","","","","","","standalone","","Pegasus Spiele","German","2008","Pegasus German edition"
"Top Ten 18+","334137","0","0","0","1","0","0","0","0","0","0","0","3","","08-4","","","","127707892","5.80476","7.27071","1.0909","4631","1189","thing","Top Ten 18+","4","9","40","40","20","2021","4,5,6,7,8,9","7","16+","Moderate in-game text - needs crib sheet or paste ups","","","","","","standalone","","Cocktail Games; Reflexshop","Hungarian","2021","Hungarian edition"
"Torres","88","0","0","0","1","0","0","0","0","0","0","0","3","","60-3","","","","53767196","6.75364","7.08261","2.8449","809","14741","thing","Torres","2","4","60","60","60","1999","2,3,4","4","10+","No necessary in-game text","","","","","","standalone","","F.X. Schmid","German","1999","German first edition"
"Tortuga 2199: Hazárdbolygó kalózai","265017","0","0","0","1","0","0","0","0","0","0","0","3","","75-2","","","","95420307","5.9774","7.07803","2.5769","3248","2591","thing","Tortuga 2199","2","4","90","90","60","2022","2,3,4","3,4","10+","Some necessary text - easily memorized or small crib sheet","","","","","","standalone","","Reflexshop","Hungarian","2022","Hungarian edition"
"Toru","20096","0","0","0","1","0","0","0","0","0","0","0","3","","10-1","","","","53785009","5.48152","5.44694","1.1","27839","535","thing","Toru","3","5","30","30","30","2005","3,4,5","5","10+","No necessary in-game text","","","","","","standalone","","Parker Brothers","German","2005","German edition"
"TOSSIT","410251","0","0","0","1","0","0","0","0","0","0","0","3","","19-1","","","","124297549","5.54948","7.74217","1","13000","291","thing","TOSSIT","2","10","30","30","10","2023","2,3","2,3","4+","","","","","","","standalone","","Art & Pollo OÜ","English; French","2023","English/French edition"
"Totemix","448447","0","0","0","1","0","0","0","0","0","0","0","3","","25-3","","","","134745207","0","7.94444","2","0","8","thing","Totemix","2","6","30","30","30","2025","2,3,4,5,6","3,4","","","","","","","","standalone","","Pagony játék","Hungarian","2025","Hungarian edition"
"Tőzsdejáték","2947","0","0","0","1","0","0","0","0","0","0","0","3","","I. ","","","","54454803","5.54782","5.8181","2.0435","13233","1197","thing","Broker","2","6","75","75","75","1961","2,3,4,5,6","4","8+","No necessary in-game text","","","","","","standalone","","Otto Maier Verlag","Hungarian","0","Ravensburger Hungarian edition"
"Trafalgar","192985","0","0","0","1","0","0","0","0","0","0","0","3","","20-1","","","","67536056","0","6","0","0","7","thing","Trafalgar","2","2","30","30","15","1976","","","","","","","","","","standalone","","Berliner Spielkarten","German","1976","German edition"
"Travelin'","205961","0","0","0","1","0","0","0","0","0","0","0","3","","05-5","","","","66156041","5.6356","6.87036","1.3125","7733","664","thing","Travelin'","2","5","50","50","20","2019","3,4,5","4,5","8","Moderate in-game text - needs crib sheet or paste ups","","","","","","standalone","","Reflexshop","Hungarian","2019","Hungarian edition"
"Tribes","258104","0","0","0","1","0","0","0","0","0","0","0","3","","72-4","","","","61135398","5.85315","6.69442","2.0488","4172","2155","thing","Tribes: Dawn of Humanity","2","4","45","45","45","2019","2,3,4","3,4","8+","Some necessary text - easily memorized or small crib sheet","","","","","","standalone","","Piatnik","Hungarian","2019","Hungarian edition"
"Trickerion: Collector's Edition","255668","0","0","0","1","0","0","0","0","0","0","0","3","","83-5","","","","129863911","7.2911","8.74611","4.5152","0","7379","thing","Trickerion: Collector's Edition","1","4","180","180","60","2019","1,2,3,4","3,4","14+","Moderate in-game text - needs crib sheet or paste ups","","","","","","standalone","","Corax Games; Mindclash Games","English; German","2019","English/German edition"
"Trickerion: Legends of Illusion","163068","0","0","0","1","0","0","0","0","0","0","0","3","","81-4","","","","53665863","7.53634","7.97033","4.2586","116","17121","thing","Trickerion: Legends of Illusion","2","4","180","180","60","2015","2,3,4","4","14+","Moderate in-game text - needs crib sheet or paste ups","","","","","","standalone","","Mindclash Games","English","2015","English edition, first printing"
"Trio","352515","0","0","0","1","0","0","0","0","0","0","0","3","","07-4
*IV","","","","112026524","6.96916","7.38646","1.0457","526","20054","thing","Trio","3","6","15","15","15","2023","3,4,5,6","4,5","6+","No necessary in-game text","","","","","","standalone","","Reflexshop","Hungarian","2023","Hungarian edition"
"Triominos","4040","0","0","0","1","0","0","0","0","0","0","0","3","","18-1","","","","57763123","5.42446","5.43702","1.3732","29282","9110","thing","Tri-Ominos","2","4","30","30","30","1965","2,3,4","3,4","6+","No necessary in-game text","","","","","","standalone","","Goliath Games","German","0","Goliath classic edition"
"Trivial Pursuit: Genus II","2953","0","0","0","1","0","0","0","0","0","0","0","3","","I. ","","","","79613447","5.55399","5.81986","1.6571","0","1502","thing","Trivial Pursuit: Genus II","2","24","90","90","90","1986","2,3,4","4","","Unplayable in another language","","","","","","expansion","","Horn Abbot Ltd.","English","1986","English U.K. edition"
"Trivial Pursuit: RPM Edition","5660","0","0","0","1","0","0","0","0","0","0","0","3","","I. ","","","","53759119","5.51051","5.73284","1.8","0","345","thing","Trivial Pursuit: RPM Edition","2","6","90","90","90","1986","2,3,4","3,4","","Unplayable in another language","","","","","","expansion","","Horn Abbot Ltd.","English","1986","English UK 500 cards edition 1986"
"Trónok Harca: Westerosi intrikák","155693","0","0","0","1","0","0","0","0","0","0","0","3","","05-3","","","","53621151","5.42715","5.33355","1.0714","29276","2831","thing","Game of Thrones: Westeros Intrigue","2","6","30","30","15","2014","3,4,5,6","6","8+","No necessary in-game text","","","","","","standalone","","Delta Vision Publishing; Fantasy Flight Games","Hungarian","2014","Hungarian edition"
"Tschakka Lakka: Die rasante Würfeljagd nach dem Tempelschatz","172168","0","0","0","1","0","0","0","0","0","0","0","3","","33-1","","","","90309433","5.51082","5.84225","0","21732","140","thing","Tschakka Lakka: Die rasante Würfeljagd nach dem Tempelschatz","2","4","20","20","20","2015","","","","","","","","","","standalone","","KOSMOS","German","2015","German edition"
"Tuareg","108705","0","0","0","1","0","0","0","0","0","0","0","3","","04-2","","","","133399442","5.59073","6.4932","1.5714","9669","694","thing","Tuareg","2","5","30","30","30","2011","2,3,4,5","2","10+","No necessary in-game text","","","","","","standalone","","Adlung-Spiele","English; French; German","2011","English/French/German edition"
"Tubyrinth","193161","0","0","0","1","0","0","0","0","0","0","0","3","","26-2
*","","","","66510075","5.53055","6.20239","1","16106","272","thing","Tubyrinth","1","6","20","20","20","2017","2","2","8+","No necessary in-game text","","","","","","standalone","","Piatnik","Hungarian","2017","Hungarian edition"
"A tudattalan mélyén","329500","0","0","0","1","0","0","0","0","0","0","0","3","","81-3","","","","128494231","7.14971","7.91569","4.009","343","12445","thing","Unconscious Mind","1","4","120","120","60","2024","1,2,3","2,3","14+","No necessary in-game text","","","","","","standalone","","Fantasia Games; Gém Klub Kft.","Hungarian","2024","Hungarian edition"
"Túl az Óperencián","189065","0","0","0","1","0","0","0","0","0","0","0","3","","20-5","","","","58634322","0","5.25","1","0","29","thing","Túl az Óperencián","2","4","30","30","20","2015","3,4","4","4–12","","","","","","","standalone","","Keller & Mayer","Hungarian","2015","Hungarian edition"
"Turbo Taxi","941","0","0","0","1","0","0","0","0","0","0","0","3","","34-3","","","","53665276","5.67608","6.06162","1.4711","6679","1671","thing","Turbo Taxi","2","4","30","30","30","2005","2,3,4","2,4","8+","No necessary in-game text","","","","","","standalone","","Piatnik; Queen Games","Hungarian","2005","Hungarian edition"
"Turing Machine","356123","0","0","0","1","0","0","0","0","0","0","0","3","","69-3","","","","110663024","7.17957","7.62912","2.5068","315","18160","thing","Turing Machine","1","4","20","20","20","2023","1,2,3,4","1","12+","Some necessary text - easily memorized or small crib sheet","","","","","","standalone","","Reflexshop","Hungarian","2023","Hungarian edition"
"Tutajra fel!","40935","0","0","0","1","0","0","0","0","0","0","0","3","","22-5","","","","56438241","5.63612","6.32004","1.0513","7718","806","thing","Zoowaboo","2","4","30","30","20","2016","3,4","4","4+","No necessary in-game text","","","","","","standalone","","Compaya.hu: Gamer Café Kft.","Hungarian","2016","Hungarian edition"
"Twilight City","425605","0","0","0","1","0","0","0","0","0","0","0","3","","83-4","","","","126588767","5.54816","8.23137","4","13183","71","thing","Twilight City","1","4","120","120","120","2024","2,3,4","3","","","","","","","","standalone","","Private Moon Studios","English; Hungarian","2024","Hungarian/English edition"
"Twin It!","222887","0","0","0","1","0","0","0","0","0","0","0","3","","07-5","","","","56697102","5.86592","6.7277","1","4046","2529","thing","Twin It!","2","6","10","10","5","2018","2,3,4,5,6","4","5+","No necessary in-game text","","","","","","standalone","","Reflexshop","Hungarian","2018","Hungarian edition"
"Ubongo","16986","0","0","0","1","0","0","0","0","0","0","0","3","","18-4","","","","66156188","6.42255","6.67333","1.4972","1490","14871","thing","Ubongo","1","4","25","25","25","2017","2,3,4","4","6+","No necessary in-game text","","","","","","standalone","","Piatnik","Hungarian","2017","Hungarian edition"
"Újrajátszott Trianon","375447","0","0","0","1","0","0","0","0","0","0","0","3","","74-3","","","","102473073","0","8.925","4","0","36","thing","Újrajátszott Trianon","1","4","180","180","60","2022","2,3,4","4","14","Unplayable in another language","","","","","","standalone","","Korona Games","Hungarian","2022","Hungarian edition"
"Ukiyo","316085","0","0","0","1","0","0","0","0","0","0","0","3","","05-2","","","","127896609","5.66098","7.00109","1.4667","7032","914","thing","Ukiyo","1","4","15","15","5","2020","1,2","1","8+","Some necessary text - easily memorized or small crib sheet","","","","","","standalone","","Walnut Games","English","2020","English edition"
"Ulti","15049","0","0","0","1","0","0","0","0","0","0","0","3","","05-1","","","","74880629","5.56684","7.86026","3.2667","11319","87","thing","Ulti","3","3","0","0","0","2018","3","3","8+","No necessary in-game text","","","","","","standalone","","Piatnik","Hungarian","2018","Piatnik Hungarian edition"
"Ultimate Werewolf","152241","0","0","0","1","0","0","0","0","0","0","0","3","","01-4","","","","90308387","5.70186","6.53775","1.1538","6125","2361","thing","Ultimate Werewolf","5","30","90","90","30","2014","8,9,10,11,12,13,14,15,16,17,18,19,20","10,11,12","10+","Some necessary text - easily memorized or small crib sheet","","","","","","standalone","","Bézier Games","English","2014","Bézier English-only edition"
"Um Reifenbreite","442","0","0","0","1","0","0","0","0","0","0","0","3","","58-4","","","","53767141","6.15473","6.76833","1.9602","2357","4302","thing","Um Reifenbreite","2","4","90","90","60","1992","3,4","4","8+","Moderate in-game text - needs crib sheet or paste ups","","","","","","standalone","","Jumbo","German","1992","German second edition"
"Underground Panic","290437","0","0","0","1","0","0","0","0","0","0","0","3","","30-4","","","","65562716","5.51176","6.5","2","21425","101","thing","Underground Panic","2","4","60","60","45","2019","2,3,4","2","8–14","No necessary in-game text","","","","","","standalone","","Piatnik","Czech; Hungarian; Polish; Slovak","2019","Czech/Hungarian/Polish/Slovak edition"
"The Ungame","6283","0","0","0","1","0","0","0","0","0","0","0","3","","I. ","","","","53766536","5.19309","3.17831","1.2","29568","642","thing","The Ungame","2","6","60","60","60","1989","","4","4","Extensive use of text - massive conversion needed to be playable","","","","","","standalone","","Oliver Games","Hungarian","1989","Hungarian edition"
"Unikornisok: A rémes ménes","234190","0","0","0","1","0","0","0","0","0","0","0","3","","04-5","","","","74881796","5.94192","6.2303","1.4925","3480","32166","thing","Unstable Unicorns","2","8","60","60","30","2020","3,4,5,6","4,5","8+","Moderate in-game text - needs crib sheet or paste ups","","","","","","standalone","","Gém Klub Kft.","Hungarian","2020","Hungarian edition"
"Unlock!: Star Wars","312267","0","0","0","1","0","0","0","0","0","0","0","3","","14-4","","","","93762667","6.4226","7.04936","1.8889","1489","8688","thing","Star Wars: Unlock!","1","6","60","60","60","2021","1,2,3","2","10+","Extensive use of text - massive conversion needed to be playable","","","","","","standalone","","Gém Klub Kft.; Space Cowboys","Hungarian","2021","Hungarian edition"
"Unlock!: Szabadulós kalandok","213460","0","0","0","1","0","0","0","0","0","0","0","3","","14-4","","","","54165949","6.85277","7.33342","2.0971","679","11510","thing","Unlock!: Escape Adventures","2","6","75","75","45","2017","1,2,3,4","2","12+","Extensive use of text - massive conversion needed to be playable","","","","","","standalone","","asmodee; Gém Klub Kft.","Hungarian","2017","Hungarian edition"
"Unmatched kalandok: Titokzatos töténetek","381297","0","0","0","1","0","0","0","0","0","0","0","3","","26-5","","","","115378209","6.97315","7.95873","2.2973","518","11106","thing","Unmatched Adventures: Tales to Amaze","1","4","60","60","20","2023","1,2,3,4","2","10+","Extensive use of text - massive conversion needed to be playable","","","","","","standalone","","Reflexshop","Hungarian","2023","Hungarian edition"
"Unmatched: Árny & Köd","294484","0","0","0","1","0","0","0","0","0","0","0","3","","26-5","","","","86044255","7.37695","7.93377","1.9712","187","21178","thing","Unmatched: Cobble & Fog","2","4","40","40","20","2021","2,4","2","10+","Moderate in-game text - needs crib sheet or paste ups","","","","","","standalone","","Reflexshop","Hungarian","2021","Hungarian edition"
"UNO Deluxe","2223","0","0","0","1","0","0","0","0","0","0","0","3","","06-3
*","","","","89101409","5.34827","5.4754","1.1009","29481","69570","thing","UNO","2","10","30","30","30","2014","3,4,5,6,7,8","4,5,6","5+","No necessary in-game text","","","","","","standalone","","Mattel, Inc.","Dutch; English; French; German; Italian","2014","Mattel multilingual edition 2014"
"UNO Flex!","380300","0","0","0","1","0","0","0","0","0","0","0","3","","06-3","","","","134797365","5.53326","6.08829","1.75","15537","1080","thing","UNO Flex!","2","8","0","0","0","2023","","","","","","","","","","standalone","","Mattel, Inc.","English; French; Portuguese; Spanish","2023","Multilingual edition 2023"
"UNO Flip!","271460","0","0","0","1","0","0","0","0","0","0","0","3","","06-3","","","","91376161","5.86308","6.27393","1.2609","4075","12983","thing","UNO Flip!","2","10","30","30","30","2019","2,3,4,5,6,7","4","5+","No necessary in-game text","","","","","","standalone","","Mattel, Inc.","English","2019","Mattel English edition 2019"
"UNO Spin","24318","0","0","0","1","0","0","0","0","0","0","0","3","","06-3","","","","108823082","5.50276","5.64633","1.12","24157","1377","thing","UNO Spin","2","10","30","30","30","2007","2,3,4,5,6,7,8,9,10","4,5,6,8","6+","No necessary in-game text","","","","","","standalone","","Mattel, Inc.","Czech; Hungarian; Polish; Slovak","2007","Eastern European edition"
"UNO Teams!","428030","0","0","0","1","0","0","0","0","0","0","0","3","","06-3","","","","134796806","5.50765","6.12727","1","22721","457","thing","UNO Teams!","4","8","0","0","0","2024","4,6","6","8+","","","","","","","standalone","","Mattel, Inc.","English","2024","English edition"
"UNO: All Wild!","352997","0","0","0","1","0","0","0","0","0","0","0","3","","06-3","","","","136264786","5.32113","4.51723","1","29507","2415","thing","UNO: All Wild!","2","10","30","30","15","2022","3,4,5,6,7,8","4,5","6+","","","","","","","standalone","","Mattel, Inc.","Dutch; English; French; German; Italian; Portuguese; Spanish","2022","Multilingual edition 2022"
"UNO: Show 'Em No Mercy","399088","0","0","0","1","0","0","0","0","0","0","0","3","","06-3
*III","","","","127895240","5.61302","6.12513","1.6087","8569","5110","thing","UNO: Show 'Em No Mercy","2","6","30","30","15","2023","2,3,4,5,6","4,5","6+","No necessary in-game text","","","","","","standalone","","Mattel, Inc.","English; French; German; Italian; Spanish","2023","EN/FR/DE/IT/ES edition"
"Unreliable Wizard","363503","0","0","0","1","0","0","0","0","0","0","0","3","","03-2","","","","127895350","5.6736","6.55868","1.8125","6741","1591","thing","Unreliable Wizard","1","1","15","15","15","2024","1","1","12+","Some necessary text - easily memorized or small crib sheet","","","","","","standalone","","Salt & Pepper Games","English; Spanish","2024","English/Spanish edition"
"Unreliable Wizard and the Unstable Spirit Towers","381095","0","0","0","1","0","0","0","0","0","0","0","3","","03-2","","","","127895363","5.52523","6.32955","2.3333","0","946","thing","Unreliable Wizard and the Unstable Spirit Towers","1","1","25","25","15","2024","1","1","14+","","","","","","","expansion","","Salt & Pepper Games","English; Spanish","2024","English/Spanish edition"
"Unstable Unicorns","234190","0","0","0","1","0","0","0","0","0","0","0","3","","02-4
*","","","","64358678","5.94192","6.2303","1.4925","3480","32166","thing","Unstable Unicorns","2","8","60","60","30","2018","3,4,5,6","4,5","8+","Moderate in-game text - needs crib sheet or paste ups","","","","","","standalone","","(Self-Published)","English","2018","Self-published English edition"
"Up the Rock","181959","0","0","0","1","0","0","0","0","0","0","0","3","","17-1","","","","63037325","5.56378","6.12985","1.3333","11568","468","thing","Gipfelkraxler","2","4","30","30","30","2016","2,3,4","3","","No necessary in-game text","","","","","","standalone","","Piatnik","Czech; Hungarian; Romanian; Slovak","2016","Czech/Slovak/Hungarian/Romanian first edition"
"Uradalom","347303","10","0","0","1","0","0","0","0","0","0","0","3","","17-3
*","","","","85841359","5.51603","7.21","1.5","20070","61","thing","Uradalom","1","6","45","45","30","2021","","","","No necessary in-game text","","","","","","standalone","","Keller & Mayer","Hungarian","2021","Hungarian edition"
"Űrcsempészek","235821","0","0","0","1","0","0","0","0","0","0","0","3","","07-5","","","","126731767","5.50521","6.09211","2.4","23489","69","thing","Űrcsempészek","2","6","15","15","10","2016","3,4,5,6","3,4,6","8+","No necessary in-game text","","","","","","standalone","","Gém Klub Kft.","Hungarian","2016","Hungarian edition"
"Utazás a Föld körül","420361","0","0","0","1","0","0","0","0","0","0","0","3","","29-1","","","","137142154","5.85653","7.54368","1.8571","4143","1555","thing","Trekking the World: Second Edition","1","5","60","60","30","2025","1,2,3,4,5","2,3","8+","Moderate in-game text - needs crib sheet or paste ups","","","","","","standalone","","Gém Klub Kft.","Hungarian","2025","Hungarian edition"
"Utazás a múltba","353288","0","0","0","1","0","0","0","0","0","0","0","3","","30-2","","","","110597907","6.96349","7.53304","1.7551","536","12313","thing","Trekking Through History","1","4","60","60","30","2023","1,2,3,4","3","8+","No necessary in-game text","","","","","","standalone","","Gém Klub Kft.","Hungarian","2023","Hungarian edition"
"Ütős pandák","417323","0","0","0","1","0","0","0","0","0","0","0","3","","04-2","","","","129865615","6.05359","7.08071","2.0571","2839","2394","thing","Panda Spin","2","5","40","40","25","2024","2,3,4,5","4","10+","No necessary in-game text","","","","","","standalone","","Gém Klub Kft.","Hungarian","2024","Hungarian edition"
"Vaalbara","361241","0","0","0","1","0","0","0","0","0","0","0","3","","04-1","","","","122123370","6.37804","7.17715","1.7273","1610","4176","thing","Vaalbara","2","5","20","20","20","2023","2,3,4,5","4","10+","Moderate in-game text - needs crib sheet or paste ups","","","","","","standalone","","Gém Klub Kft.; Studio H","Hungarian","2023","Hungarian edition"
"Vadnyugati Legendák","232405","0","0","0","1","0","0","0","0","0","0","0","3","","76-1","","","","68723352","7.22198","7.60449","2.8527","280","19607","thing","Western Legends","2","6","90","90","60","2019","3,4,5","4","12+","Moderate in-game text - needs crib sheet or paste ups","","","","","","standalone","","Gém Klub Kft.; Kolossal Games; Matagot","Hungarian","2019","Hungarian edition"
"Vándor lelkek földje","267319","0","0","0","1","0","0","0","0","0","0","0","3","","26-4","","","","128493883","6.65685","7.2714","1.8416","972","8529","thing","Roam","2","4","45","45","30","2024","2,3,4","3","8+","No necessary in-game text","","","","","","standalone","","Reflexshop","Hungarian","2024","Hungarian edition"
"Vándorló tornyok","355483","0","0","0","1","0","0","0","0","0","0","0","3","","32-5","","","","128693683","6.78899","7.34312","1.5913","756","10677","thing","Wandering Towers","2","6","30","30","30","2024","3,4,5,6","4,5","6+","No necessary in-game text","","","","","","standalone","","Gém Klub Kft.","Hungarian","2024","Hungarian edition"
"Vándortáj","385761","0","0","0","1","0","0","0","0","0","0","0","3","","05-2","","","","123100896","7.24492","7.55267","1.9113","266","26969","thing","Faraway","2","6","30","30","15","2024","2,3,4,5","3","10+","No necessary in-game text","","","","","","standalone","","Reflexshop","Hungarian","2024","Hungarian edition"
"Varázslatos állatok","370418","0","0","0","1","0","0","0","0","0","0","0","3","","29-3","","","","132095781","5.57168","6.83763","1.6","10924","296","thing","Animals Gathering","2","5","40","40","20","2024","2,3,4,5","2","6+","No necessary in-game text","","","","","","standalone","","Gém Klub Kft.","Hungarian","2024","Hungarian edition"
"Varázslótanoncok a fénylidércek útján","202296","0","0","0","1","0","0","0","0","0","0","0","3","","23-5","","","","56438598","5.6404","6.89494","1","7580","569","thing","Wizardry to the Power of Three","2","6","30","30","20","2018","2,3,4,5,6","3,4","4–14","No necessary in-game text","","","","","","standalone","","Compaya.hu: Gamer Café Kft.","Hungarian","2018","Hungarian edition"
"Varázsösvény: Építs utat! Hátráltass másokat! Juss ki a mocsárból!","431006","9","0","0","1","0","0","0","0","0","0","0","3","","27-4","","","","124798256","0","7.67222","2","0","14","thing","Varázsösvény: Építs utat! Hátráltass másokat! Juss ki a mocsárból!","2","6","45","45","15","2024","","","","Some necessary text - easily memorized or small crib sheet","","","","","","standalone","","FuNdál; Keller & Mayer","Hungarian","2024","Hungarian edition"
"Vasútvonal: Sötétkék Kiadás","245654","0","0","0","1","0","0","0","0","0","0","0","3","","17-3","","","","66613865","6.89858","7.15267","1.4545","613","23007","thing","Railroad Ink: Deep Blue Edition","1","6","30","30","20","2019","1,2,3,4,5,6","2","8+","No necessary in-game text","","","","","","standalone","","Delta Vision Publishing","Hungarian","2019","Hungarian edition"
"Vasútvonal: Tűzvörös Kiadás","251678","0","0","0","1","0","0","0","0","0","0","0","3","","17-3","","","","66613877","6.68652","7.06559","1.4786","921","15186","thing","Railroad Ink: Blazing Red Edition","1","6","30","30","20","2019","1,2,3,4,5,6","3","8+","No necessary in-game text","","","","","","standalone","","Delta Vision Publishing","Hungarian","2019","Hungarian edition"
"Veggie Garden","211533","0","0","0","1","0","0","0","0","0","0","0","3","","29-3","","","","68144664","5.53018","5.70524","1.3571","16189","827","thing","Veggie Garden","2","4","30","30","20","2017","2,3,4","4","8+","","","","","","","standalone","","Quick Simple Fun Games","English","2017","English edition"
"Végtelen tél: Amerika őslakosai","305096","0","0","0","1","0","0","0","0","0","0","0","3","","73-5","","","","98403411","7.17857","7.64631","3.3238","316","17614","thing","Endless Winter: Paleoamericans","1","4","120","120","60","2022","1,2,3,4","3","12+","No necessary in-game text","","","","","","standalone","","Gém Klub Kft.","Hungarian","2022","Hungarian edition"
"Végvári Viadalok","32326","0","0","0","1","0","0","0","0","0","0","0","3","","36-2","","","","55065406","0","5.625","3.5","0","42","thing","Végvári Viadalok","2","6","120","120","120","1986","","","10","","","","","","","standalone","","ÁSZ","Hungarian","1986","Hungarian edition"
"Velonimo","323262","0","0","0","1","0","0","0","0","0","0","0","3","","06-1","","","","96766682","5.95423","6.73317","1.2037","3398","3611","thing","Velonimo","2","5","40","40","30","2022","2,3,4,5","4","8+","No necessary in-game text","","","","","","standalone","","Reflexshop","Hungarian","2022","Hungarian edition"
"Die Verbotene Stadt","504","0","0","0","1","0","0","0","0","0","0","0","3","","II. ","","","","53785042","5.5338","6.00247","1.8125","15415","494","thing","Die Verbotene Stadt","2","4","60","60","60","1992","3,4","4","14+","No necessary in-game text","","","","","","standalone","","Otto Maier Verlag","German","1992","German edition"
"Vérfarkasok Miller's Hollow-ban","25821","0","0","0","1","0","0","0","0","0","0","0","3","","12-5","","","","58633472","6.42367","6.67864","1.3114","1487","23473","thing","The Werewolves of Miller's Hollow","8","18","30","30","30","2018","8,9,10,11,12,13,14,15,16,17,18","10,11,12,13,14,15","10+","No necessary in-game text","","","","","","standalone","","Gém Klub Kft.","Hungarian","2018","Hungarian edition"
"Vezércsel","320718","0","0","0","1","0","0","0","0","0","0","0","3","","06-2","","","","96219075","6.20428","6.72836","1.8111","2173","6909","thing","Hidden Leaders","2","6","40","40","20","2022","3,4,5","4","10+","Moderate in-game text - needs crib sheet or paste ups","","","","","","standalone","","BFF Games; Reflexshop","Hungarian","2022","Hungarian edition"
"Via Appia","137397","0","0","0","1","0","0","0","0","0","0","0","3","","31-3","","","","53665361","5.86378","6.59955","2","4068","1646","thing","Via Appia","2","4","45","45","45","2013","2,3,4","4","8+","No necessary in-game text","","","","","","standalone","","Queen Games","German","2013","German edition"
"Vidámpark","300683","0","0","0","1","0","0","0","0","0","0","0","3","","27-5","","","","87471482","6.25462","7.20733","1.9216","1969","4398","thing","Meeple Land","2","4","45","45","45","2020","2,3,4","3","8+","No necessary in-game text","","","","","","standalone","","Gém Klub Kft.","Hungarian","2020","Hungarian edition"
"Vigyáz(z) 6!","268586","0","0","0","1","0","0","0","0","0","0","0","3","","06-3","","","","93760732","6.46188","7.26388","1.2388","1384","6701","thing","6 nimmt! 25 Jahre","2","10","45","45","45","2019","3,4,5,6,7,8","4,5,6","8+","No necessary in-game text","","","","","","standalone","","Piatnik","Hungarian","2019","Hungarian edition"
"Vigyáz(z)6!","432","0","0","0","1","0","0","0","0","0","0","0","3","","06-3
*","","","","53665378","6.85325","6.98084","1.1901","676","48380","thing","Take 5","2","10","45","45","45","2011","3,4,5,6,7,8,9,10","5,6","8+","No necessary in-game text","","","","","","standalone","","AMIGO; Piatnik","Hungarian","2011","Piatnik Hungarian third edition"
"Vigyáz(z)6! társasjáték","286533","0","0","0","1","0","0","0","0","0","0","0","3","","27-4","","","","73525543","5.60335","6.52534","1.25","9006","737","thing","6 nimmt! Brettspiel","2","6","25","25","25","2020","2,3,4,5,6","5,6","8+","No necessary in-game text","","","","","","standalone","","Piatnik","Hungarian","2020","Hungarian edition"
"Viking Tourists","232262","0","0","0","1","0","0","0","0","0","0","0","3","","04-1","","","","62380763","0","5.82692","1","0","84","thing","Viking Tourists","3","6","45","45","30","2017","3,4","4","6+","","","","","","","standalone","","Vagabund","English; French; German; Hungarian","2017","English/French/German/Hungarian edition"
"Vikingdoms","206780","0","0","0","1","0","0","0","0","0","0","0","3","","56-3","","","","53764515","5.56576","6.78546","2.3333","11403","312","thing","Vikingdoms","2","2","30","30","20","2016","2","2","","No necessary in-game text","","","","","","standalone","","Mind Fitness Games","English","2016","English edition"
"A világ csodái","365258","0","0","0","1","0","0","0","0","0","0","0","3","","65-4","","","","116765038","7.00366","7.61797","2.2573","482","10783","thing","World Wonders","1","5","70","70","50","2023","1,2,3,4","3","10+","No necessary in-game text","","","","","","standalone","","Gém Klub Kft.; MeepleBR; MUNDUS","Hungarian","2023","Hungarian edition"
"A Világ Története","235591","0","0","0","1","0","0","0","0","0","0","0","3","","75-5","","","","55755981","6.00566","7.31264","2.5938","3077","1910","thing","History of the World","3","6","180","180","120","2018","3,4,5,6","5","12+","Moderate in-game text - needs crib sheet or paste ups","","","","","","standalone","","Gém Klub Kft.","Hungarian","2018","Hungarian edition"
"Világvárosok","402676","0","0","0","1","0","0","0","0","0","0","0","3","","29-6","","","","129932374","6.61795","7.34773","1.9292","1045","7671","thing","Cities","2","4","45","45","45","2025","2,3,4","4","8+","Some necessary text - easily memorized or small crib sheet","","","","","","standalone","","Vagabund","Hungarian","2025","Hungarian edition"
"Villa Paletti","2596","0","0","0","1","0","0","0","0","0","0","0","3","","59-3","","","","53767165","6.09421","6.41501","1.1599","2635","6163","thing","Villa Paletti","2","4","30","30","30","2001","2,3,4","4","6+","No necessary in-game text","","","","","","standalone","","Piatnik","Hungarian","2001","Hungarian edition"
"Village","104006","0","0","0","1","0","0","0","0","0","0","0","3","","62-5","","","","53665537","7.28619","7.48515","3.06","239","31106","thing","Village","2","4","90","90","60","2011","2,3,4","4","12+","No necessary in-game text","","","","","","standalone","","eggertspiele; Pegasus Spiele","English; German","2011","English/German first edition"
"Village Green","300583","0","0","0","1","0","0","0","0","0","0","0","3","","03-4","","","","127895680","6.18892","6.90504","1.9851","2234","4795","thing","Village Green","1","5","30","30","30","2021","1,2,3,4","2","12+","Some necessary text - easily memorized or small crib sheet","","","","","","standalone","","Kobold Spieleverlag; Osprey Games","German","2021","German edition"
"Village: Inn","136223","0","0","0","1","0","0","0","0","0","0","0","3","","62-5","","","","53665540","6.83931","7.8285","2.9852","0","9549","thing","Village: Inn","2","5","120","120","60","2013","2,3,4,5","4","12+","No necessary in-game text","","","","","","expansion","","eggertspiele; Pegasus Spiele","English; German","2013","English/German first edition"
"Village: Port","155996","0","0","0","1","0","0","0","0","0","0","0","3","","62-5","","","","53665550","6.64242","7.93563","3.0312","0","7631","thing","Village: Port","2","5","90","90","90","2014","2,3,4,5","4","12+","No necessary in-game text","","","","","","expansion","","eggertspiele","English; German","2014","English/German first edition"
"Villamos dilemma!","282171","0","0","0","1","0","0","0","0","0","0","0","3","","08-5","","","","83379578","5.77989","6.02094","1.0253","4938","11059","thing","Trial by Trolley","3","13","90","90","30","2020","3,4,5,6,7,8,9,10","5,7","16+","Unplayable in another language","","","","","","standalone","","Gém Klub Kft.; Skybound Tabletop","Hungarian","2020","Hungarian edition"
"La Viña","276497","0","0","0","1","0","0","0","0","0","0","0","3","","70-4","","","","105488900","5.82192","6.86447","2.0667","4453","1920","thing","La Viña","2","5","45","45","30","2022","2,3,4,5","3,4","10+","No necessary in-game text","","","","","","standalone","","Devir; Reflexshop","Hungarian","2022","Hungarian edition"
"Virágoskert","204027","0","0","0","1","0","0","0","0","0","0","0","3","","70-4","","","","53767423","6.54534","6.84774","1.8871","1183","13039","thing","Cottage Garden","1","4","60","60","60","2017","1,2,3,4","3","8+","No necessary in-game text","","","","","","standalone","","Compaya.hu: Gamer Café Kft.","Hungarian","2017","Compaya.hu Hungarian edition 2017"
"Virágvarázs","322622","0","0","0","1","0","0","0","0","0","0","0","3","","03-5","","","","99849267","6.51984","7.42729","1.7051","1246","6031","thing","Floriferous","1","4","30","30","20","2022","1,2,3,4","3","8+","No necessary in-game text","","","","","","standalone","","Vagabund","Hungarian","2022","Hungarian edition"
"Virtù","345377","0","0","0","1","0","0","0","0","0","0","0","3","","82-1","","","","104662673","5.97838","7.32682","3.9877","3246","2413","thing","Virtù","2","5","150","150","60","2023","2,3,4,5","4","14+","No necessary in-game text","","","","","","standalone","","Reflexshop","Hungarian","2023","Hungarian edition"
"Vírus!","180020","0","0","0","1","0","0","0","0","0","0","0","3","","06-4","","","","96766784","6.29398","6.71451","1.0571","1847","17232","thing","Virus!","2","6","20","20","20","2022","3,4,5","4","6+","No necessary in-game text","","","","","","standalone","","Reflexshop","Hungarian","2022","Reflexshop Hungarian edition"
"Viticulture: Esszenciális kiadás","183394","0","0","0","1","0","0","0","0","0","0","0","3","","79-5","","","","95187584","7.81417","7.96431","2.895","43","75542","thing","Viticulture Essential Edition","1","6","90","90","45","2020","1,2,3,4,5","3,4","12+","Moderate in-game text - needs crib sheet or paste ups","","","","","","standalone","","Delta Vision Publishing","Hungarian","2020","Hungarian edition"
"Viticulture: Toszkána Esszenciális kiadás","202174","0","0","0","1","0","0","0","0","0","0","0","3","","79-5","","","","95187626","8.00517","8.53869","3.2575","0","31979","thing","Viticulture: Tuscany Essential Edition","1","6","150","150","60","2021","1,2,3,4,5,6","4","12+","Moderate in-game text - needs crib sheet or paste ups","","","","","","expansion","","Delta Vision Publishing","Hungarian","2021","Hungarian edition"
"Víz alatti városok","247763","0","0","0","1","0","0","0","0","0","0","0","3","","83-2","","","","83375134","7.77419","8.0425","3.5801","50","29064","thing","Underwater Cities","1","4","150","150","80","2021","1,2,3","2","12+","Moderate in-game text - needs crib sheet or paste ups","","","","","","standalone","","Gém Klub Kft.","Hungarian","2021","Hungarian edition"
"Voidfall","337627","0","0","0","1","0","0","0","0","0","0","0","3","","82-5","","","","117273138","7.60288","8.52498","4.5944","95","11763","thing","Voidfall","1","4","240","240","90","2023","1,2,3,4","1","16+","Moderate in-game text - needs crib sheet or paste ups","","","","","","standalone","","Mindclash Games","English","2023","English Galactic edition"
"Volle Wolle","28037","0","0","0","1","0","0","0","0","0","0","0","3","","17-2","","","","53784293","5.60329","5.99173","1.5","9012","1252","thing","Wool Rules","2","6","30","30","30","2007","3,4,5,6","4,6","12+","No necessary in-game text","","","","","","standalone","","Venice Connection; Zoch Verlag","English; German","2007","German edition"
"Voodoo Mania","136249","0","0","0","1","0","0","0","0","0","0","0","3","","07-4","","","","88479696","5.45566","5.16698","1.2727","28956","823","thing","Voodoo Mania","2","6","10","10","10","2013","2,3,4,5,6","2","8+","No necessary in-game text","","","","","","standalone","","HUCH!","Dutch; English; French; German","2013","Multilingual first edition"
"Vörös Előőrs","287589","0","0","0","1","0","0","0","0","0","0","0","3","","68-4","","","","84986592","6.16818","6.88538","2.5435","2310","5010","thing","Red Outpost","1","4","60","60","30","2020","2,3,4","3","10+","No necessary in-game text","","","","","","standalone","","Lifestyle Boardgames Ltd; Reflexshop","Hungarian","2020","Hungarian edition"
"A vörös katedrális","227224","0","0","0","1","0","0","0","0","0","0","0","3","","74-4","","","","96609633","7.33191","7.66862","2.8155","216","27394","thing","The Red Cathedral","1","4","80","80","80","2021","1,2,3,4","3","12+","No necessary in-game text","","","","","","standalone","","Devir; Reflexshop","Hungarian","2021","Hungarian edition"
"Vörös lázadás","329465","0","0","0","1","0","0","0","0","0","0","0","3","","68-4","","","","84986953","6.62025","6.96424","2.3166","1037","19003","thing","Red Rising","1","6","60","60","45","2021","1,2,3,4","3","12+","Extensive use of text - massive conversion needed to be playable","","","","","","standalone","","Delta Vision Publishing","Hungarian","2021","Hungarian edition"
"Vortex","209290","0","0","0","1","0","0","0","0","0","0","0","3","","18-5","","","","55677929","5.56435","6.77793","2","11520","322","thing","Vortex","1","6","60","60","15","2016","1,2,3,4,5","1","6+","No necessary in-game text","","","","","","standalone","","Tactrics","English","2016","First edition"
"Waka Waka","118025","0","0","0","1","0","0","0","0","0","0","0","3","","34-2","","","","53665396","5.55896","5.99624","1.8571","11995","785","thing","Waka Waka","2","4","45","45","45","2012","3,4","4","8+","Moderate in-game text - needs crib sheet or paste ups","","","","","","standalone","","KOSMOS","German","2012","German edition"
"Walking Baby","342567","0","0","0","1","0","0","0","0","0","0","0","3","","68-2","","","","88178547","0","6.09231","2","0","36","thing","Walking Baby","2","4","45","45","30","2021","","","6+","","","","","","","standalone","","Cogitate Games","English; French; Hungarian","2021","Multilingual edition"
"WarCraft: The Board Game","7479","0","0","0","1","0","0","0","0","0","0","0","3","","78-3","","","","104358675","5.79595","6.12616","2.761","4738","4771","thing","WarCraft: The Board Game","2","4","120","120","120","2005","2,3,4","4","12+","No necessary in-game text","","","","","","standalone","","Delta Vision Publishing","Hungarian","2005","Hungarian edition"
"Waterfall Park","396618","0","0","0","1","0","0","0","0","0","0","0","3","","28-5
","","","","112962408","5.95725","7.0693","1.95","3377","2482","thing","Waterfall Park","3","5","45","45","45","2023","4,5","5","8+","No necessary in-game text","","","","","","standalone","","Games7Days; Gém Klub Kft.; Repos Production","Hungarian; Ukrainian","2023","Hungarian/Ukrainian edition"
"A Watergate-ügy","274364","0","0","0","1","0","0","0","0","0","0","0","3","","56-4","","","","84847694","7.39183","7.73105","2.2749","179","24113","thing","Watergate","2","2","60","60","30","2021","2","2","12+","Extensive use of text - massive conversion needed to be playable","","","","","","standalone","","Gém Klub Kft.","Hungarian","2021","Hungarian edition"
"WAU","352822","0","0","0","1","0","0","0","0","0","0","0","3","","04-4","","","","96648535","0","8.75","1","0","10","thing","WAU","2","5","50","50","20","2021","2,3,4,5","3","5+","","","","","","","standalone","","(Self-Published)","Hungarian","2021","Hungarian edition"
"Wavelength","262543","0","0","0","1","0","0","0","0","0","0","0","3","","01-3","","","","107937944","6.9798","7.21418","1.1199","509","30136","thing","Wavelength","2","12","45","45","30","2019","4,5,6,7,8,9,10,11,12","6,8","10+","Moderate in-game text - needs crib sheet or paste ups","","","","","","standalone","","Palm Court","English","2019","English edition"
"Way 2 Go","299554","0","0","0","1","0","0","0","0","0","0","0","3","","02-3","","","","124410611","0","5.82174","0","0","135","thing","Way 2 Go","2","14","40","40","30","2020","","","","","","","","","","standalone","","Queen Games","Dutch; English; French; German","2020","Dutch/English/French/German edition"
"Wazabi","48979","0","0","0","1","0","0","0","0","0","0","0","3","","17-1","","","","107195166","5.65305","5.92513","1.0779","7225","3794","thing","Wazabi","2","6","20","20","20","2008","3,4,5,6","4","6+","No necessary in-game text","","","","","","standalone","","Gigamic","Dutch; English; French; German; Hebrew; Italian; Portuguese; Spanish","2008","Multilingual first edition"
"Welcome to the Dungeon","150312","0","0","0","1","0","0","0","0","0","0","0","3","","06-5","","","","53665891","6.37618","6.52982","1.237","1613","27133","thing","Welcome to the Dungeon","2","4","30","30","30","2015","2,3,4","3","8+","Some necessary text - easily memorized or small crib sheet","","","","","","standalone","","IELLO","English","2015","English first edition"
"Welcome To...: Halloween Thematic Neighborhood","265377","0","0","0","1","0","0","0","0","0","0","0","3","","27-4","","","","113316715","5.88769","7.41026","1.8","0","3960","thing","Welcome To...: Halloween Thematic Neighborhood","1","100","25","25","25","2019","2,3,4,5,6,7,8,9,10","2,3,4,5,6","8+","","","","","","","expansion","","Deep Water Games","English","2019","English edition"
"What Do You Meme?","226610","0","0","0","1","0","0","0","0","0","0","0","3","","01-1
*","","","","119612630","5.19153","5.07356","1.0563","29569","9397","thing","What Do You Meme?","3","20","90","90","30","2018","4,5,6,7,8,9","6","16+","Extensive use of text - massive conversion needed to be playable","","","","","","standalone","","What Do You Meme?","English","2018","English second edition"
"What Do You Meme? Bigger Better Edition","396537","0","0","0","1","0","0","0","0","0","0","0","3","","08-5","","","","135765484","5.50486","5.80545","1","0","336","thing","What Do You Meme? Bigger Better Edition","3","20","0","0","0","2022","","","","","","","","","","standalone","","","","",""
"What Do You Meme?: A kemény magnak","316165","0","0","0","1","0","0","0","0","0","0","0","3","","08-5","","","","130125839","0","6.06897","1","0","152","thing","What Do You Meme?: BSFW Edition","3","20","0","0","0","2018","","","","","","","","","","standalone","","KENSHO Kft.","Hungarian","0","Hungarian edition"
"What Do You Meme?: Family Edition","311659","0","0","0","1","0","0","0","0","0","0","0","3","","10-5","","","","95420471","5.43414","5.06144","1.125","29222","1395","thing","What Do You Meme?: Family Edition","3","20","90","90","30","2019","3,4,5,6,7,8","5,6","8+","","","","","","","standalone","","","","",""
"What Do You Meme?: Family Edition","311659","0","0","0","1","0","0","0","0","0","0","0","3","","01-3","","","","130126897","5.43414","5.06144","1.125","29222","1395","thing","What Do You Meme?: Family Edition","3","20","90","90","30","2019","3,4,5,6,7,8","5,6","8+","","","","","","","standalone","","What Do You Meme?","English","2019","English edition"
"Who Wants to Be a Millionaire","4077","0","0","0","1","0","0","0","0","0","0","0","3","","I. ","","","","67647166","5.2043","4.58864","1.425","29561","2239","thing","Who Wants to Be a Millionaire","2","5","60","60","60","2000","2,3,4,5","4,5","14+","Unplayable in another language","","","","","","standalone","","Pressman Toy Corp.","English","2000","Pressman edition 2000"
"Who Wants To Be A Millionaire? (2nd Edition)","66218","0","0","0","1","0","0","0","0","0","0","0","3","","I. ","","","","53767835","5.50212","5.69333","1","24340","132","thing","Who Wants To Be A Millionaire? (2nd Edition)","2","8","60","60","60","2002","2,3,4,5,6","6","12+","","","","","","","standalone","","Upstarts","English","2002","English edition"
"Wild Pirates","1325","0","0","0","1","0","0","0","0","0","0","0","3","","II. ","","","","53665403","5.50575","5.619","1.25","23310","425","thing","Wild Pirates","3","5","45","45","30","2005","2,3,4,5","5","8+","No necessary in-game text","","","","","","standalone","","Ravensburger","Dutch; English; French; Italian; Spanish","2005","Ravensburger NL/EN/FR/IT/ES edition"
"Wild Shots","219410","0","0","0","1","0","0","0","0","0","0","0","3","","03-3","","","","96771271","5.50112","5.65686","1.3333","24619","125","thing","Wild Shots","2","4","30","30","30","2017","3,4","3","","No necessary in-game text","","","","","","standalone","","","","",""
"Wilmot raktára","424975","0","0","0","1","0","0","0","0","0","0","0","3","","13-2","","","","134010440","6.17836","7.54796","1.1905","2266","2215","thing","Wilmot's Warehouse","2","6","30","30","30","2025","2,3,4,5,6","4","6+","Moderate in-game text - needs crib sheet or paste ups","","","","","","standalone","","Gém Klub Kft.","Hungarian","2025","Hungarian edition"
"Winter Tales","122599","0","0","0","1","0","0","0","0","0","0","0","3","","79-1","","","","53665501","5.53115","5.74803","2.5185","15983","2717","thing","Winter Tales","3","7","90","90","90","2014","3,4,5,6,7","5","12+","No necessary in-game text","","","","","","standalone","","Albe Pavo; Fantasy Flight Games","English","2014","English second edition"
"The Witcher Adventure Game","147116","0","0","0","1","0","0","0","0","0","0","0","3","","62-1","","","","53930210","5.88061","6.338","2.4553","3923","4449","thing","The Witcher Adventure Game","2","4","120","120","120","2014","2,3,4","4","12+","Extensive use of text - massive conversion needed to be playable","","","","","","standalone","","CD Projekt RED; Fantasy Flight Games","English","2014","English edition"
"The Witcher: A végzet útja","401325","0","0","0","1","0","0","0","0","0","0","0","3","","62-1","","","","137586689","5.92633","7.32943","2.0943","3591","3315","thing","The Witcher: Path of Destiny","1","5","90","90","45","2025","1,2,3,4,5","3,4","12+","Some necessary text - easily memorized or small crib sheet","","","","","","standalone","","Reflexshop","Hungarian","2025","Hungarian edition"
"Witchstone","318560","0","0","0","1","0","0","0","0","0","0","0","3","","78-3","","","","109709897","6.73845","7.49825","2.7576","832","7050","thing","Witchstone","2","4","90","90","60","2023","2,3,4","3","12+","No necessary in-game text","","","","","","standalone","","HUCH!; Reflexshop","Hungarian","2023","Hungarian edition"
"Wizard","1465","0","0","0","1","0","0","0","0","0","0","0","3","","04-2","","","","60615934","6.72086","6.99247","1.7035","860","24172","thing","Wizard","3","6","45","45","45","2011","3,4,5,6","4,5","10+","No necessary in-game text","","","","","","standalone","","Piatnik","Hungarian","2011","Piatnik Hungarian third edition"
"Wombattle","256627","0","0","0","1","0","0","0","0","0","0","0","3","","09-2
*","","","","60615901","0","6.53333","0","0","40","thing","Wombattle","3","10","60","60","30","2018","","","","","","","","","","standalone","","A-games (Board Game); Delta Vision Publishing","English; French; German; Hungarian","2018","English/French/German/Hungarian edition"
"World of Draghan: O Dodo!","368243","0","0","0","1","0","0","0","0","0","0","0","3","","28-3","","","","114768014","0","7.02778","2","0","87","thing","World of Draghan: O Dodo!","1","5","40","40","30","2022","1,2,3,4,5","3,4","8+","","","","","","","standalone","","Jumping Turtle Games","English","2022","English edition"
"World of Draghan: Once Upon a Dragon","284585","0","0","0","1","0","0","0","0","0","0","0","3","","28-3","","","","114768001","5.51693","6.50636","1","19770","78","thing","World of Draghan: Once Upon a Dragon","1","4","40","40","20","2019","","","","","","","","","","standalone","","Jumping Turtle Games","Dutch; English; French; German","2019","Dutch/English/French/German edition"
"World of Draghan: Sneaky Ol' Dragons","285208","0","0","0","1","0","0","0","0","0","0","0","3","","28-3","","","","125400715","5.56914","7.61099","2","11130","210","thing","World of Draghan: Sneaky Ol' Dragons","2","6","40","40","20","2019","2,3,4,5,6","3,4,5","8+","","","","","","","standalone","","Jumping Turtle Games","English","2019","English edition"
"WTF?","265832","0","0","0","1","0","0","0","0","0","0","0","3","","08-4","","","","56697119","5.46267","4.54304","1.1667","28779","344","thing","WTF?","3","0","0","0","0","2018","","","16+","","","","","","","standalone","","Reflexshop","Hungarian","2018","Hungarian edition"
"Würfelhelden","362860","0","0","0","1","0","0","0","0","0","0","0","3","","17-4","","","","128675634","5.69696","6.47837","1.0556","6212","1312","thing","Dice Hunters of Therion","2","4","30","30","30","2022","2,3,4","3,4","6+","No necessary in-game text","","","","","","standalone","","AMIGO","German","2022","German edition"
"Wurst Case Scenario","248909","0","0","0","1","0","0","0","0","0","0","0","3","","12-2","","","","112529631","5.55169","6.27921","1.25","12748","324","thing","Wurst Case Scenario","2","6","15","15","10","2018","3,4,5,6","4","8+","No necessary in-game text","","","","","","standalone","","Jumping Turtle Games","English; German","2018","English/German edition"
"Az X bolygó nyomában","279537","0","0","0","1","0","0","0","0","0","0","0","3","","69-3","","","","104980361","7.55643","7.90866","2.4332","110","25803","thing","The Search for Planet X","1","4","75","75","60","2022","1,2,3,4","2,3","12+","Extensive use of text - massive conversion needed to be playable","","","","","","standalone","","Gém Klub Kft.","Hungarian","2022","Hungarian edition"
"Yukon","257596","0","0","0","1","0","0","0","0","0","0","0","3","","26-2","","","","60698218","0","5.57407","1","0","56","thing","Yukon","2","4","30","30","15","2018","2,3,4","3","","","","","","","","standalone","","A-games (Board Game); Delta Vision Publishing","English; German; Hungarian","2018","English/German/Hungarian edition"
"Yunka","404261","0","0","0","1","0","0","0","0","0","0","0","3","","25-3","","","","121597000","0","7.3","0","0","12","thing","Yunka","2","4","30","30","30","2023","","","","","","","","","","standalone","","Pagony játék","Hungarian","2023","Hungarian edition"
"Zangle!","267006","0","0","0","1","0","0","0","0","0","0","0","3","","07-5","","","","71953576","5.49661","5.34722","1","25667","212","thing","Zangle!","1","6","45","45","45","2019","","","","","","","","","","standalone","","","","",""
"Zauberwald","11800","0","0","0","1","0","0","0","0","0","0","0","3","","21-1","","","","53665442","5.49555","5.36985","1.125","25896","215","thing","Fantasyland","2","4","30","30","30","2000","","","4+","No necessary in-game text","","","","","","standalone","","Ravensburger","German","2000","German first edition"
"Zero Hero","374458","0","0","0","1","0","0","0","0","0","0","0","3","","05-3","","","","107675023","5.52886","6.33741","1.6667","16528","154","thing","Zero Hero","2","4","25","25","15","2023","3,4","4","","","","","","","","standalone","","Piatnik","Czech; French; German; Hungarian; Slovak","2023","Multilingual edition"
"Zöldellő Mezők","314491","0","0","0","1","0","0","0","0","0","0","0","3","","71-4","","","","87476150","7.3344","7.70871","2.2525","213","24510","thing","Meadow","1","4","90","90","60","2021","1,2,3,4","2","10+","No necessary in-game text","","","","","","standalone","","Gém Klub Kft.; Rebel Studio","Hungarian","2021","Hungarian edition"
"Zombicide","113924","0","0","0","1","0","0","0","0","0","0","0","3","","79-3","","","","53665705","6.80212","7.08877","2.5358","737","28224","thing","Zombicide","1","6","60","60","60","2013","1,2,3,4,5,6","3,6","10+","Some necessary text - easily memorized or small crib sheet","","","","","","standalone","","asmodee; CMON Global Limited","German","2013","German first edition"
"Zombicide Season 2: Prison Outbreak","137988","0","0","0","1","0","0","0","0","0","0","0","3","","79-3","","","","53766151","6.65014","7.3382","2.6735","988","12212","thing","Zombicide Season 2: Prison Outbreak","1","6","60","60","60","2014","1,2,3,4,5,6","2,3,6","12+","Some necessary text - easily memorized or small crib sheet","","","","","","standalone","","asmodee; Cool Mini Or Not","German","2014","German edition"
"Zombie Teenz Evolúció","310448","0","0","0","1","0","0","0","0","0","0","0","3","","26-4","","","","95420548","6.52267","7.61666","1.42","1238","6158","thing","Zombie Teenz Evolution","2","4","20","20","20","2021","2,3,4","3,4","6+","Some necessary text - easily memorized or small crib sheet","","","","","","standalone","","Reflexshop; Scorpion Masqué","Hungarian","2021","Hungarian edition"
"Zombie Würfel","62871","0","0","0","1","0","0","0","0","0","0","0","3","","16-2","","","","53665455","6.07865","6.22943","1.0929","2712","37468","thing","Zombie Dice","2","99","20","20","10","2011","2,3,4,5,6,7,8","4,5","6+","No necessary in-game text","","","","","","standalone","","Pegasus Spiele","German","2011","German first edition"
"Zoo memória","363011","0","0","0","1","0","0","0","0","0","0","0","3","","21-4","","","","113313399","0","5.5","0","0","8","thing","Zoo memória","1","8","30","30","10","2021","","","","","","","","","","standalone","","Keller & Mayer","Hungarian","2021","Hungarian edition"
"Zookini","407571","0","0","0","1","0","0","0","0","0","0","0","3","","24-4","","","","119273302","0","5.2","0","0","58","thing","Zookini: Zuper Match","2","6","20","20","10","2024","","","","","","","","","","standalone","","Piatnik","Czech; French; German; Hungarian; Slovak","2024","Multilingual edition"
"Zooloretto","27588","0","0","0","1","0","0","0","0","0","0","0","3","","58-3","","","","53665469","6.59332","6.78826","1.8584","1091","20128","thing","Zooloretto","2","5","45","45","45","2007","2,3,4,5","4","6+","No necessary in-game text","","","","","","standalone","","ABACUSSPIELE","Hungarian","2007","ABACUSSPIELE Hungarian edition"
"Zooloretto Mini","66120","0","0","0","1","0","0","0","0","0","0","0","3","","32-2","","","","53665497","5.737","6.67307","1.4688","5520","1076","thing","Zooloretto Junior","2","5","30","30","30","2010","2,3,4,5","4","5+","No necessary in-game text","","","","","","standalone","","ABACUSSPIELE","Dutch; English; French; German; Italian","2010","Multilingual first edition"
"Zooloretto Würfelspiel","117942","0","0","0","1","0","0","0","0","0","0","0","3","","17-2","","","","60987754","5.88777","6.34025","1.2443","3873","2604","thing","Zooloretto: The Dice Game","2","4","15","15","15","2012","2,3,4","3","6+","No necessary in-game text","","","","","","standalone","","ABACUSSPIELE","German","2012","German edition"
"Zooloretto: Goodie-Box","130818","0","0","0","1","0","0","0","0","0","0","0","3","","32-2
58-3","","","","53665495","5.53729","6.98611","2.1667","0","531","thing","Zooloretto: Goodie-Box","2","5","0","0","0","2012","2,3,4,5","4","6+","No necessary in-game text","","","","","","expansion","","ABACUSSPIELE","German","2012","German edition"
"Zsémbes öregek","423169","0","0","0","1","0","0","0","0","0","0","0","3","","10-5","","","","135697343","0","3.89091","1","0","51","thing","Grumpy Old Men","3","8","30","30","20","2025","6,7,8","5,6","6+","","","","","","","standalone","","Gém Klub Kft.","Hungarian","2025","Hungarian edition"
"Zug um Zug: Weltreise","202670","0","0","0","1","0","0","0","0","0","0","0","3","","33-4","","","","53620990","6.7644","7.43232","2.4712","790","12818","thing","Ticket to Ride: Rails & Sails","2","5","120","120","60","2016","2,3,4,5","4","10+","No necessary in-game text","","","","","","standalone","","Days of Wonder","German","2016","German edition 2016"
"Die Zünfte von London","134157","0","0","0","1","0","0","0","0","0","0","0","3","","78-2","","","","83377365","6.13025","6.7472","3.0714","2475","4642","thing","Guilds of London","1","4","90","90","45","2016","2,3,4","4","12+","No necessary in-game text","","","","","","standalone","","Frosted Games","German","2016","German edition"
