objectname,objectid,rating,numplays,weight,own,fortrade,want,wanttobuy,wanttoplay,prevowned,preordered,wishlist,wishlistpriority,wishlistcomment,comment,conditiontext,haspartslist,wantpartslist,collid,baverage,average,avgweight,rank,numowned,objecttype,originalname,minplayers,maxplayers,playingtime,maxplaytime,minplaytime,yearpublished,bggrecplayers,bggbestplayers,bggrecagerange,bgglanguagedependence,publisherid,imageid,year,language,other,itemtype,barcode,version_publishers,version_languages,version_yearpublished,version_nickname
"1%: A Game of Strategic Chance","378040","0","0","0","1","0","0","0","0","0","0","0","3","","","","","","129971155","5.58724","6.7552","1.6","9880","386","thing","1%: A Game of Strategic Chance","2","6","30","30","10","2022","3,4,5,6","6","","","","","","","","standalone","","","","",""
"20 Second Showdown","276431","0","0","0","1","0","0","0","0","0","0","0","3","","","","","","102674531","5.57802","6.48411","1","10466","788","thing","20 Second Showdown","5","20","0","0","0","2019","5,7,8,9,10,11,12,13","6,7","8+","","","","","","","standalone","","","","",""
"5 Towers","400205","0","0","0","1","0","0","0","0","0","0","0","3","","","","","","129970658","6.14237","6.73149","1.25","2414","5392","thing","5 Towers","2","5","30","30","15","2023","2,3,4,5","4","8+","No necessary in-game text","","","","","","standalone","","","","",""
"7 Wonders","68448","0","0","0","1","0","0","0","0","0","0","0","3","","","","","","24836041","7.55401","7.66629","2.315","111","152238","thing","7 Wonders","2","7","30","30","30","2010","3,4,5,6,7","4,5","10+","No necessary in-game text","","","","","","standalone","","","","",""
"7 Wonders Duel","173346","0","0","0","1","0","0","0","0","0","0","0","3","","","","","","36780389","7.95758","8.08185","2.2274","21","177485","thing","7 Wonders Duel","2","2","30","30","30","2015","2","2","10+","No necessary in-game text","","","","","","standalone","","","","",""
"7 Wonders: Architects","346703","0","0","0","1","0","0","0","0","0","0","0","3","","","","","","91708775","6.75874","7.0331","1.3678","799","18556","thing","7 Wonders: Architects","2","7","25","25","25","2021","2,3,4,5,6,7","4","6+","No necessary in-game text","","","","","","standalone","","","","",""
"Abandon All Artichokes","302260","0","0","0","1","0","0","0","0","0","0","0","3","","","","","","90590952","6.26833","6.58277","1.2568","1929","10202","thing","Abandon All Artichokes","2","4","20","20","20","2020","2,3,4","4","8+","Moderate in-game text - needs crib sheet or paste ups","","","","","","standalone","","","","",""
"Abszolút elfelejtett szavak","350267","0","0","0","1","0","0","0","0","0","0","0","3","","","","","","90592715","0","6.54","0","0","41","thing","Abszolút elfelejtett szavak","3","8","20","0","20","2021","","","","Unplayable in another language","","","","","","standalone","","","","",""
"Abszolút megvadult betűk","328484","0","0","0","1","0","0","0","0","0","0","0","3","","","","","","90594269","5.52087","7.41429","2.5","18615","60","thing","Abszolút megvadult betűk","1","6","60","60","45","2020","1,2,3,4,5","3,4","8","Unplayable in another language","","","","","","standalone","","","","",""
"Agricola (Revised Edition)","200680","0","0","0","1","0","0","0","0","0","0","0","3","","","","","","90594146","7.64876","7.95651","3.4457","84","28224","thing","Agricola (Revised Edition)","1","4","120","120","30","2016","1,2,3,4","3,4","12+","Extensive use of text - massive conversion needed to be playable","","","","","","standalone","","","","",""
"Àiyé","322626","0","0","0","1","0","0","0","0","0","0","0","3","","","","","","129970914","5.61968","7.07903","2.375","8286","327","thing","Àiyé","2","4","60","60","30","2023","2,3,4","2,3","10+","No necessary in-game text","","","","","","standalone","","","","",""
"Akropolis","357563","0","0","0","1","0","0","0","0","0","0","0","3","","","","","","102674020","7.03655","7.45167","1.8053","451","13663","thing","Akropolis","1","4","30","30","20","2022","2,3,4","3","8+","No necessary in-game text","","","","","","standalone","","","","",""
"Andromeda's Edge","358661","0","0","0","1","0","0","0","0","0","0","0","3","","","","","","131116898","7.34279","8.29496","3.7127","211","9140","thing","Andromeda's Edge","2","4","160","160","80","2024","1,2,3,4","3","14+","Moderate in-game text - needs crib sheet or paste ups","","","","","","standalone","","","","",""
"Arcana Rising","309408","0","0","0","1","0","0","0","0","0","0","0","3","","","","","","95147681","5.88742","6.82098","2.125","3875","2098","thing","Arcana Rising","1","6","60","60","20","2022","1,2,3,4,5,6","4","10+","Some necessary text - easily memorized or small crib sheet","","","","","","standalone","","","","",""
"Architects of the West Kingdom","236457","0","0","0","1","0","0","0","0","0","0","0","3","","","","","","67904121","7.51787","7.71247","2.7577","124","43591","thing","Architects of the West Kingdom","1","5","80","80","60","2018","1,2,3,4,5","4","10+","Some necessary text - easily memorized or small crib sheet","","","","","","standalone","","","","",""
"Ark Nova","342942","0","0","0","1","0","0","0","0","0","0","0","3","","","","","","97507519","8.35139","8.53938","3.7901","3","82413","thing","Ark Nova","1","4","150","150","90","2021","1,2,3","2","12+","Extensive use of text - massive conversion needed to be playable","","","","","","standalone","","","","",""
"Art Society","395375","0","0","0","1","0","0","0","0","0","0","0","3","","","","","","116544804","6.58804","7.4917","1.8625","1104","5991","thing","Art Society","2","4","60","60","30","2023","2,3,4","4","10+","No necessary in-game text","","","","","","standalone","","","","",""
"Azul","230802","0","0","0","1","0","0","0","0","0","0","0","3","","","","","","57386247","7.61168","7.7214","1.7739","92","173274","thing","Azul","2","4","45","45","30","2017","2,3,4","2","8+","No necessary in-game text","","","","","","standalone","","","","",""
"Azul Duel","431038","0","0","0","1","0","0","0","0","0","0","0","3","","","","","","133027286","6.21123","7.00094","2.3607","2145","5262","thing","Azul Duel","2","2","45","45","30","2025","2","2","10+","No necessary in-game text","","","","","","standalone","","","","",""
"Azul: Queen's Garden","346965","0","0","0","1","0","0","0","0","0","0","0","3","","","","","","95147567","6.85499","7.44465","2.922","671","13074","thing","Azul: Queen's Garden","2","4","60","60","45","2021","2,3,4","2","12+","No necessary in-game text","","","","","","standalone","","","","",""
"Azul: Stained Glass of Sintra","256226","0","0","0","1","0","0","0","0","0","0","0","3","","","","","","67904399","6.99783","7.28773","2.01","488","24470","thing","Azul: Stained Glass of Sintra","2","4","45","45","30","2018","2,3,4","3","8+","No necessary in-game text","","","","","","standalone","","","","",""
"Azul: Summer Pavilion","287954","0","0","0","1","0","0","0","0","0","0","0","3","","","","","","73080298","7.30418","7.57574","2.0728","230","31609","thing","Azul: Summer Pavilion","2","4","45","45","30","2019","2,3,4","2,3","8+","No necessary in-game text","","","","","","standalone","","","","",""
"Bable","404846","0","0","0","1","0","0","0","0","0","0","0","3","","","","","","129970991","5.61534","7.03904","2.1429","8460","401","thing","Bable","2","5","45","45","20","2024","2,3,4,5","3,4","10","","","","","","","standalone","","","","",""
"BANG!","3955","0","0","0","1","0","0","0","0","0","0","0","3","","","","","","116541314","6.32069","6.48707","1.6332","1767","45271","thing","BANG!","4","7","40","40","20","2002","5,6,7","7","10+","Some necessary text - easily memorized or small crib sheet","","","","","","standalone","","","","",""
"BANG! The Dice Game","143741","0","0","0","1","0","0","0","0","0","0","0","3","","","","","","28428511","6.72524","6.88147","1.2799","850","42113","thing","BANG! The Dice Game","3","8","15","15","15","2013","5,6,7,8","6,7","8+","Some necessary text - easily memorized or small crib sheet","","","","","","standalone","","","","",""
"Bärenpark","219513","0","0","0","1","0","0","0","0","0","0","0","3","","","","","","90593972","7.07462","7.27865","1.6611","411","27585","thing","Bärenpark","2","4","45","45","30","2017","2,3,4","4","6+","No necessary in-game text","","","","","","standalone","","","","",""
"Battle Sheep","54137","0","0","0","1","0","0","0","0","0","0","0","3","","","","","","26091907","6.25325","6.60205","1.4574","1973","7042","thing","Battle Sheep","2","4","15","15","15","2010","2,3,4","4","6+","No necessary in-game text","","","","","","standalone","","","","",""
"Beer & Bread","369880","0","0","0","1","0","0","0","0","0","0","0","3","","","","","","112051671","6.81377","7.33342","2.3523","720","13166","thing","Beer & Bread","2","2","45","45","30","2022","2","2","10+","Moderate in-game text - needs crib sheet or paste ups","","","","","","standalone","","","","",""
"Between Two Castles of Mad King Ludwig","258036","0","0","0","1","0","0","0","0","0","0","0","3","","","","","","125442827","6.79019","7.22492","2.1883","752","11501","thing","Between Two Castles of Mad King Ludwig","2","7","60","60","45","2018","3,4,5,6,7","6","10+","No necessary in-game text","","","","","","standalone","","","","",""
"Between Two Cities","168435","0","0","0","1","0","0","0","0","0","0","0","3","","","","","","37920046","6.71295","6.97033","1.8158","866","14418","thing","Between Two Cities","1","7","25","25","25","2015","3,4,5,6,7","5,6","8+","No necessary in-game text","","","","","","standalone","","","","",""
"Bison: Thunder on the Prairie","21287","0","0","0","1","0","0","0","0","0","0","0","3","","","","","","38822406","5.78035","6.27742","2.7301","4924","2251","thing","Bison: Thunder on the Prairie","2","4","90","90","90","2006","2,3,4","3","12+","No necessary in-game text","","","","","","standalone","","","","",""
"Biss 20","318195","0","0","0","1","0","0","0","0","0","0","0","3","","","","","","95147640","5.80211","6.89959","1.1875","4658","1538","thing","Biss 20","2","8","20","20","20","2020","2,3,4,5,6","4,5","6+","No necessary in-game text","","","","","","standalone","","","","",""
"Block Out!","187000","0","0","0","1","0","0","0","0","0","0","0","3","","","","","","47340010","5.51699","6.09881","1","19737","165","thing","Block Out!","2","6","20","0","20","2015","2,3,4,5,6","4","","No necessary in-game text","","","","","","standalone","","","","",""
"Bongo!","869","0","0","0","1","0","0","0","0","0","0","0","1","","","","","","32156280","5.61006","6.06839","1.413","8714","805","thing","Bongo!","2","8","15","15","15","2000","2,3,4,5,6,7,8","3,4,5,6","6+","No necessary in-game text","","","","","","standalone","","","","",""
"boop.","355433","0","0","0","1","0","0","0","0","0","0","0","3","","","","","","116544612","6.48387","7.05136","1.3736","1328","7759","thing","boop.","2","2","30","30","20","2022","2","2","8+","No necessary in-game text","","","","","","standalone","","","","",""
"Brass: Birmingham","224517","0","0","0","1","0","0","0","0","0","0","0","3","","","","","","90594132","8.39925","8.57178","3.8668","1","78677","thing","Brass: Birmingham","2","4","120","120","60","2018","2,3,4","3,4","14+","No necessary in-game text","","","","","","standalone","","","","",""
"Break the Code","227466","0","0","0","1","0","0","0","0","0","0","0","3","","","","","","90590582","6.20673","7.05961","1.7234","2160","3305","thing","Break the Code","2","4","15","15","15","2017","2,3,4","2","12+","Moderate in-game text - needs crib sheet or paste ups","","","","","","standalone","","","","",""
"Brian Boru: High King of Ireland","337765","0","0","0","1","0","0","0","0","0","0","0","3","","","","","","112055241","6.82019","7.47747","2.5524","714","6442","thing","Brian Boru: High King of Ireland","3","5","90","90","60","2021","3,4,5","4","12+","No necessary in-game text","","","","","","standalone","","","","",""
"Ca$h 'n Guns: Second Edition","155362","0","0","0","1","0","0","0","0","0","0","0","3","","","","","","30497443","6.61961","6.81067","1.2487","1038","23443","thing","Ca$h 'n Guns: Second Edition","4","8","30","30","30","2014","4,5,6,7,8","6,7,8","8+","Some necessary text - easily memorized or small crib sheet","","","","","","standalone","","","","",""
"Cairn","275916","0","0","0","1","0","0","0","0","0","0","0","3","","","","","","129771168","6.02688","7.07514","1.9667","2960","2193","thing","Cairn","2","2","25","25","25","2019","2","2","10+","No necessary in-game text","","","","","","standalone","","","","",""
"Canvas","290236","0","0","0","1","0","0","0","0","0","0","0","3","","","","","","91708782","6.92834","7.20676","1.7249","575","30329","thing","Canvas","1","5","30","30","30","2021","1,2,3,4,5","3,4","8+","Some necessary text - easily memorized or small crib sheet","","","","","","standalone","","","","",""
"Caper: Europe","328565","0","0","0","1","0","0","0","0","0","0","0","3","","","","","","116542545","6.98772","7.63928","2.0968","502","10626","thing","Caper: Europe","2","2","35","35","25","2022","2","2","10+","Some necessary text - easily memorized or small crib sheet","","","","","","standalone","","","","",""
"Captain Sonar","171131","0","0","0","1","0","0","0","0","0","0","0","3","","","","","","116542980","7.29157","7.50465","2.1952","238","33011","thing","Captain Sonar","2","8","60","60","45","2016","6,7,8","8","12+","No necessary in-game text","","","","","","standalone","","","","",""
"Carcassonne","822","0","0","0","1","0","0","0","0","0","0","0","3","","","","","","90591255","7.29571","7.41332","1.8863","236","215775","thing","Carcassonne","2","5","45","45","30","2000","2,3,4,5","2","8+","No necessary in-game text","","","","","","standalone","","","","",""
"Cardline: Animals","130882","0","0","0","1","0","0","0","0","0","0","0","3","","","","","","30934663","6.00719","6.54592","1.1235","3064","4150","thing","Cardline: Animals","2","8","15","15","15","2012","2,3,4,5,6,7","4","6+","No necessary in-game text","","","","","","standalone","","","","",""
"Cardline: Dinosaurs","163277","0","0","0","1","0","0","0","0","0","0","0","3","","","","","","128455847","5.5947","5.97075","1.1","9433","1344","thing","Cardline: Dinosaurs","2","8","15","15","15","2014","2,3,4,5,6","2","6+","No necessary in-game text","","","","","","standalone","","","","",""
"Cartographers","263918","0","0","0","1","0","0","0","0","0","0","0","3","","","","","","90590857","7.39736","7.56304","1.8863","175","59806","thing","Cartographers","1","100","45","45","30","2019","1,2,3,4,5,6,7,8","3,4","8+","Some necessary text - easily memorized or small crib sheet","","","","","","standalone","","","","",""
"Cartographers: Map Pack 1 – Nebblis: Plane of Flame","319272","0","0","0","1","0","0","0","0","0","0","0","3","","","","","","90590880","6.01162","7.97738","1.8333","0","4763","thing","Cartographers: Map Pack 1 – Nebblis: Plane of Flame","1","75","45","45","30","2021","1","1","","","","","","","","expansion","","","","",""
"Cartographers: Map Pack 2 – Affril: Plane of Knowledge","319273","0","0","0","1","0","0","0","0","0","0","0","3","","","","","","90590898","5.95253","7.83239","2","0","4653","thing","Cartographers: Map Pack 2 – Affril: Plane of Knowledge","1","75","45","45","30","2021","","","","","","","","","","expansion","","","","",""
"Cartographers: Map Pack 3 – Undercity: Depths of Sabek","319274","0","0","0","1","0","0","0","0","0","0","0","3","","","","","","90590919","5.92723","7.82366","2","0","4502","thing","Cartographers: Map Pack 3 – Undercity: Depths of Sabek","1","75","45","45","30","2021","1,2,3","2","","","","","","","","expansion","","","","",""
"Cascadia","295947","0","0","0","1","0","0","0","0","0","0","0","3","","","","","","91708767","7.74358","7.9028","1.8477","56","85331","thing","Cascadia","1","4","45","45","30","2021","1,2,3,4","2,3","8+","Some necessary text - easily memorized or small crib sheet","","","","","","standalone","","","","",""
"The Castles of Burgundy","271320","0","0","0","1","0","0","0","0","0","0","0","3","","","","","","116544366","7.98907","8.44839","2.9217","0","28243","thing","The Castles of Burgundy","1","4","120","120","70","2019","1,2,3,4","2","12+","No necessary in-game text","","","","","","standalone","","","","",""
"Castles of Mad King Ludwig","155426","0","0","0","1","0","0","0","0","0","0","0","3","","","","","","90591759","7.31441","7.50406","2.6472","224","35257","thing","Castles of Mad King Ludwig","1","4","90","90","90","2014","2,3,4","4","10+","Some necessary text - easily memorized or small crib sheet","","","","","","standalone","","","","",""
"Cat in the Box: Deluxe Edition","345972","0","0","0","1","0","0","0","0","0","0","0","3","","","","","","116544492","7.1217","7.45778","2.0407","364","23037","thing","Cat in the Box: Deluxe Edition","2","5","40","40","20","2022","3,4,5","4","10+","No necessary in-game text","","","","","","standalone","","","","",""
"Cat Lady","228504","0","0","0","1","0","0","0","0","0","0","0","3","","","","","","73080317","6.56412","6.98619","1.3728","1147","12204","thing","Cat Lady","2","4","30","30","15","2017","2,3,4","2","8+","Some necessary text - easily memorized or small crib sheet","","","","","","standalone","","","","",""
"CATAN","13","0","0","0","1","0","0","0","0","0","0","0","3","","","","","","24835867","6.90588","7.09083","2.2855","603","230665","thing","CATAN","3","4","120","120","60","1995","3,4","4","8+","Some necessary text - easily memorized or small crib sheet","","","","","","standalone","","","","",""
"Catch the Moon","218129","0","0","0","1","0","0","0","0","0","0","0","3","","","","","","57385526","6.06338","6.75913","1","2778","3445","thing","Catch the Moon","1","6","20","20","20","2017","1,2,3,4,5","3,4","5+","No necessary in-game text","","","","","","standalone","","","","",""
"Caverna: Cave vs Cave – The Big Box","330021","0","0","0","1","0","0","0","0","0","0","0","3","","","","","","125375358","5.7555","7.3644","2.6429","0","1510","thing","Caverna: Cave vs Cave – The Big Box","1","2","40","40","20","2022","1,2","2","12+","Some necessary text - easily memorized or small crib sheet","","","","","","standalone","","","","",""
"Century: A New World","270970","0","0","0","1","0","0","0","0","0","0","0","3","","","","","","90591228","6.73215","7.28502","2.1226","836","12143","thing","Century: A New World","2","4","45","45","30","2019","2,3,4","3","8+","No necessary in-game text","","","","","","standalone","","","","",""
"Century: Eastern Wonders","242574","0","0","0","1","0","0","0","0","0","0","0","3","","","","","","71195000","6.71327","7.10397","2.1027","865","15540","thing","Century: Eastern Wonders","2","4","45","45","30","2018","2,3,4","4","8+","No necessary in-game text","","","","","","standalone","","","","",""
"Century: Spice Road","209685","0","0","0","1","0","0","0","0","0","0","0","3","","","","","","57385708","7.11065","7.29612","1.8018","373","34650","thing","Century: Spice Road","2","5","45","45","30","2017","2,3,4,5","3,4","8+","No necessary in-game text","","","","","","standalone","","","","",""
"Challengers!","359970","0","0","0","1","0","0","0","0","0","0","0","3","","","","","","116542590","6.66432","7.07125","1.8053","954","10634","thing","Challengers!","1","8","45","45","45","2022","2,4,6,8","4,6,8","8+","Moderate in-game text - needs crib sheet or paste ups","","","","","","standalone","","","","",""
"Challengers! Beach Cup","390340","0","0","0","1","0","0","0","0","0","0","0","3","","","","","","116542594","6.33608","7.74499","2.1429","1720","3627","thing","Challengers! Beach Cup","1","8","45","45","45","2023","2,4,5,6,7,8","4,6,8","8+","Moderate in-game text - needs crib sheet or paste ups","","","","","","standalone","","","","",""
"The Chameleon","227072","0","0","0","1","0","0","0","0","0","0","0","3","","","","","","90844565","6.16892","6.51896","1.0562","2306","14162","thing","The Chameleon","3","8","15","15","15","2017","4,5,6,7,8","6,7","10+","Extensive use of text - massive conversion needed to be playable","","","","","","standalone","","","","",""
"The Champion of the Wild","186904","0","0","0","1","0","0","0","0","0","0","0","3","","","","","","67904175","5.70894","6.76378","1.2143","5967","890","thing","The Champion of the Wild","3","8","35","35","20","2018","3,4,5,6,7","4","","Some necessary text - easily memorized or small crib sheet","","","","","","standalone","","","","",""
"Cheating Moth","105593","0","0","0","1","0","0","0","0","0","0","0","3","","","","","","57386301","6.09483","6.40574","1.142","2629","15094","thing","Cheating Moth","3","5","30","30","30","2011","3,4,5","5","6+","No necessary in-game text","","","","","","standalone","","","","",""
"Chinatown","47","0","0","0","1","0","0","0","0","0","0","0","3","","","","","","47340058","7.11099","7.44275","2.2336","372","15003","thing","Chinatown","3","5","60","60","60","1999","4,5","5","10+","No necessary in-game text","","","","","","standalone","","","","",""
"Circle the Wagons","213266","0","0","0","1","0","0","0","0","0","0","0","3","","","","","","90595294","6.46725","7.02782","1.5876","1368","9425","thing","Circle the Wagons","2","2","15","15","15","2017","1,2","2","8+","Some necessary text - easily memorized or small crib sheet","","","","","","standalone","","","","",""
"Cities","402676","0","0","0","1","0","0","0","0","0","0","0","3","","","","","","133027384","6.61621","7.34737","1.9286","1045","7636","thing","Cities","2","4","45","45","45","2024","2,3,4","4","8+","Some necessary text - easily memorized or small crib sheet","","","","","","standalone","","","","",""
"Clank!: A Deck-Building Adventure","201808","0","0","0","1","0","0","0","0","0","0","0","3","","","","","","57386281","7.60142","7.76547","2.2312","95","60571","thing","Clank!: A Deck-Building Adventure","2","4","60","60","30","2016","2,3,4","3","8+","Moderate in-game text - needs crib sheet or paste ups","","","","","","standalone","","","","",""
"Clever 4Ever","366162","0","0","0","1","0","0","0","0","0","0","0","3","","","","","","112052014","6.48832","7.63687","2.3659","1320","5465","thing","Clever 4Ever","1","4","30","30","30","2022","1,2,3,4","2","10+","No necessary in-game text","","","","","","standalone","","","","",""
"Cockroach Poker","11971","0","0","0","1","0","0","0","0","0","0","0","3","","","","","","24835913","6.60261","6.8039","1.0986","1066","27741","thing","Cockroach Poker","2","6","20","20","20","2004","3,4,5,6","5","6+","No necessary in-game text","","","","","","standalone","","","","",""
"Codenames","178900","0","0","0","1","0","0","0","0","0","0","0","3","","","","","","31793635","7.4339","7.52948","1.2573","159","173031","thing","Codenames","2","8","15","15","15","2015","4,5,6,7,8","6,8","10+","Unplayable in another language","","","","","","standalone","","","","",""
"Codenames: Duet","224037","0","0","0","1","0","0","0","0","0","0","0","3","","","","","","57385535","7.2403","7.41481","1.3581","269","53732","thing","Codenames: Duet","2","2","30","30","15","2017","2","2","12+","Unplayable in another language","","","","","","standalone","","","","",""
"Codenames: Pictures","198773","0","0","0","1","0","0","0","0","0","0","0","3","","","","","","38294186","7.002","7.1799","1.2398","483","43902","thing","Codenames: Pictures","2","8","15","15","15","2016","4,5,6,7,8","6","8+","No necessary in-game text","","","","","","standalone","","","","",""
"Coloretto","5782","0","0","0","1","0","0","0","0","0","0","0","1","","","","","","33461902","6.82246","6.98099","1.2709","712","30805","thing","Coloretto","2","5","30","30","30","2003","2,3,4,5","4","6+","No necessary in-game text","","","","","","standalone","","","","",""
"Comet","381078","0","0","0","1","0","0","0","0","0","0","0","3","","","","","","129771151","5.91752","7.17627","2.1304","3651","1388","thing","Comet","2","4","75","75","45","2023","2,3,4","3,4","10+","Moderate in-game text - needs crib sheet or paste ups","","","","","","standalone","","","","",""
"Compile: Main 1","406652","0","0","0","1","0","0","0","0","0","0","0","3","","","","","","133027172","6.71235","7.88815","2.3333","867","7492","thing","Compile: Main 1","2","2","30","30","20","2024","2","2","10+","Moderate in-game text - needs crib sheet or paste ups","","","","","","standalone","","","","",""
"Concept","147151","0","0","0","1","0","0","0","0","0","0","0","3","","","","","","24835969","6.58677","6.74559","1.3768","1109","36367","thing","Concept","4","12","40","40","40","2013","3,4,5,6,7,8,9,10,11,12","6","10+","Extensive use of text - massive conversion needed to be playable","","","","","","standalone","","","","",""
"Concilium Urbis","416817","0","0","0","1","0","0","0","0","0","0","0","3","","","","","","129971114","5.57523","7.06435","2.4286","10651","211","thing","Concilium Urbis","1","6","60","60","40","2024","3,4,5,6","4","10+","No necessary in-game text","","","","","","standalone","","","","",""
"Concordia","124361","0","0","0","1","0","0","0","0","0","0","0","3","","","","","","73080349","7.93013","8.08224","2.9867","26","50176","thing","Concordia","2","5","100","100","100","2013","2,3,4,5","4","12+","Moderate in-game text - needs crib sheet or paste ups","","","","","","standalone","","","","",""
"Copenhagen","269595","0","0","0","1","0","0","0","0","0","0","0","3","","","","","","90591268","6.42541","6.93346","1.6854","1481","5410","thing","Copenhagen","2","4","40","40","20","2019","2,3,4","4","6+","No necessary in-game text","","","","","","standalone","","","","",""
"Corinth","269725","0","0","0","1","0","0","0","0","0","0","0","3","","","","","","90590535","6.22624","6.7464","1.6833","2089","6225","thing","Corinth","2","4","30","30","20","2019","2,3,4","3","8+","No necessary in-game text","","","","","","standalone","","","","",""
"Cosmic Factory","253379","0","0","0","1","0","0","0","0","0","0","0","3","","","","","","90591721","5.74264","6.77814","1.8889","5404","1186","thing","Cosmic Factory","2","6","30","30","20","2018","2,3,4,5,6","4","10+","Some necessary text - easily memorized or small crib sheet","","","","","","standalone","","","","",""
"Coup","131357","0","0","0","1","0","0","0","0","0","0","0","3","","","","","","47340069","6.83364","6.97618","1.4115","701","90104","thing","Coup","2","6","15","15","15","2012","3,4,5,6","5","10+","Some necessary text - easily memorized or small crib sheet","","","","","","standalone","","","","",""
"The Crew: Mission Deep Sea","324856","0","0","0","1","0","0","0","0","0","0","0","3","","","","","","128455658","7.81121","8.06435","2.0492","44","47296","thing","The Crew: Mission Deep Sea","2","5","20","20","20","2021","3,4,5","4","10+","Moderate in-game text - needs crib sheet or paste ups","","","","","","standalone","","","","",""
"The Crew: The Quest for Planet Nine","284083","0","0","0","1","0","0","0","0","0","0","0","3","","","","","","90590606","7.6268","7.76588","1.9616","88","90084","thing","The Crew: The Quest for Planet Nine","2","5","20","20","20","2019","3,4,5","4","10+","No necessary in-game text","","","","","","standalone","","","","",""
"Crokinole","521","0","0","0","1","0","0","0","0","0","0","0","3","","","","","","125376742","7.7937","8.05966","1.2227","46","19647","thing","Crokinole","2","4","30","30","30","1876","2,4","2,4","6+","No necessary in-game text","","","","","","standalone","","","","",""
"Cross Clues","300753","0","0","0","1","0","0","0","0","0","0","0","3","","","","","","95147779","6.58885","7.20269","1.0783","1101","8795","thing","Cross Clues","2","6","10","10","5","2020","2,3,4,5,6","4","8+","Unplayable in another language","","","","","","standalone","","","","",""
"Crossing","172971","0","0","0","1","0","0","0","0","0","0","0","3","","","","","","38294193","5.96895","6.68736","1.0488","3292","2744","thing","Crossing","3","6","15","15","15","2013","4,5,6","5","5+","No necessary in-game text","","","","","","standalone","","","","",""
"Cryptid","246784","0","0","0","1","0","0","0","0","0","0","0","3","","","","","","116544420","7.16743","7.43184","2.2584","327","22615","thing","Cryptid","3","5","50","50","30","2018","3,4,5","4","10+","Moderate in-game text - needs crib sheet or paste ups","","","","","","standalone","","","","",""
"Cupcake Academy","300085","0","0","0","1","0","0","0","0","0","0","0","3","","","","","","90590808","5.63122","6.72844","1.2222","7874","732","thing","Cupcake Academy","2","4","10","10","10","2020","2,3,4","4","8+","No necessary in-game text","","","","","","standalone","","","","",""
"Darwin's Journey","322289","0","0","0","1","0","0","0","0","0","0","0","3","","","","","","128456978","7.62009","8.10821","3.8998","89","15659","thing","Darwin's Journey","1","4","120","120","60","2023","1,2,3,4","3","14+","No necessary in-game text","","","","","","standalone","","","","",""
"DAVOS","430446","0","0","0","1","0","0","0","0","0","0","0","3","","","","","","129970868","5.51202","8.77333","3","21321","5","thing","DAVOS","2","8","120","120","30","2025","","","12+","","","","","","","standalone","","","","",""
"Daybreak","334986","0","0","0","1","0","0","0","0","0","0","0","3","","","","","","128456992","6.99536","7.68949","2.858","490","9626","thing","Daybreak","1","4","120","120","60","2023","1,2,3,4","2","10+","Moderate in-game text - needs crib sheet or paste ups","","","","","","standalone","","","","",""
"Deception: Murder in Hong Kong","156129","0","0","0","1","0","0","0","0","0","0","0","3","","","","","","36885418","7.22218","7.42595","1.5861","277","36985","thing","Deception: Murder in Hong Kong","4","12","20","20","20","2014","5,6,7,8,9,10,11,12","6,7,8","12+","Moderate in-game text - needs crib sheet or paste ups","","","","","","standalone","","","","",""
"Decrypto","225694","0","0","0","1","0","0","0","0","0","0","0","3","","","","","","73080383","7.54541","7.7656","1.8309","115","43468","thing","Decrypto","3","8","45","45","15","2018","4,5,6,7,8","4,6","10+","Unplayable in another language","","","","","","standalone","","","","",""
"Deep Sea Adventure","169654","0","0","0","1","0","0","0","0","0","0","0","3","","","","","","57386329","6.69549","6.87566","1.1845","904","35384","thing","Deep Sea Adventure","2","6","30","30","30","2014","3,4,5,6","4","8+","No necessary in-game text","","","","","","standalone","","","","",""
"Diamant","15512","0","0","0","1","0","0","0","0","0","0","0","3","","","","","","90593425","6.70676","6.84576","1.1155","882","31703","thing","Diamant","3","8","40","40","20","2005","3,4,5,6,7,8","6,7,8","6+","No necessary in-game text","","","","","","standalone","","","","",""
"Dixit","39856","0","0","0","1","0","0","0","0","0","0","0","3","","","","","","24835848","7.07198","7.18673","1.193","415","104791","thing","Dixit","3","6","30","30","30","2008","4,5,6","5,6","8+","No necessary in-game text","","","","","","standalone","","","","",""
"Dixit: Odyssey","92828","0","0","0","1","0","0","0","0","0","0","0","3","","","","","","24835850","7.15145","7.38523","1.1637","341","34004","thing","Dixit: Odyssey","3","12","30","30","30","2011","4,5,6,7,8,9,10,11,12","6","8+","No necessary in-game text","","","","","","standalone","","","","",""
"Dobble Connect","381429","0","0","0","1","0","0","0","0","0","0","0","3","","","","","","112054291","5.5953","6.23201","1.1429","9406","845","thing","Dobble Connect","2","8","15","15","15","2023","2,3,4,6","3","6+","No necessary in-game text","","","","","","standalone","","","","",""
"Dog Lover","344839","0","0","0","1","0","0","0","0","0","0","0","3","","","","","","116544537","5.94553","6.71894","1.8333","3453","2681","thing","Dog Lover","2","4","30","30","30","2021","2,3,4","2","10+","Moderate in-game text - needs crib sheet or paste ups","","","","","","standalone","","","","",""
"Don Quixote: The Ingenious Hidalgo","417317","0","0","0","1","0","0","0","0","0","0","0","3","","","","","","129970952","5.54096","6.95273","1.75","14180","209","thing","Don Quixote: The Ingenious Hidalgo","2","6","20","20","20","2025","2,3,4,5,6","3,4","","No necessary in-game text","","","","","","standalone","","","","",""
"Draftosaurus","264055","0","0","0","1","0","0","0","0","0","0","0","3","","","","","","67904165","6.85871","7.08546","1.2534","664","26674","thing","Draftosaurus","2","5","15","15","15","2019","2,3,4,5","4","6+","No necessary in-game text","","","","","","standalone","","","","",""
"Dream On!","232980","0","0","0","1","0","0","0","0","0","0","0","3","","","","","","125373708","5.69513","6.76225","1","6251","1047","thing","Dream On!","2","8","20","20","15","2017","2,3,4,5,6","4,5,6","6","No necessary in-game text","","","","","","standalone","","","","",""
"Dune: Imperium","316554","0","0","0","1","0","0","0","0","0","0","0","3","","","","","","95147587","8.22236","8.41371","3.0718","6","74253","thing","Dune: Imperium","1","4","120","120","60","2020","1,2,3,4","3,4","12+","Moderate in-game text - needs crib sheet or paste ups","","","","","","standalone","","","","",""
"Eco-Links","260269","0","0","0","1","0","0","0","0","0","0","0","3","","","","","","90591374","5.55416","6.68013","1","12462","119","thing","Eco-Links","2","4","20","20","20","2018","","","","","","","","","","standalone","","","","",""
"Ecos: First Continent","279254","0","0","0","1","0","0","0","0","0","0","0","3","","","","","","102675540","6.56527","7.12013","2.569","1145","6901","thing","Ecos: First Continent","2","6","75","75","45","2019","2,3,4","3,4","12+","Moderate in-game text - needs crib sheet or paste ups","","","","","","standalone","","","","",""
"Eight-Minute Empire","131366","0","0","0","1","0","0","0","0","0","0","0","3","","","","","","25135119","6.31673","6.54548","1.6267","1776","10776","thing","Eight-Minute Empire","2","5","20","20","8","2012","2,3,4,5","3,4","8+","No necessary in-game text","","","","","","standalone","","","","",""
"El Maestro","264843","0","0","0","1","0","0","0","0","0","0","0","3","","","","","","112055109","5.52706","6.04098","1.2","16934","440","thing","El Maestro","3","8","40","40","20","2019","3,4,5,6","4","8+","No necessary in-game text","","","","","","standalone","","","","",""
"Empire's End","356952","0","0","0","1","0","0","0","0","0","0","0","3","","","","","","129970670","6.1992","6.95403","2.3973","2193","3952","thing","Empire's End","2","4","60","60","45","2023","2,3,4","3,4","12+","Some necessary text - easily memorized or small crib sheet","","","","","","standalone","","","","",""
"Escape: The Curse of the Temple","113294","0","0","0","1","0","0","0","0","0","0","0","3","","","","","","27295441","6.75401","6.9505","1.478","806","21997","thing","Escape: The Curse of the Temple","1","5","10","10","10","2012","1,2,3,4,5","4","8+","No necessary in-game text","","","","","","standalone","","","","",""
"Everdell","199792","0","0","0","1","0","0","0","0","0","0","0","3","","","","","","73080295","7.81653","7.99191","2.8274","41","99311","thing","Everdell","1","4","80","80","40","2018","1,2,3,4","3","10+","Extensive use of text - massive conversion needed to be playable","","","","","","standalone","","","","",""
"Evolution","155703","0","0","0","1","0","0","0","0","0","0","0","3","","","","","","30497433","6.79149","7.01247","2.4272","751","24741","thing","Evolution","2","6","60","60","60","2014","2,3,4,5,6","4","10+","Moderate in-game text - needs crib sheet or paste ups","","","","","","standalone","","","","",""
"Factory of Dreams","413028","0","0","0","1","0","0","0","0","0","0","0","3","","","","","","129970884","5.52097","6.46538","1","18589","70","thing","Factory of Dreams","2","5","20","20","10","2024","","","","","","","","","","standalone","","","","",""
"Faraway","385761","0","0","0","1","0","0","0","0","0","0","0","3","","","","","","128456456","7.24401","7.55173","1.9111","266","26874","thing","Faraway","2","6","30","30","15","2023","2,3,4,5","3","10+","No necessary in-game text","","","","","","standalone","","","","",""
"Feed the Kraken","271601","0","0","0","1","0","0","0","0","0","0","0","3","","","","","","133027199","7.03864","7.79427","2.1522","446","8779","thing","Feed the Kraken","5","11","90","90","45","2022","6,7,8,9,10,11","8,9,10,11","10+","Some necessary text - easily memorized or small crib sheet","","","","","","standalone","","","","",""
"Fishing","419195","0","0","0","1","0","0","0","0","0","0","0","3","","","","","","128496131","6.48871","7.28432","1.8654","1319","6164","thing","Fishing","3","5","60","60","40","2024","3,4,5","4","8+","No necessary in-game text","","","","","","standalone","","","","",""
"Fit to Print","352574","0","0","0","1","0","0","0","0","0","0","0","3","","","","","","116544682","6.59832","7.31785","2.0946","1073","8850","thing","Fit to Print","1","6","30","30","15","2023","1,2,3,4,5,6","4","10+","Some necessary text - easily memorized or small crib sheet","","","","","","standalone","","","","",""
"Fjords","322564","0","0","0","1","0","0","0","0","0","0","0","3","","","","","","112052030","6.00628","6.95332","1.525","3073","3031","thing","Fjords","2","4","45","45","30","2022","2,3,4","2","8+","No necessary in-game text","","","","","","standalone","","","","",""
"Flamme Rouge","199478","0","0","0","1","0","0","0","0","0","0","0","3","","","","","","57386339","7.21917","7.47925","1.6992","283","25044","thing","Flamme Rouge","2","4","45","45","30","2016","2,3,4","4","8+","No necessary in-game text","","","","","","standalone","","","","",""
"Flanx","224319","0","0","0","1","0","0","0","0","0","0","0","3","","","","","","90591957","5.55843","6.20972","1.2857","12042","717","thing","Flanx","1","4","5","5","1","2017","2","2","6+","No necessary in-game text","","","","","","standalone","","","","",""
"Flatiron","409693","0","0","0","1","0","0","0","0","0","0","0","3","","","","","","129970713","6.27895","7.53445","2.5968","1895","3383","thing","Flatiron","1","2","45","45","45","2024","1,2","2","12+","No necessary in-game text","","","","","","standalone","","","","",""
"Fluxx","314413","0","0","0","1","0","0","0","0","0","0","0","3","","","","","","129770730","5.52923","5.78747","1.3333","16424","1916","thing","Fluxx","2","6","20","20","5","2012","2,3,4","2","","","","","","","","standalone","","","","",""
"For Sale","172","0","0","0","1","0","0","0","0","0","0","0","3","","","","","","90592821","7.13766","7.26425","1.2511","353","42643","thing","For Sale","3","6","30","30","30","1997","3,4,5,6","5","8+","No necessary in-game text","","","","","","standalone","","","","",""
"Forbidden Desert","136063","0","0","0","1","0","0","0","0","0","0","0","1","","","","","","32156365","6.91646","7.06394","2.0398","593","57695","thing","Forbidden Desert","2","5","45","45","45","2013","1,2,3,4,5","4","8+","Some necessary text - easily memorized or small crib sheet","","","","","","standalone","","","","",""
"Forbidden Island","65244","0","0","0","1","0","0","0","0","0","0","0","3","","","","","","67904197","6.64345","6.75227","1.7391","1001","98691","thing","Forbidden Island","2","4","30","30","30","2010","1,2,3,4","4","8+","Some necessary text - easily memorized or small crib sheet","","","","","","standalone","","","","",""
"Forbidden Sky","245271","0","0","0","1","0","0","0","0","0","0","0","3","","","","","","90590779","6.01523","6.36923","2.5484","3012","11906","thing","Forbidden Sky","2","5","60","60","60","2018","1,2,3,4,5","3,4","8+","Some necessary text - easily memorized or small crib sheet","","","","","","standalone","","","","",""
"Forest Shuffle","391163","0","0","0","1","0","0","0","0","0","0","0","3","","","","","","128457333","7.42295","7.72866","2.1991","160","31955","thing","Forest Shuffle","2","5","60","60","40","2023","2,3,4","2","10+","Moderate in-game text - needs crib sheet or paste ups","","","","","","standalone","","","","",""
"The Fox Experiment","368432","0","0","0","1","0","0","0","0","0","0","0","3","","","","","","125373570","6.55533","7.33224","2.5761","1164","6661","thing","The Fox Experiment","1","4","60","60","60","2023","1,2,3,4","3,4","10+","Some necessary text - easily memorized or small crib sheet","","","","","","standalone","","","","",""
"Framework","353152","0","0","0","1","0","0","0","0","0","0","0","3","","","","","","95147605","6.11838","7.01779","1.7727","2530","1891","thing","Framework","1","4","30","30","30","2022","1,2,3,4","2","8+","No necessary in-game text","","","","","","standalone","","","","",""
"Furnace","318084","0","0","0","1","0","0","0","0","0","0","0","3","","","","","","97507545","7.08261","7.39143","2.322","404","19191","thing","Furnace","2","4","60","60","30","2020","2,3,4","3,4","10+","Some necessary text - easily memorized or small crib sheet","","","","","","standalone","","","","",""
"Gaia Project","220308","0","0","0","1","0","0","0","0","0","0","0","3","","","","","","71194695","8.09128","8.35575","4.4008","13","37369","thing","Gaia Project","1","4","150","150","60","2017","1,2,3,4","3,4","14+","No necessary in-game text","","","","","","standalone","","","","",""
"Galaxy Trucker","31481","0","0","0","1","0","0","0","0","0","0","0","1","","","","","","32156370","7.18933","7.32694","2.3292","309","39664","thing","Galaxy Trucker","2","4","60","60","60","2007","2,3,4","4","10+","Some necessary text - easily memorized or small crib sheet","","","","","","standalone","","","","",""
"The Gang","411567","0","0","0","1","0","0","0","0","0","0","0","3","","","","","","129970802","6.97948","7.57276","1.54","509","11228","thing","The Gang","3","6","20","20","20","2024","4,5,6","5","12+","Some necessary text - easily memorized or small crib sheet","","","","","","standalone","","","","",""
"Goddam Dilema","378354","0","0","0","1","0","0","0","0","0","0","0","3","","","","","","129970772","5.49133","5.14928","1","26637","169","thing","Goddam Dilema","2","10","20","20","20","2023","3,4,5,6,7,8","4,5","","Unplayable in another language","","","","","","standalone","","","","",""
"El Grande","93","0","0","0","1","0","0","0","0","0","0","0","3","","","","","","125377347","7.58887","7.76649","2.9373","100","33970","thing","El Grande","2","5","120","120","60","1995","3,4,5","5","12+","Moderate in-game text - needs crib sheet or paste ups","","","","","","standalone","","","","",""
"GYÜMI","164590","0","0","0","1","0","0","0","0","0","0","0","3","","","","","","116543028","5.54805","6.45663","1.5","13191","337","thing","GYÜMI","1","6","25","25","25","2014","3,4,5,6","4,5","6+","No necessary in-game text","","","","","","standalone","","","","",""
"Hadrian's Wall","304783","0","0","0","1","0","0","0","0","0","0","0","3","","","","","","90592655","7.41453","7.89133","3.1671","164","16873","thing","Hadrian's Wall","1","6","60","60","30","2021","1,2,3","1","12+","Some necessary text - easily memorized or small crib sheet","","","","","","standalone","","","","",""
"Hanabi","98778","0","0","0","1","0","0","0","0","0","0","0","3","","","","","","24835904","6.92396","7.031","1.6917","582","88343","thing","Hanabi","2","5","25","25","25","2010","2,3,4,5","4","10+","No necessary in-game text","","","","","","standalone","","","","",""
"Hanamikoji","158600","0","0","0","1","0","0","0","0","0","0","0","3","","","","","","57385719","7.22793","7.45584","1.6789","275","34100","thing","Hanamikoji","2","2","15","15","15","2013","2","2","8+","No necessary in-game text","","","","","","standalone","","","","",""
"Happy City","319793","0","0","0","1","0","0","0","0","0","0","0","3","","","","","","90590632","6.05362","6.58569","1.2787","2838","4602","thing","Happy City","2","5","30","30","20","2021","2,3,4,5","3,4","8+","Some necessary text - easily memorized or small crib sheet","","","","","","standalone","","","","",""
"Happy Salmon","194626","0","0","0","1","0","0","0","0","0","0","0","3","","","","","","38294189","6.32845","6.65599","1.0625","1740","15968","thing","Happy Salmon","3","8","2","2","2","2016","4,5,6,7,8","5,6","5+","Some necessary text - easily memorized or small crib sheet","","","","","","standalone","","","","",""
"Heat: Pedal to the Metal","366013","0","0","0","1","0","0","0","0","0","0","0","3","","","","","","116543069","7.79389","8.00676","2.202","45","53572","thing","Heat: Pedal to the Metal","1","6","60","60","30","2022","1,2,3,4,5,6","5,6","8+","No necessary in-game text","","","","","","standalone","","","","",""
"Heraldica","370858","0","0","0","1","0","0","0","0","0","0","0","3","","","","","","116544442","5.52834","8.59483","1.8","16644","56","thing","Heraldica","2","5","20","20","10","2022","2,3","2","10+","No necessary in-game text","","","","","","standalone","","","","",""
"Herbaceous","195314","0","0","0","1","0","0","0","0","0","0","0","3","","","","","","47340083","6.55624","6.99449","1.2105","1162","11718","thing","Herbaceous","1","4","20","20","15","2017","1,2,3,4","4","6+","No necessary in-game text","","","","","","standalone","","","","",""
"Herd Mentality","311322","0","0","0","1","0","0","0","0","0","0","0","3","","","","","","112051819","6.12109","6.62038","1","2516","8439","thing","Herd Mentality","4","20","30","30","20","2020","5,6,7,8,9,10,11,12,13,14,15","7,8","10+","Moderate in-game text - needs crib sheet or paste ups","","","","","","standalone","","","","",""
"Hidden Leaders","320718","0","0","0","1","0","0","0","0","0","0","0","3","","","","","","102674556","6.20404","6.72841","1.8111","2174","6903","thing","Hidden Leaders","2","6","40","40","20","2022","3,4,5","4","10+","Moderate in-game text - needs crib sheet or paste ups","","","","","","standalone","","","","",""
"Hive","2655","0","0","0","1","0","0","0","0","0","0","0","3","","","","","","57385731","7.16979","7.31757","2.3149","324","56399","thing","Hive","2","2","20","20","20","2001","2","2","8+","No necessary in-game text","","","","","","standalone","","","","",""
"Iberia","198928","0","0","0","1","0","0","0","0","0","0","0","3","","","","","","90594163","7.43791","7.87552","2.6009","156","21228","thing","Iberia","2","5","45","45","45","2016","1,2,3,4,5","3,4","10+","Some necessary text - easily memorized or small crib sheet","","","","","","standalone","","","","",""
"Igen?","257991","0","0","0","1","0","0","0","0","0","0","0","3","","","","","","57386358","5.56725","6.24153","1","11287","637","thing","Igen?","2","6","60","60","30","2018","3,4,5,6","4","10+","Unplayable in another language","","","","","","standalone","","","","",""
"Igen? És...","289720","0","0","0","1","0","0","0","0","0","0","0","3","","","","","","73080373","5.50058","5.73933","1","24730","186","thing","Igen? És...","2","6","45","45","20","2019","3,4,5,6","5,6","14+","Unplayable in another language","","","","","","standalone","","","","",""
"Illusion","244995","0","0","0","1","0","0","0","0","0","0","0","3","","","","","","67904123","6.34639","6.70807","1.0448","1688","9180","thing","Illusion","2","5","15","15","15","2018","2,3,4,5","4","6+","No necessary in-game text","","","","","","standalone","","","","",""
"Imagine","191894","0","0","0","1","0","0","0","0","0","0","0","3","","","","","","47340014","6.32557","6.81","1.0612","1747","8802","thing","Imagine","3","8","20","20","20","2015","3,4,5,6,7,8","4,5,6","8+","Moderate in-game text - needs crib sheet or paste ups","","","","","","standalone","","","","",""
"Imhotep","191862","0","0","0","1","0","0","0","0","0","0","0","3","","","","","","38822416","6.90259","7.12595","2.0111","606","23110","thing","Imhotep","2","4","40","40","40","2016","2,3,4","4","10+","Some necessary text - easily memorized or small crib sheet","","","","","","standalone","","","","",""
"Imhotep: The Duel","255674","0","0","0","1","0","0","0","0","0","0","0","3","","","","","","102673861","6.42138","7.05332","1.9697","1492","7433","thing","Imhotep: The Duel","2","2","30","30","30","2018","2","2","10+","Some necessary text - easily memorized or small crib sheet","","","","","","standalone","","","","",""
"INCOHERENT","260336","0","0","0","1","0","0","0","0","0","0","0","3","","","","","","57386313","5.49436","5.34833","1","26131","271","thing","INCOHERENT","4","10","30","30","30","2018","","","","","","","","","","standalone","","","","",""
"Ironwood","407343","0","0","0","1","0","0","0","0","0","0","0","3","","","","","","128837318","6.39221","7.8934","2.8636","1565","4057","thing","Ironwood","1","2","60","60","30","2024","1,2","2","12+","Moderate in-game text - needs crib sheet or paste ups","","","","","","standalone","","","","",""
"Isle of Skye: From Chieftain to King","176494","0","0","0","1","0","0","0","0","0","0","0","1","","","","","","33461907","7.21711","7.38963","2.2519","286","35361","thing","Isle of Skye: From Chieftain to King","2","5","50","50","30","2015","2,3,4,5","3,4","8+","No necessary in-game text","","","","","","standalone","","","","",""
"Istanbul","148949","0","0","0","1","0","0","0","0","0","0","0","3","","","","","","38822422","7.37612","7.53794","2.5831","188","38403","thing","Istanbul","2","5","60","60","40","2014","2,3,4,5","4","10+","No necessary in-game text","","","","","","standalone","","","","",""
"Jaipur","54043","0","0","0","1","0","0","0","0","0","0","0","3","","","","","","47340078","7.3642","7.48169","1.4647","199","92181","thing","Jaipur","2","2","30","30","30","2009","2","2","8+","No necessary in-game text","","","","","","standalone","","","","",""
"Jenga","2452","0","0","0","1","0","0","0","0","0","0","0","3","","","","","","24836050","5.58038","5.66264","1.1021","10292","33944","thing","Jenga","1","8","20","20","20","1983","2,3,4,5,6","4","5+","No necessary in-game text","","","","","","standalone","","","","",""
"Judge Domino","358666","0","0","0","1","0","0","0","0","0","0","0","3","","","","","","129971063","5.51341","5.85783","1","20883","313","thing","Judge Domino","2","5","20","20","5","2021","","","","","","","","","","standalone","","","","",""
"Jungle Speed","8098","0","0","0","1","0","0","0","0","0","0","0","3","","","","","","24835873","6.24864","6.45567","1.1294","1993","23666","thing","Jungle Speed","2","10","10","10","10","1997","3,4,5,6,7,8,10","5,6","6+","No necessary in-game text","","","","","","standalone","","","","",""
"Just One","254640","0","0","0","1","0","0","0","0","0","0","0","3","","","","","","112051785","7.43964","7.59765","1.0356","154","57024","thing","Just One","3","7","60","60","20","2018","4,5,6,7","6,7","8+","Unplayable in another language","","","","","","standalone","","","","",""
"K2","73761","0","0","0","1","0","0","0","0","0","0","0","3","","","","","","27295445","6.71539","6.99988","2.2471","863","11675","thing","K2","1","5","60","60","60","2010","1,2,3,4,5","3,4","10+","No necessary in-game text","","","","","","standalone","","","","",""
"Kabuto Sumo","320390","0","0","0","1","0","0","0","0","0","0","0","3","","","","","","116544742","6.2624","6.7288","1.1618","1942","9009","thing","Kabuto Sumo","2","4","15","15","15","2021","2,3,4","2","6+","Some necessary text - easily memorized or small crib sheet","","","","","","standalone","","","","",""
"Kakerlakensuppe","38391","0","0","0","1","0","0","0","0","0","0","0","3","","","","","","57385548","5.67603","6.13492","1.1707","6675","2550","thing","Kakerlakensuppe","2","6","20","20","10","2008","2,3,4,5,6","6","6+","No necessary in-game text","","","","","","standalone","","","","",""
"Kariba","84732","0","0","0","1","0","0","0","0","0","0","0","3","","","","","","125378547","6.26782","7.02792","1.061","1932","5620","thing","Kariba","2","4","15","15","15","2010","2,3,4","2","6+","No necessary in-game text","","","","","","standalone","","","","",""
"Keep the Heroes Out!","333255","0","0","0","1","0","0","0","0","0","0","0","3","","","","","","128456949","7.10562","7.92055","2.5025","382","11544","thing","Keep the Heroes Out!","1","4","40","40","40","2022","1,2,3","2","8+","No necessary in-game text","","","","","","standalone","","","","",""
"Kelp: Shark vs Octopus","374595","0","0","0","1","0","0","0","0","0","0","0","3","","","","","","128837335","6.58428","7.5945","2.378","1113","7757","thing","Kelp: Shark vs Octopus","2","2","60","60","40","2024","2","2","8+","Some necessary text - easily memorized or small crib sheet","","","","","","standalone","","","","",""
"King of Tokyo: Dark Edition","293141","0","0","0","1","0","0","0","0","0","0","0","3","","","","","","90591215","6.99475","7.65821","1.6241","492","12380","thing","King of Tokyo: Dark Edition","2","6","30","30","30","2020","3,4,5,6","4,5","8+","Moderate in-game text - needs crib sheet or paste ups","","","","","","standalone","","","","",""
"Kingdomino","204583","0","0","0","1","0","0","0","0","0","0","0","3","","","","","","57385818","7.1743","7.29265","1.2336","323","88382","thing","Kingdomino","2","4","25","25","15","2016","2,3,4","2,4","6+","No necessary in-game text","","","","","","standalone","","","","",""
"Kites","348096","0","0","0","1","0","0","0","0","0","0","0","3","","","","","","112054919","6.34059","6.87392","1.0597","1710","7754","thing","Kites","2","6","10","10","10","2022","2,3,4,5,6","4,5,6","8+","No necessary in-game text","","","","","","standalone","","","","",""
"KLASK","165722","0","0","0","1","0","0","0","0","0","0","0","3","","","","","","71195114","7.25991","7.62656","1.0478","257","17053","thing","KLASK","2","2","10","10","10","2014","2","2","6+","No necessary in-game text","","","","","","standalone","","","","",""
"Kokopelli","322195","0","0","0","1","0","0","0","0","0","0","0","3","","","","","","90591310","6.04703","7.13659","2.0588","2862","1958","thing","Kokopelli","2","4","60","60","40","2021","2,3,4","3","10+","Some necessary text - easily memorized or small crib sheet","","","","","","standalone","","","","",""
"Kutná Hora: The City of Silver","385610","0","0","0","1","0","0","0","0","0","0","0","3","","","","","","125379101","6.99442","7.76323","3.3306","493","7784","thing","Kutná Hora: The City of Silver","2","4","120","120","60","2023","2,3,4","3,4","12+","Some necessary text - easily memorized or small crib sheet","","","","","","standalone","","","","",""
"Lacuna","386937","0","0","0","1","0","0","0","0","0","0","0","3","","","","","","128457269","6.40598","7.37759","1.0889","1533","4737","thing","Lacuna","2","2","15","15","10","2023","2","2","6+","No necessary in-game text","","","","","","standalone","","","","",""
"Landmarks","421374","0","0","0","1","0","0","0","0","0","0","0","3","","","","","","129970931","5.97102","6.88907","1.4348","3285","2429","thing","Landmarks","2","10","25","25","15","2024","2,3,4,5,6,7,8","2,4","8–18","No necessary in-game text","","","","","","standalone","","","","",""
"Last Message","331059","0","0","0","1","0","0","0","0","0","0","0","3","","","","","","116544693","5.87463","6.63122","1.0769","3968","2527","thing","Last Message","3","8","15","15","15","2021","3,4,5","4","8+","No necessary in-game text","","","","","","standalone","","","","",""
"Left Right Dilemma","370235","0","0","0","1","0","0","0","0","0","0","0","3","","","","","","112055101","5.54685","5.95205","1","13366","647","thing","Left Right Dilemma","3","6","30","30","30","2022","3,4,5,6","4,5,6","18+","","","","","","","standalone","","","","",""
"Letter Jam","275467","0","0","0","1","0","0","0","0","0","0","0","3","","","","","","129970812","6.66373","7.15022","1.9495","956","9849","thing","Letter Jam","2","6","45","45","45","2019","3,4,5,6","6","10+","Unplayable in another language","","","","","","standalone","","","","",""
"Libertalia: Winds of Galecrest","356033","0","0","0","1","0","0","0","0","0","0","0","3","","","","","","102674621","6.98308","7.4481","2.191","505","14455","thing","Libertalia: Winds of Galecrest","1","6","60","60","45","2022","1,2,3,4,5,6","4,5,6","10+","Moderate in-game text - needs crib sheet or paste ups","","","","","","standalone","","","","",""
"Ligretto","943","0","0","0","1","0","0","0","0","0","0","0","3","","","","","","112053886","5.91957","6.18869","1.1683","3639","11723","thing","Ligretto","2","4","10","10","10","1988","3,4","4","6+","No necessary in-game text","","","","","","standalone","","","","",""
"Link City","421199","0","0","0","1","0","0","0","0","0","0","0","3","","","","","","128457004","5.89781","7.13871","1.0556","3806","1356","thing","Link City","2","6","30","30","30","2024","3,4,5,6","3","8+","Moderate in-game text - needs crib sheet or paste ups","","","","","","standalone","","","","",""
"The Little Prince: Make Me a Planet","134453","0","0","0","1","0","0","0","0","0","0","0","3","","","","","","90593892","6.3632","6.88885","1.5792","1640","5110","thing","The Little Prince: Make Me a Planet","2","5","25","25","25","2013","2,3,4,5","2,4","8+","No necessary in-game text","","","","","","standalone","","","","",""
"Little Town","241266","0","0","0","1","0","0","0","0","0","0","0","3","","","","","","95147669","6.56805","7.14918","1.9496","1138","8310","thing","Little Town","2","4","60","60","30","2017","2,3,4","3,4","8+","Some necessary text - easily memorized or small crib sheet","","","","","","standalone","","","","",""
"Living Forest","328479","0","0","0","1","0","0","0","0","0","0","0","3","","","","","","102674278","6.79661","7.23282","2.2125","740","12901","thing","Living Forest","1","4","40","40","40","2021","2,3,4","3","10+","No necessary in-game text","","","","","","standalone","","","","",""
"Llamaland","330038","0","0","0","1","0","0","0","0","0","0","0","3","","","","","","116542792","6.43135","7.27576","2.0303","1466","5349","thing","Llamaland","2","4","45","45","45","2021","2,3,4","2","8+","No necessary in-game text","","","","","","standalone","","","","",""
"The Lord of the Rings: The Fellowship of the Ring – Trick-Taking Game","429293","0","0","0","1","0","0","0","0","0","0","0","3","","","","","","129770763","7.27365","7.9552","1.9469","249","16867","thing","The Lord of the Rings: The Fellowship of the Ring – Trick-Taking Game","1","4","20","20","20","2024","1,2,3,4","4","10+","Moderate in-game text - needs crib sheet or paste ups","","","","","","standalone","","","","",""
"Lost Cities","50","0","0","0","1","0","0","0","0","0","0","0","3","","","","","","25542897","7.14917","7.25449","1.4747","342","74069","thing","Lost Cities","2","2","30","30","30","1999","2","2","8+","No necessary in-game text","","","","","","standalone","","","","",""
"Lost Ruins of Arnak","312484","0","0","0","1","0","0","0","0","0","0","0","3","","","","","","102674684","7.90624","8.07512","2.9338","30","81140","thing","Lost Ruins of Arnak","1","4","120","120","30","2020","1,2,3,4","3","10+","Moderate in-game text - needs crib sheet or paste ups","","","","","","standalone","","","","",""
"Love Letter","129622","0","0","0","1","0","0","0","0","0","0","0","3","","","","","","37920051","7.12329","7.226","1.1847","362","116093","thing","Love Letter","2","4","20","20","20","2012","3,4","4","8+","Some necessary text - easily memorized or small crib sheet","","","","","","standalone","","","","",""
"The Magic Labyrinth","41916","0","0","0","1","0","0","0","0","0","0","0","3","","","","","","90591830","6.43091","6.8142","1.2091","1468","12740","thing","The Magic Labyrinth","2","4","30","30","20","2009","2,3,4","3,4","4+","No necessary in-game text","","","","","","standalone","","","","",""
"Magic Maze","209778","0","0","0","1","0","0","0","0","0","0","0","3","","","","","","47340072","6.78092","6.94094","1.7488","767","37138","thing","Magic Maze","1","8","15","15","15","2017","2,3,4,5,6","4","8+","No necessary in-game text","","","","","","standalone","","","","",""
"Magic Number Eleven","411865","0","0","0","1","0","0","0","0","0","0","0","3","","","","","","129970845","5.70798","7.53852","2.25","5989","603","thing","Magic Number Eleven","2","2","30","30","30","2024","2","2","12+","No necessary in-game text","","","","","","standalone","","","","",""
"Magic Rabbit","303669","0","0","0","1","0","0","0","0","0","0","0","3","","","","","","95147838","5.72444","7.08163","1.0769","5701","1067","thing","Magic Rabbit","1","4","3","3","3","2020","1,2,3,4","2","8+","No necessary in-game text","","","","","","standalone","","","","",""
"Mandala","264241","0","0","0","1","0","0","0","0","0","0","0","3","","","","","","90591902","6.95783","7.45176","1.78","542","11364","thing","Mandala","2","2","20","20","20","2019","2","2","10+","No necessary in-game text","","","","","","standalone","","","","",""
"Marabunta","403265","0","0","0","1","0","0","0","0","0","0","0","3","","","","","","125380157","6.18411","7.46454","2.1818","2249","2966","thing","Marabunta","2","2","30","30","30","2023","2","2","8+","No necessary in-game text","","","","","","standalone","","","","",""
"Marrakech","29223","0","0","0","1","0","0","0","0","0","0","0","3","","","","","","125380240","6.33547","6.70712","1.3333","1722","7344","thing","Marrakech","2","4","30","30","30","2007","2,3,4","4","6+","No necessary in-game text","","","","","","standalone","","","","",""
"Mascarade","139030","0","0","0","1","0","0","0","0","0","0","0","3","","","","","","32156240","6.33326","6.55319","1.5301","1727","17743","thing","Mascarade","2","13","30","30","30","2013","4,5,6,7,8,9,10,11","6,7,8","10+","No necessary in-game text","","","","","","standalone","","","","",""
"Match Madness","204498","0","0","0","1","0","0","0","0","0","0","0","3","","","","","","90595186","5.6118","6.2569","1.0714","8633","1209","thing","Match Madness","1","4","20","20","10","2016","1,2,3,4","2,3","6+","No necessary in-game text","","","","","","standalone","","","","",""
"Maudit Mot Dit","364008","0","0","0","1","0","0","0","0","0","0","0","3","","","","","","116544710","5.76246","6.91137","1.25","5148","1224","thing","Maudit Mot Dit","3","6","30","30","30","2022","3,4,5,6","4,5","10+","Extensive use of text - massive conversion needed to be playable","","","","","","standalone","","","","",""
"A Message From the Stars","399987","0","0","0","1","0","0","0","0","0","0","0","3","","","","","","128456911","6.05606","7.30552","2.6207","2828","2176","thing","A Message From the Stars","2","8","45","45","45","2024","2,3,4,6,8","2","12+","Moderate in-game text - needs crib sheet or paste ups","","","","","","standalone","","","","",""
"Metro X","248861","0","0","0","1","0","0","0","0","0","0","0","3","","","","","","90590836","6.26315","7.09266","1.7407","1940","3916","thing","Metro X","1","6","20","20","20","2018","1,2,3,4,5,6","1,2","10+","No necessary in-game text","","","","","","standalone","","","","",""
"MicroMacro: Crime City","318977","0","0","0","1","0","0","0","0","0","0","0","3","","","","","","90593908","7.22214","7.46069","1.1005","278","36964","thing","MicroMacro: Crime City","1","4","45","45","15","2020","1,2,3","2","8+","Moderate in-game text - needs crib sheet or paste ups","","","","","","standalone","","","","",""
"MicroMacro: Crime City – Full House","338834","0","0","0","1","0","0","0","0","0","0","0","3","","","","","","95147716","6.9718","7.65268","1.172","520","15876","thing","MicroMacro: Crime City – Full House","1","4","45","45","15","2021","1,2,3","2","8+","Moderate in-game text - needs crib sheet or paste ups","","","","","","standalone","","","","",""
"Middle Ages","403754","0","0","0","1","0","0","0","0","0","0","0","3","","","","","","125378800","6.40396","7.19649","2.0421","1539","4008","thing","Middle Ages","2","5","30","30","30","2024","2,3,4,5","3","10+","No necessary in-game text","","","","","","standalone","","","","",""
"The Mind","244992","0","0","0","1","0","0","0","0","0","0","0","3","","","","","","57386304","6.60376","6.72833","1.0753","1061","65975","thing","The Mind","2","4","20","20","20","2018","2,3,4","4","8+","No necessary in-game text","","","","","","standalone","","","","",""
"The Mind Extreme","287607","0","0","0","1","0","0","0","0","0","0","0","3","","","","","","67904253","5.99923","6.88792","1.3421","3118","4220","thing","The Mind Extreme","2","4","20","20","20","2019","2,3,4","4","10+","No necessary in-game text","","","","","","standalone","","","","",""
"Mind MGMT: The Psychic Espionage “Game.”","284653","0","0","0","1","0","0","0","0","0","0","0","3","","","","","","116544764","7.1824","7.81233","2.9178","313","15439","thing","Mind MGMT: The Psychic Espionage “Game.”","1","5","60","60","60","2021","1,2,3,4,5","2,3","12+","Some necessary text - easily memorized or small crib sheet","","","","","","standalone","","","","",""
"Misty","270443","0","0","0","1","0","0","0","0","0","0","0","3","","","","","","73080323","5.59366","6.13288","1.0625","9478","1516","thing","Misty","2","5","15","0","15","2019","2,3,4,5","3","6+","No necessary in-game text","","","","","","standalone","","","","",""
"Møbee","410162","0","0","0","1","0","0","0","0","0","0","0","3","","","","","","125442613","5.5207","7.53438","1.5","18666","54","thing","Møbee","2","5","15","15","5","2023","2,3,4,5","4","6+","No necessary in-game text","","","","","","standalone","","","","",""
"Modern Art","118","0","0","0","1","0","0","0","0","0","0","0","3","","","","","","47340157","7.32729","7.52076","2.2828","217","32658","thing","Modern Art","3","5","45","45","45","1992","3,4,5","4,5","10+","No necessary in-game text","","","","","","standalone","","","","",""
"Mountain 53","136416","0","0","0","1","0","0","0","0","0","0","0","1","","","","","","32156313","5.59644","6.26476","1.125","9353","423","thing","Mountain 53","2","5","30","30","30","2013","2,3,4,5","4","5+","No necessary in-game text","","","","","","standalone","","","","",""
"Mumusok","428269","0","0","0","1","0","0","0","0","0","0","0","3","","","","","","133027195","0","7.95455","2","0","13","thing","Mumusok","2","6","45","45","15","2025","2,6","6","8","","","","","","","standalone","","","","",""
"Muse","234396","0","0","0","1","0","0","0","0","0","0","0","3","","","","","","57386319","6.04297","6.58692","1.1136","2881","4972","thing","Muse","2","12","30","30","30","2017","4,5,6,7,8","4,6","8+","Moderate in-game text - needs crib sheet or paste ups","","","","","","standalone","","","","",""
"Muse: Awakenings","252776","0","0","0","1","0","0","0","0","0","0","0","3","","","","","","57386322","5.69091","6.88398","1.125","6330","1185","thing","Muse: Awakenings","2","12","30","30","30","2018","4,5,6,7,8","6","8+","Moderate in-game text - needs crib sheet or paste ups","","","","","","standalone","","","","",""
"Mysterium","181304","0","0","0","1","0","0","0","0","0","0","0","3","","","","","","90594386","7.05508","7.19747","1.8893","434","81181","thing","Mysterium","2","7","42","42","42","2015","3,4,5,6,7","5,6","8+","No necessary in-game text","","","","","","standalone","","","","",""
"Mysterium Park","301767","0","0","0","1","0","0","0","0","0","0","0","3","","","","","","95147729","6.5172","7.01451","1.4375","1251","14326","thing","Mysterium Park","2","6","45","45","30","2020","2,3,4,5,6","4","8+","No necessary in-game text","","","","","","standalone","","","","",""
"Mysterix","386862","0","0","0","1","0","0","0","0","0","0","0","3","","","","","","125442690","0","6.47619","1","0","64","thing","Mysterix","2","5","10","10","10","2023","","","6–10","","","","","","","standalone","","","","",""
"Mystery of the Abbey","915","0","0","0","1","0","0","0","0","0","0","0","3","","","","","","133027213","6.28253","6.5386","2.2045","1880","10593","thing","Mystery of the Abbey","3","6","90","90","60","1995","3,4,5,6","4,5","10+","Moderate in-game text - needs crib sheet or paste ups","","","","","","standalone","","","","",""
"Nekojima","359029","0","0","0","1","0","0","0","0","0","0","0","3","","","","","","125442583","6.22851","7.18149","1.0889","2080","4098","thing","Nekojima","1","5","30","30","15","2023","2,3,4,5","2","6+","No necessary in-game text","","","","","","standalone","","","","",""
"Next Station: London","353545","0","0","0","1","0","0","0","0","0","0","0","3","","","","","","116544558","6.92411","7.42548","1.4875","581","12064","thing","Next Station: London","1","4","30","30","25","2022","1,2,3,4","2,4","8+","No necessary in-game text","","","","","","standalone","","","","",""
"Nidavellir","293014","0","0","0","1","0","0","0","0","0","0","0","3","","","","","","90591348","7.26957","7.55848","2.1152","250","20254","thing","Nidavellir","2","5","45","45","45","2020","2,3,4,5","3","10+","No necessary in-game text","","","","","","standalone","","","","",""
"Nine Tiles Panic","279869","0","0","0","1","0","0","0","0","0","0","0","3","","","","","","112053871","6.16095","6.91464","1.3125","2335","4015","thing","Nine Tiles Panic","2","5","20","20","20","2019","2,3,4,5","4,5","6+","Some necessary text - easily memorized or small crib sheet","","","","","","standalone","","","","",""
"NMBR 9","217449","0","0","0","1","0","0","0","0","0","0","0","3","","","","","","112051916","6.52457","6.83352","1.2286","1230","10858","thing","NMBR 9","1","4","20","20","20","2017","1,2,3,4","3,4","8+","No necessary in-game text","","","","","","standalone","","","","",""
"Noobs in Space","376472","0","0","0","1","0","0","0","0","0","0","0","3","","","","","","116544721","5.92491","7.10261","1.6842","3598","1932","thing","Noobs in Space","3","5","15","15","15","2023","3,4,5","4","10+","Unplayable in another language","","","","","","standalone","","","","",""
"Nucleum","396790","0","0","0","1","0","0","0","0","0","0","0","3","","","","","","128456965","7.45987","8.12316","4.1956","148","12760","thing","Nucleum","1","4","150","150","60","2023","1,2,3,4","3","14+","No necessary in-game text","","","","","","standalone","","","","",""
"One Key","263155","0","0","0","1","0","0","0","0","0","0","0","3","","","","","","67904156","5.80395","6.48822","1.1579","4643","2407","thing","One Key","2","6","20","20","20","2019","2,3,4,5,6","3,4","8+","No necessary in-game text","","","","","","standalone","","","","",""
"Paint the Roses","253759","0","0","0","1","0","0","0","0","0","0","0","3","","","","","","116542997","6.39383","7.17398","2.4528","1563","4788","thing","Paint the Roses","2","5","70","70","50","2022","2,3,4,5","4","10+","Some necessary text - easily memorized or small crib sheet","","","","","","standalone","","","","",""
"Paladins of the West Kingdom","266810","0","0","0","1","0","0","0","0","0","0","0","3","","","","","","90590661","7.6633","7.95945","3.714","77","32047","thing","Paladins of the West Kingdom","1","4","120","120","90","2019","1,2,3","2","14+","Some necessary text - easily memorized or small crib sheet","","","","","","standalone","","","","",""
"Pandemic","30549","0","0","0","1","0","0","0","0","0","0","0","3","","","","","","24835971","7.4106","7.51933","2.3952","165","220127","thing","Pandemic","2","4","45","45","45","2008","1,2,3,4","4","10+","Some necessary text - easily memorized or small crib sheet","","","","","","standalone","","","","",""
"Pandemic: Rising Tide","234671","0","0","0","1","0","0","0","0","0","0","0","3","","","","","","90591199","6.64783","7.53761","2.5513","991","6542","thing","Pandemic: Rising Tide","2","5","45","45","45","2017","1,2,3,4,5","3","10+","Some necessary text - easily memorized or small crib sheet","","","","","","standalone","","","","",""
"Panic Lab","121073","0","0","0","1","0","0","0","0","0","0","0","3","","","","","","116543131","5.73325","6.0259","1.2941","5583","4376","thing","Panic Lab","2","10","30","30","10","2012","2,3,4,5,6,7,8,9","4,5","6+","No necessary in-game text","","","","","","standalone","","","","",""
"Papageno","299573","0","0","0","1","0","0","0","0","0","0","0","3","","","","","","90595346","5.58748","6.44068","1","9867","756","thing","Papageno","2","5","15","0","15","2020","2,3,4,5","4","6+","No necessary in-game text","","","","","","standalone","","","","",""
"Paris: La Cité de la Lumière","276498","0","0","0","1","0","0","0","0","0","0","0","3","","","","","","90591179","6.70362","7.23492","2.0136","889","12654","thing","Paris: La Cité de la Lumière","2","2","30","30","30","2019","2","2","8+","No necessary in-game text","","","","","","standalone","","","","",""
"PARKS","266524","0","0","0","1","0","0","0","0","0","0","0","3","","","","","","116544510","7.4091","7.62935","2.1195","168","52164","thing","PARKS","1","5","60","60","30","2019","1,2,3,4","3","10+","Some necessary text - easily memorized or small crib sheet","","","","","","standalone","","","","",""
"Patchwork","163412","0","0","0","1","0","0","0","0","0","0","0","3","","","","","","28646964","7.47592","7.5829","1.5997","141","118596","thing","Patchwork","2","2","30","30","15","2014","2","2","6+","No necessary in-game text","","","","","","standalone","","","","",""
"Path of Civilization","385680","0","0","0","1","0","0","0","0","0","0","0","3","","","","","","129970820","6.29433","7.22727","2.7869","1842","2156","thing","Path of Civilization","1","5","120","120","60","2023","1,2,3,4,5","3","12+","No necessary in-game text","","","","","","standalone","","","","",""
"Penguin Airlines","369388","0","0","0","1","0","0","0","0","0","0","0","3","","","","","","128457221","5.73386","6.90944","1.3333","5570","1108","thing","Penguin Airlines","2","8","30","30","15","2023","2,4,6,8","4,6,8","8+","No necessary in-game text","","","","","","standalone","","","","",""
"Phantom Ink","330592","0","0","0","1","0","0","0","0","0","0","0","3","","","","","","116544790","6.4774","7.40213","1.1739","1345","5014","thing","Phantom Ink","2","8","15","15","10","2022","4,5,6,7,8","4,6","12+","Extensive use of text - massive conversion needed to be playable","","","","","","standalone","","","","",""
"Photosynthesis","218603","0","0","0","1","0","0","0","0","0","0","0","3","","","","","","57385948","6.77308","6.93819","2.2616","781","42240","thing","Photosynthesis","2","4","60","60","30","2017","2,3,4","3","10+","No necessary in-game text","","","","","","standalone","","","","",""
"Pick Picknic","2569","0","0","0","1","0","0","0","0","0","0","0","3","","","","","","116542699","6.09375","6.59311","1.1956","2636","3936","thing","Pick Picknic","2","6","20","20","20","2001","3,4,5,6","5,6","6+","No necessary in-game text","","","","","","standalone","","","","",""
"Pick-a-Dog","123885","0","0","0","1","0","0","0","0","0","0","0","3","","","","","","24835902","5.74024","6.13844","1.0606","5454","3058","thing","Pick-a-Dog","1","5","15","15","15","2012","2,3,4,5","3,4","5+","No necessary in-game text","","","","","","standalone","","","","",""
"Pictomania (Second Edition)","252526","0","0","0","1","0","0","0","0","0","0","0","3","","","","","","90593711","6.59385","7.56306","1.4464","1085","5086","thing","Pictomania (Second Edition)","3","6","40","40","20","2018","3,4,5,6","5,6","10+","Extensive use of text - massive conversion needed to be playable","","","","","","standalone","","","","",""
"Picture Perfect","299963","0","0","0","1","0","0","0","0","0","0","0","3","","","","","","116544588","6.21307","6.97041","1.8478","2138","4872","thing","Picture Perfect","2","4","90","90","50","2020","2,3,4","4","10+","Some necessary text - easily memorized or small crib sheet","","","","","","standalone","","","","",""
"Pictures","284108","0","0","0","1","0","0","0","0","0","0","0","3","","","","","","90591284","6.56619","7.22882","1.0357","1144","6420","thing","Pictures","3","5","30","30","20","2019","3,4,5","5","6+","No necessary in-game text","","","","","","standalone","","","","",""
"Pilvax","430962","0","0","0","1","0","0","0","0","0","0","0","3","","","","","","128456882","0","5.33333","0","0","17","thing","Pilvax","2","5","30","30","20","2024","","","","","","","","","","standalone","","","","",""
"Pit Crew","218161","0","0","0","1","0","0","0","0","0","0","0","3","","","","","","47340142","5.70815","6.39072","1.2","5987","1181","thing","Pit Crew","2","9","30","30","15","2017","2,3,4,6,9","6","6+","No necessary in-game text","","","","","","standalone","","","","",""
"Planet","252929","0","0","0","1","0","0","0","0","0","0","0","3","","","","","","90591136","6.29938","6.63453","1.5983","1824","11084","thing","Planet","2","4","45","45","30","2018","2,3,4","4","6+","No necessary in-game text","","","","","","standalone","","","","",""
"Poetry for Neanderthals","312786","0","0","0","1","0","0","0","0","0","0","0","3","","","","","","131116152","6.13145","6.65176","1.1163","2469","10478","thing","Poetry for Neanderthals","2","12","15","15","15","2020","4,5,6,7,8,9,10,12","6,8","8+","Unplayable in another language","","","","","","standalone","","","","",""
"Point Salad","274960","0","0","0","1","0","0","0","0","0","0","0","3","","","","","","102673677","6.92697","7.10385","1.1557","577","38037","thing","Point Salad","2","6","30","30","15","2019","2,3,4,5,6","3","8+","Some necessary text - easily memorized or small crib sheet","","","","","","standalone","","","","",""
"Praga Caput Regni","308765","0","0","0","1","0","0","0","0","0","0","0","3","","","","","","102674663","7.38214","7.85271","3.73","185","15988","thing","Praga Caput Regni","1","4","150","150","45","2020","1,2,3,4","3","12+","No necessary in-game text","","","","","","standalone","","","","",""
"Psychic Pizza Deliverers Go to the Ghost Town","272666","0","0","0","1","0","0","0","0","0","0","0","3","","","","","","128453968","5.75496","6.74353","2","5247","1869","thing","Psychic Pizza Deliverers Go to the Ghost Town","3","5","45","45","30","2018","3,4","4","6+","","","","","","","standalone","","","","",""
"Puerto Rico","3076","0","0","0","1","0","0","0","0","0","0","0","3","","","","","","26091940","7.75625","7.90026","3.2679","53","84166","thing","Puerto Rico","3","5","150","150","90","2002","2,3,4,5","4","12+","Moderate in-game text - needs crib sheet or paste ups","","","","","","standalone","","","","",""
"Purrfect Match","396426","0","0","0","1","0","0","0","0","0","0","0","3","","","","","","128456868","5.49385","5.85968","1","26230","96","thing","Purrfect Match","2","4","30","30","20","2023","2","2","","","","","","","","standalone","","","","",""
"QE","266830","0","0","0","1","0","0","0","0","0","0","0","3","","","","","","130702278","6.91174","7.34648","1.5489","599","11853","thing","QE","3","5","45","45","45","2019","3,4,5","5","10+","No necessary in-game text","","","","","","standalone","","","","",""
"Quacks","244521","0","0","0","1","0","0","0","0","0","0","0","3","","","","","","73666659","7.66908","7.8057","1.9416","75","89816","thing","Quacks","2","4","45","45","45","2018","2,3,4","4","8+","Moderate in-game text - needs crib sheet or paste ups","","","","","","standalone","","","","",""
"Quadropolis","176396","0","0","0","1","0","0","0","0","0","0","0","3","","","","","","37920047","6.94241","7.21438","2.2014","559","18681","thing","Quadropolis","2","4","60","60","30","2016","2,3,4","4","8+","No necessary in-game text","","","","","","standalone","","","","",""
"Quarto","681","0","0","0","1","0","0","0","0","0","0","0","3","","","","","","24835910","6.56701","6.9015","1.8763","1142","14697","thing","Quarto","2","2","20","20","20","1991","2","2","8+","No necessary in-game text","","","","","","standalone","","","","",""
"The Quest for El Dorado","217372","0","0","0","1","0","0","0","0","0","0","0","3","","","","","","90590994","7.52643","7.70862","1.9425","120","50420","thing","The Quest for El Dorado","2","4","60","60","30","2017","2,3,4","2,4","8+","Some necessary text - easily memorized or small crib sheet","","","","","","standalone","","","","",""
"Quirky","233009","0","0","0","1","0","0","0","0","0","0","0","3","","","","","","116542506","5.49955","5.85484","1","24967","82","thing","Quirky","3","0","0","0","0","2017","","","","","","","","","","standalone","","","","",""
"Quoridor","624","0","0","0","1","0","0","0","0","0","0","0","3","","","","","","26832016","6.36152","6.64678","1.8237","1644","15250","thing","Quoridor","2","4","15","15","15","1997","2,4","2","8+","No necessary in-game text","","","","","","standalone","","","","",""
"Qwirkle","25669","0","0","0","1","0","0","0","0","0","0","0","3","","","","","","102673841","6.6134","6.77595","1.5829","1049","43096","thing","Qwirkle","2","4","45","45","45","2006","2,3,4","4","6+","No necessary in-game text","","","","","","standalone","","","","",""
"Ra","12","0","0","0","1","0","0","0","0","0","0","0","3","","","","","","112051842","7.52797","7.69212","2.3107","119","37439","thing","Ra","2","5","60","60","45","1999","3,4,5","3,4","10+","No necessary in-game text","","","","","","standalone","","","","",""
"Rebel Princess: 2nd Edition","420017","0","0","0","1","0","0","0","0","0","0","0","3","","","","","","133027164","5.72109","7.58918","1.75","5763","754","thing","Rebel Princess: 2nd Edition","3","6","45","45","45","2024","3,4,5,6","4","","","","","","","","standalone","","","","",""
"Rebirth","417197","0","0","0","1","0","0","0","0","0","0","0","3","","","","","","129970979","6.86097","7.75032","1.976","660","6540","thing","Rebirth","2","4","60","60","45","2024","2,3,4","3","8+","Some necessary text - easily memorized or small crib sheet","","","","","","standalone","","","","",""
"The Red Cathedral","227224","0","0","0","1","0","0","0","0","0","0","0","3","","","","","","90592668","7.33216","7.66908","2.8151","216","27370","thing","The Red Cathedral","1","4","80","80","80","2020","1,2,3,4","3","12+","No necessary in-game text","","","","","","standalone","","","","",""
"The Resistance","41114","0","0","0","1","0","0","0","0","0","0","0","3","","","","","","28428506","7.04876","7.19604","1.5911","440","68265","thing","The Resistance","5","10","30","30","30","2009","5,6,7,8,9,10","7","12+","No necessary in-game text","","","","","","standalone","","","","",""
"The Resistance: Avalon","128882","0","0","0","1","0","0","0","0","0","0","0","3","","","","","","27808088","7.30753","7.49671","1.7364","227","52932","thing","The Resistance: Avalon","5","10","30","30","30","2012","5,6,7,8,9,10","7,8","12+","Some necessary text - easily memorized or small crib sheet","","","","","","standalone","","","","",""
"Rhino Hero: Super Battle","218333","0","0","0","1","0","0","0","0","0","0","0","3","","","","","","47340126","6.70738","7.21595","1.1","880","11252","thing","Rhino Hero: Super Battle","2","4","20","20","10","2017","2,3,4","3,4","5+","No necessary in-game text","","","","","","standalone","","","","",""
"Riff Raff","118695","0","0","0","1","0","0","0","0","0","0","0","3","","","","","","27808091","6.16137","6.91399","1.1954","2331","2593","thing","Riff Raff","2","4","30","30","30","2012","2,3,4","3,4","8+","No necessary in-game text","","","","","","standalone","","","","",""
"Robotrick","374866","0","0","0","1","0","0","0","0","0","0","0","3","","","","","","129971004","6.03342","7.54287","1.92","2923","1480","thing","Robotrick","3","3","30","30","30","2020","3","3","12+","No necessary in-game text","","","","","","standalone","","","","",""
"Roll Camera!: The Filmmaking Board Game","298102","0","0","0","1","0","0","0","0","0","0","0","3","","","","","","112052058","6.45731","7.39872","2.2133","1396","5454","thing","Roll Camera!: The Filmmaking Board Game","1","6","90","90","45","2021","1,2,3,4","3","10+","Extensive use of text - massive conversion needed to be playable","","","","","","standalone","","","","",""
"Rory's Story Cubes","20545","0","0","0","1","0","0","0","0","0","0","0","3","","","","","","90593301","5.92651","6.22343","1.1111","3587","11817","thing","Rory's Story Cubes","1","12","20","20","20","2005","1,2,3,4,5,6","2,3,4","4+","No necessary in-game text","","","","","","standalone","","","","",""
"Royal Visit","22245","0","0","0","1","0","0","0","0","0","0","0","3","","","","","","102673801","6.16697","6.71331","1.6687","2312","5681","thing","Royal Visit","2","2","30","30","20","2006","2","2","8+","No necessary in-game text","","","","","","standalone","","","","",""
"Rush Out!","300521","0","0","0","1","0","0","0","0","0","0","0","3","","","","","","102674044","5.60156","6.629","1.5","9083","553","thing","Rush Out!","3","5","30","30","20","2021","3,4,5","4","10+","No necessary in-game text","","","","","","standalone","","","","",""
"Saboteur","9220","0","0","0","1","0","0","0","0","0","0","0","3","","","","","","90592968","6.41414","6.5407","1.3182","1515","64484","thing","Saboteur","3","10","30","30","30","2004","5,6,7,8,9,10","7,8","8+","No necessary in-game text","","","","","","standalone","","","","",""
"Sagrada","199561","0","0","0","1","0","0","0","0","0","0","0","3","","","","","","57386254","7.32571","7.4692","1.9185","218","77029","thing","Sagrada","1","4","45","45","30","2017","1,2,3,4","2","8+","Some necessary text - easily memorized or small crib sheet","","","","","","standalone","","","","",""
"Sail","377470","0","0","0","1","0","0","0","0","0","0","0","3","","","","","","116544575","6.62636","7.2945","2.2346","1025","10382","thing","Sail","2","2","20","20","20","2023","2","2","10+","Some necessary text - easily memorized or small crib sheet","","","","","","standalone","","","","",""
"The Same Game","396542","0","0","0","1","0","0","0","0","0","0","0","3","","","","","","112055182","5.91635","7.14749","1.55","3660","1305","thing","The Same Game","3","6","45","45","30","2023","3,4,5,6","4","10+","Moderate in-game text - needs crib sheet or paste ups","","","","","","standalone","","","","",""
"Santorini","194655","0","0","0","1","0","0","0","0","0","0","0","3","","","","","","47340006","7.20046","7.34045","1.7229","298","64784","thing","Santorini","2","4","20","20","20","2016","2,3","2","6+","No necessary in-game text","","","","","","standalone","","","","",""
"Savannah Park","339484","0","0","0","1","0","0","0","0","0","0","0","3","","","","","","95147767","6.23772","7.03683","1.7593","2036","4067","thing","Savannah Park","1","4","40","40","20","2021","1,2,3,4","3","8+","No necessary in-game text","","","","","","standalone","","","","",""
"Schotten Totten","372","0","0","0","1","0","0","0","0","0","0","0","3","","","","","","57386032","7.06383","7.35752","1.6737","426","23615","thing","Schotten Totten","2","2","20","20","20","1999","2","2","8+","No necessary in-game text","","","","","","standalone","","","","",""
"SCOUT","291453","0","0","0","1","0","0","0","0","0","0","0","3","","","","","","102674241","7.58445","7.80356","1.3779","103","49222","thing","SCOUT","2","5","20","20","20","2019","3,4,5","4","8+","No necessary in-game text","","","","","","standalone","","","","",""
"Scythe","169786","0","0","0","1","0","0","0","0","0","0","0","3","","","","","","36780366","7.95556","8.10862","3.4525","22","124646","thing","Scythe","1","5","115","115","115","2016","1,2,3,4,5","4","12+","Moderate in-game text - needs crib sheet or paste ups","","","","","","standalone","","","","",""
"Secret Hitler","188834","0","0","0","1","0","0","0","0","0","0","0","3","","","","","","128454501","7.25546","7.49083","1.7378","259","48754","thing","Secret Hitler","5","10","45","45","45","2016","6,7,8,9,10","8,10","14+","Some necessary text - easily memorized or small crib sheet","","","","","","standalone","","","","",""
"Secret Identity","347112","0","0","0","1","0","0","0","0","0","0","0","3","","","","","","129970785","6.11322","7.29992","1.1786","2545","2167","thing","Secret Identity","3","8","40","40","20","2022","4,5,6,7,8","6,7,8","10+","No necessary in-game text","","","","","","standalone","","","","",""
"Seers Catalog","415981","0","0","0","1","0","0","0","0","0","0","0","3","","","","","","129971030","5.83499","6.90918","1.9286","4340","1739","thing","Seers Catalog","2","5","45","45","30","2024","3,4,5","4","10+","Some necessary text - easily memorized or small crib sheet","","","","","","standalone","","","","",""
"SET","1198","0","0","0","1","0","0","0","0","0","0","0","3","","","","","","24835939","6.29414","6.50663","1.6511","1844","25553","thing","SET","1","20","30","30","30","1988","1,2,3,4,5,6,7","3,4","6+","No necessary in-game text","","","","","","standalone","","","","",""
"SETI: Search for Extraterrestrial Intelligence","418059","0","0","0","1","0","0","0","0","0","0","0","3","","","","","","131116085","7.92434","8.39542","3.8089","27","23464","thing","SETI: Search for Extraterrestrial Intelligence","1","4","160","160","40","2024","1,2,3,4","3","14+","Moderate in-game text - needs crib sheet or paste ups","","","","","","standalone","","","","",""
"Sheriff of Nottingham","157969","0","0","0","1","0","0","0","0","0","0","0","3","","","","","","27808094","6.91374","7.05082","1.6599","597","56250","thing","Sheriff of Nottingham","3","5","60","60","60","2014","3,4,5","5","8+","Some necessary text - easily memorized or small crib sheet","","","","","","standalone","","","","",""
"Similo","268620","0","0","0","1","0","0","0","0","0","0","0","3","","","","","","90592696","6.47472","6.81048","1.0545","1356","22481","thing","Similo","2","8","15","15","10","2019","2,3,4,5,6","3,4","6+","No necessary in-game text","","","","","","standalone","","","","",""
"Skull","92415","0","0","0","1","0","0","0","0","0","0","0","1","","","","","","34437123","7.0139","7.17699","1.118","471","44654","thing","Skull","3","6","45","45","15","2011","3,4,5,6","5,6","8+","No necessary in-game text","","","","","","standalone","","","","",""
"Sky Team","373106","0","0","0","1","0","0","0","0","0","0","0","3","","","","","","116544816","7.87443","8.13805","2.0387","34","53767","thing","Sky Team","2","2","20","20","20","2023","2","2","10+","Some necessary text - easily memorized or small crib sheet","","","","","","standalone","","","","",""
"Slide Quest","271785","0","0","0","1","0","0","0","0","0","0","0","3","","","","","","125376949","5.98629","6.58998","1.1429","3196","3889","thing","Slide Quest","1","4","45","45","15","2019","2,3,4","4","6+","No necessary in-game text","","","","","","standalone","","","","",""
"Small World","40692","0","0","0","1","0","0","0","0","0","0","0","3","","","","","","25542945","7.08916","7.19473","2.3465","399","102268","thing","Small World","2","5","80","80","40","2009","2,3,4,5","4","8+","No necessary in-game text","","","","","","standalone","","","","",""
"Snowman Dice","271038","0","0","0","1","0","0","0","0","0","0","0","3","","","","","","90594633","5.59374","6.23018","1","9470","708","thing","Snowman Dice","2","4","10","10","10","2019","3,4","4","6+","No necessary in-game text","","","","","","standalone","","","","",""
"So Clover!","329839","0","0","0","1","0","0","0","0","0","0","0","3","","","","","","91708844","7.22076","7.59105","1.1243","281","18899","thing","So Clover!","3","6","30","30","30","2021","2,3,4,5,6","3,4","10+","Unplayable in another language","","","","","","standalone","","","","",""
"Sounds Fishy","359893","0","0","0","1","0","0","0","0","0","0","0","3","","","","","","112054246","5.91745","6.74021","1","3652","3372","thing","Sounds Fishy","4","10","30","30","30","2022","5,6,7,8,9,10","6,7,8,9","10+","Extensive use of text - massive conversion needed to be playable","","","","","","standalone","","","","",""
"Spicy","299169","0","0","0","1","0","0","0","0","0","0","0","3","","","","","","73080368","6.70635","7.15587","1.3217","886","14407","thing","Spicy","2","6","20","20","15","2020","3,4,5,6","4,5","8+","No necessary in-game text","","","","","","standalone","","","","",""
"Splendor","148228","0","0","0","1","0","0","0","0","0","0","0","3","","","","","","28428523","7.29191","7.41878","1.7774","237","133021","thing","Splendor","2","4","30","30","30","2014","2,3,4","3","8+","No necessary in-game text","","","","","","standalone","","","","",""
"Splendor Duel","364073","0","0","0","1","0","0","0","0","0","0","0","3","","","","","","102673831","7.5497","7.88472","2.0079","114","34094","thing","Splendor Duel","2","2","30","30","30","2022","2","2","10+","No necessary in-game text","","","","","","standalone","","","","",""
"Spot it!","63268","0","0","0","1","0","0","0","0","0","0","0","3","","","","","","24836002","6.3673","6.53211","1.0388","1631","47860","thing","Spot it!","2","8","15","15","15","2009","2,3,4,5,6,7","4,5","4+","No necessary in-game text","","","","","","standalone","","","","",""
"Spots","372559","0","0","0","1","0","0","0","0","0","0","0","3","","","","","","125443134","6.68107","7.13244","1.2815","925","12105","thing","Spots","1","4","30","30","25","2022","2,3,4","2,3","6+","Moderate in-game text - needs crib sheet or paste ups","","","","","","standalone","","","","",""
"Sprawlopolis","251658","0","0","0","1","0","0","0","0","0","0","0","3","","","","","","90595325","6.9728","7.27432","1.8","517","27469","thing","Sprawlopolis","1","4","20","20","15","2018","1,2","1","8+","Moderate in-game text - needs crib sheet or paste ups","","","","","","standalone","","","","",""
"Spyfall","166384","0","0","0","1","0","0","0","0","0","0","0","3","","","","","","57385356","6.60697","6.74619","1.2305","1058","30573","thing","Spyfall","3","8","15","15","15","2014","4,5,6,7,8","6","12+","Some necessary text - easily memorized or small crib sheet","","","","","","standalone","","","","",""
"Stamp Swap","426796","0","0","0","1","0","0","0","0","0","0","0","3","","","","","","128457032","5.96135","6.98348","2.2333","3342","2562","thing","Stamp Swap","1","5","60","60","20","2024","1,2,3,4,5","4","12+","Moderate in-game text - needs crib sheet or paste ups","","","","","","standalone","","","","",""
"Stella: Dixit Universe","329845","0","0","0","1","0","0","0","0","0","0","0","3","","","","","","102674410","6.65544","7.29195","1.1649","976","8750","thing","Stella: Dixit Universe","3","6","30","30","30","2021","3,4,5,6","5,6","6+","Some necessary text - easily memorized or small crib sheet","","","","","","standalone","","","","",""
"Stew","242324","0","0","0","1","0","0","0","0","0","0","0","3","","","","","","67904243","5.81619","6.60734","1.1905","4506","2499","thing","Stew","2","4","20","20","10","2018","2,3","2","8+","Some necessary text - easily memorized or small crib sheet","","","","","","standalone","","","","",""
"Stick Collection","351809","0","0","0","1","0","0","0","0","0","0","0","3","","","","","","129971084","5.56294","6.37265","1","11639","392","thing","Stick Collection","2","5","20","0","20","2021","2,3,4,5","4,5","","","","","","","","standalone","","","","",""
"Stomp the Plank","367771","0","0","0","1","0","0","0","0","0","0","0","3","","","","","","112055164","5.87249","6.89715","1","3990","1791","thing","Stomp the Plank","2","4","20","20","15","2022","2,3,4","4","4+","No necessary in-game text","","","","","","standalone","","","","",""
"Stone Age","34635","0","0","0","1","0","0","0","0","0","0","0","3","","","","","","31794232","7.3851","7.51462","2.4572","183","61137","thing","Stone Age","2","4","90","90","60","2008","2,3,4","4","10+","No necessary in-game text","","","","","","standalone","","","","",""
"SUPERA","410225","0","0","0","1","0","0","0","0","0","0","0","3","","","","","","129971127","0","7.26","0","0","12","thing","SUPERA","1","8","20","20","10","2023","","","4","No necessary in-game text","","","","","","standalone","","","","",""
"Surfosaurus MAX","394887","0","0","0","1","0","0","0","0","0","0","0","3","","","","","","128455344","5.99561","6.96847","1.1765","3135","1802","thing","Surfosaurus MAX","2","6","20","20","20","2023","3,4,5,6","3","8","No necessary in-game text","","","","","","standalone","","","","",""
"Sushi Go!","133473","0","0","0","1","0","0","0","0","0","0","0","3","","","","","","36780375","6.87489","6.98633","1.1633","643","94562","thing","Sushi Go!","2","5","15","15","15","2013","3,4,5","4","6+","No necessary in-game text","","","","","","standalone","","","","",""
"Taco Cat Goat Cheese Pizza","253664","0","0","0","1","0","0","0","0","0","0","0","3","","","","","","90593185","6.17752","6.50755","1.0359","2266","23130","thing","Taco Cat Goat Cheese Pizza","2","8","30","30","10","2018","3,4,5,6,7,8","4,5,6","6+","No necessary in-game text","","","","","","standalone","","","","",""
"Tajemnicze Domostwo","113997","0","0","0","1","0","0","0","0","0","0","0","3","","","","","","30934666","6.59743","7.08131","1.8287","1076","5415","thing","Tajemnicze Domostwo","2","7","60","60","30","2013","3,4,5,6,7","4,5","8+","No necessary in-game text","","","","","","standalone","","","","",""
"Take 5","432","0","0","0","1","0","0","0","0","0","0","0","3","","","","","","90593270","6.85344","6.98114","1.1901","674","48360","thing","Take 5","2","10","45","45","45","1994","3,4,5,6,7,8,9,10","5,6","8+","No necessary in-game text","","","","","","standalone","","","","",""
"The Taverns of Tiefenthal","269207","0","0","0","1","0","0","0","0","0","0","0","3","","","","","","90590794","7.27821","7.57552","2.6936","245","28297","thing","The Taverns of Tiefenthal","2","4","60","60","60","2019","2,3,4","2,3","10+","No necessary in-game text","","","","","","standalone","","","","",""
"Terra","153507","0","0","0","1","0","0","0","0","0","0","0","3","","","","","","90593677","6.15866","6.79707","1.4928","2345","3410","thing","Terra","2","6","45","45","45","2014","2,3,4,5,6","4","10+","Extensive use of text - massive conversion needed to be playable","","","","","","standalone","","","","",""
"Terra Magyarország","416686","0","0","0","1","0","0","0","0","0","0","0","3","","","","","","128455438","0","5.66667","0","0","13","thing","Terra Magyarország","2","5","45","45","45","2024","","","","","","","","","","standalone","","","","",""
"Terra Mystica","120677","0","0","0","1","0","0","0","0","0","0","0","3","","","","","","32454968","7.86467","8.03695","3.9741","35","54328","thing","Terra Mystica","2","5","150","150","60","2012","2,3,4,5","4","12+","No necessary in-game text","","","","","","standalone","","","","",""
"Terraforming Mars","167791","0","0","0","1","0","0","0","0","0","0","0","3","","","","","","47340134","8.193","8.34255","3.266","8","153775","thing","Terraforming Mars","1","5","120","120","120","2016","1,2,3,4","3","12+","Extensive use of text - massive conversion needed to be playable","","","","","","standalone","","","","",""
"Terraforming Mars: Ares Expedition","328871","0","0","0","1","0","0","0","0","0","0","0","3","","","","","","95147538","7.37809","7.64143","2.9172","186","38675","thing","Terraforming Mars: Ares Expedition","1","4","60","60","45","2021","1,2,3,4","3","12+","Moderate in-game text - needs crib sheet or paste ups","","","","","","standalone","","","","",""
"Terraforming Mars: The Dice Game","296108","0","0","0","1","0","0","0","0","0","0","0","3","","","","","","112055174","6.60004","7.3204","2.4098","1070","9299","thing","Terraforming Mars: The Dice Game","1","4","45","45","45","2023","1,2,3,4","2","10+","Some necessary text - easily memorized or small crib sheet","","","","","","standalone","","","","",""
"That Time You Killed Me","344258","0","0","0","1","0","0","0","0","0","0","0","3","","","","","","116544644","6.43414","7.35443","2.3462","1462","5186","thing","That Time You Killed Me","2","2","30","30","15","2021","2","2","10+","No necessary in-game text","","","","","","standalone","","","","",""
"That's Pretty Clever!","244522","0","0","0","1","0","0","0","0","0","0","0","3","","","","","","102673695","7.36664","7.55659","1.8562","197","44831","thing","That's Pretty Clever!","1","4","30","30","30","2018","1,2,3,4","2","8+","No necessary in-game text","","","","","","standalone","","","","",""
"This is Mine!","387911","0","0","0","1","0","0","0","0","0","0","0","3","","","","","","129971139","5.52933","7.49756","0","16399","93","thing","This is Mine!","2","4","45","45","30","2023","","","","","","","","","","standalone","","","","",""
"Ticket to Ride: Europe","14996","0","0","0","1","0","0","0","0","0","0","0","3","","","","","","26677711","7.39742","7.52518","1.9171","174","132546","thing","Ticket to Ride: Europe","2","5","60","60","30","2005","2,3,4,5","4","8+","No necessary in-game text","","","","","","standalone","","","","",""
"Tikal","54","0","0","0","1","0","0","0","0","0","0","0","3","","","","","","24835891","7.11168","7.31898","2.7772","371","28794","thing","Tikal","2","4","90","90","90","1999","2,3,4","4","10+","No necessary in-game text","","","","","","standalone","","","","",""
"Tiletum","351913","0","0","0","1","0","0","0","0","0","0","0","3","","","","","","112055265","7.20773","7.86356","3.394","292","9940","thing","Tiletum","1","4","100","100","60","2022","1,2,3","2,3","14+","No necessary in-game text","","","","","","standalone","","","","",""
"Time Bomb","236217","0","0","0","1","0","0","0","0","0","0","0","3","","","","","","90593013","6.24179","7.14759","1.0702","2022","3683","thing","Time Bomb","4","8","30","30","1","2016","5,6,7,8","6","10+","No necessary in-game text","","","","","","standalone","","","","",""
"Timeline: Music & Cinema","145189","0","0","0","1","0","0","0","0","0","0","0","1","","","","","","37116175","6.21874","6.72112","1.086","2115","7035","thing","Timeline: Music & Cinema","2","8","15","15","15","2013","2,3,4,5,6,7,8","4,5,6","10+","Some necessary text - easily memorized or small crib sheet","","","","","","standalone","","","","",""
"Tiny Towns","265736","0","0","0","1","0","0","0","0","0","0","0","3","","","","","","67904210","6.99331","7.18966","2.0678","495","35178","thing","Tiny Towns","1","6","60","60","45","2019","1,2,3,4,5","3","10+","Moderate in-game text - needs crib sheet or paste ups","","","","","","standalone","","","","",""
"Top Ten","300905","0","0","0","1","0","0","0","0","0","0","0","3","","","","","","102674155","6.76388","7.40557","1.0811","790","8539","thing","Top Ten","4","9","30","30","30","2020","4,5,6,7,8,9","6,7,8","12+","Extensive use of text - massive conversion needed to be playable","","","","","","standalone","","","","",""
"Tower of Doubt","155195","0","0","0","1","0","0","0","0","0","0","0","3","","","","","","129971101","5.54045","6.7142","2","14248","241","thing","Tower of Doubt","2","2","20","20","10","2012","2","2","","No necessary in-game text","","","","","","standalone","","","","",""
"Travelin'","205961","0","0","0","1","0","0","0","0","0","0","0","3","","","","","","128455968","5.6356","6.86998","1.3125","7726","664","thing","Travelin'","2","5","50","50","20","2017","3,4,5","4,5","8","Moderate in-game text - needs crib sheet or paste ups","","","","","","standalone","","","","",""
"Trekking Through History","353288","0","0","0","1","0","0","0","0","0","0","0","3","","","","","","112051982","6.96382","7.53351","1.7551","535","12298","thing","Trekking Through History","1","4","60","60","30","2022","1,2,3,4","3","8+","No necessary in-game text","","","","","","standalone","","","","",""
"Trial by Trolley","282171","0","0","0","1","0","0","0","0","0","0","0","3","","","","","","97507503","5.78002","6.02107","1.0253","4932","11048","thing","Trial by Trolley","3","13","90","90","30","2020","3,4,5,6,7,8,9,10","5,7","16+","Unplayable in another language","","","","","","standalone","","","","",""
"Trio","352515","0","0","0","1","0","0","0","0","0","0","0","3","","","","","","112052109","6.97012","7.38881","1.0457","525","19984","thing","Trio","3","6","15","15","15","2021","3,4,5,6","4,5","6+","No necessary in-game text","","","","","","standalone","","","","",""
"Tucano","318556","0","0","0","1","0","0","0","0","0","0","0","3","","","","","","90591974","5.79209","6.4396","1.0811","4788","1850","thing","Tucano","2","4","15","15","15","2021","2,3,4","2","6+","No necessary in-game text","","","","","","standalone","","","","",""
"Twin It!","222887","0","0","0","1","0","0","0","0","0","0","0","3","","","","","","57386276","5.86592","6.7277","1","4045","2527","thing","Twin It!","2","6","10","10","5","2017","2,3,4,5,6","4","5+","No necessary in-game text","","","","","","standalone","","","","",""
"Twisty","258761","0","0","0","1","0","0","0","0","0","0","0","3","","","","","","102674649","5.5556","7.09894","1.4","12306","213","thing","Twisty","2","4","30","30","20","2018","2,3,4","4","","No necessary in-game text","","","","","","standalone","","","","",""
"Undergrove","376740","0","0","0","1","0","0","0","0","0","0","0","3","","","","","","131116115","6.0249","7.04993","2.9","2971","3532","thing","Undergrove","1","4","75","75","60","2024","1,2,3,4","3","10+","Moderate in-game text - needs crib sheet or paste ups","","","","","","standalone","","","","",""
"Underwater Cities","247763","0","0","0","1","0","0","0","0","0","0","0","3","","","","","","57386308","7.77408","8.04236","3.5801","50","29044","thing","Underwater Cities","1","4","150","150","80","2018","1,2,3","2","12+","Moderate in-game text - needs crib sheet or paste ups","","","","","","standalone","","","","",""
"Unmatched: Cobble & Fog","294484","0","0","0","1","0","0","0","0","0","0","0","3","","","","","","102674487","7.37638","7.93406","1.9712","187","21169","thing","Unmatched: Cobble & Fog","2","4","40","40","20","2020","2,4","2","10+","Moderate in-game text - needs crib sheet or paste ups","","","","","","standalone","","","","",""
"Unmatched: Robin Hood vs. Bigfoot","274638","0","0","0","1","0","0","0","0","0","0","0","3","","","","","","128456431","7.06962","7.89856","1.9153","418","12834","thing","Unmatched: Robin Hood vs. Bigfoot","2","2","20","20","20","2019","2","2","10+","Moderate in-game text - needs crib sheet or paste ups","","","","","","standalone","","","","",""
"The Vale of Eternity","385529","0","0","0","1","0","0","0","0","0","0","0","3","","","","","","128454133","7.11611","7.60185","2.1483","368","13424","thing","The Vale of Eternity","2","4","45","45","30","2023","2,3,4","3","10+","Moderate in-game text - needs crib sheet or paste ups","","","","","","standalone","","","","",""
"Verdant","334065","0","0","0","1","0","0","0","0","0","0","0","3","","","","","","116543105","6.78693","7.27579","2.0747","757","14848","thing","Verdant","1","5","60","60","45","2022","1,2,3,4","2,3","10+","Some necessary text - easily memorized or small crib sheet","","","","","","standalone","","","","",""
"Viking See-Saw","351810","0","0","0","1","0","0","0","0","0","0","0","3","","","","","","129971073","6.05888","7.14696","1.0417","2806","2126","thing","Viking See-Saw","2","4","10","10","10","2021","2,3,4","2,4","6+","No necessary in-game text","","","","","","standalone","","","","",""
"Viscounts of the West Kingdom","296151","0","0","0","1","0","0","0","0","0","0","0","3","","","","","","90590676","7.37281","7.80562","3.4559","192","21642","thing","Viscounts of the West Kingdom","1","4","90","90","60","2020","1,2,3,4","3","12+","No necessary in-game text","","","","","","standalone","","","","",""
"Viticulture Essential Edition","183394","0","0","0","1","0","0","0","0","0","0","0","3","","","","","","47339975","7.81428","7.96448","2.895","43","75500","thing","Viticulture Essential Edition","1","6","90","90","45","2015","1,2,3,4,5","3,4","12+","Moderate in-game text - needs crib sheet or paste ups","","","","","","standalone","","","","",""
"VoxPop: The Card Game","413782","0","0","0","1","0","0","0","0","0","0","0","3","","","","","","128456539","0","0","0","0","1","thing","VoxPop: The Card Game","2","8","30","30","15","2022","","","","","","","","","","standalone","","","","",""
"Waterfall Park","396618","0","0","0","1","0","0","0","0","0","0","0","3","","","","","","112055198","5.95538","7.06805","1.95","3384","2468","thing","Waterfall Park","3","5","45","45","45","2023","4,5","5","8+","No necessary in-game text","","","","","","standalone","","","","",""
"Watergate","274364","0","0","0","1","0","0","0","0","0","0","0","3","","","","","","102674307","7.39207","7.73166","2.2749","179","24099","thing","Watergate","2","2","60","60","30","2019","2","2","12+","Extensive use of text - massive conversion needed to be playable","","","","","","standalone","","","","",""
"Wavelength","262543","0","0","0","1","0","0","0","0","0","0","0","3","","","","","","90595415","6.97995","7.21427","1.1199","507","30066","thing","Wavelength","2","12","45","45","30","2019","4,5,6,7,8,9,10,11,12","6,8","10+","Moderate in-game text - needs crib sheet or paste ups","","","","","","standalone","","","","",""
"Welcome Back to the Dungeon","195043","0","0","0","1","0","0","0","0","0","0","0","3","","","","","","67904297","6.28359","6.69601","1.3099","1874","10675","thing","Welcome Back to the Dungeon","2","4","30","30","30","2016","2,3,4","3,4","8+","Some necessary text - easily memorized or small crib sheet","","","","","","standalone","","","","",""
"Welcome to the Dungeon","150312","0","0","0","1","0","0","0","0","0","0","0","3","","","","","","39049014","6.37639","6.53009","1.237","1611","27124","thing","Welcome to the Dungeon","2","4","30","30","30","2013","2,3,4","3","8+","Some necessary text - easily memorized or small crib sheet","","","","","","standalone","","","","",""
"The West Kingdom Tomesaga","296152","0","0","0","1","0","0","0","0","0","0","0","3","","","","","","125373510","6.02567","7.60304","3.3","0","7640","thing","The West Kingdom Tomesaga","2","6","240","240","60","2020","2,3","3","","","","","","","","expansion","","","","",""
"When I Dream","198454","0","0","0","1","0","0","0","0","0","0","0","3","","","","","","47340119","6.50404","6.93126","1.1889","1282","11050","thing","When I Dream","4","10","40","40","20","2016","4,5,6,7,8,9,10","6","8+","Unplayable in another language","","","","","","standalone","","","","",""
"Whirling Witchcraft","335275","0","0","0","1","0","0","0","0","0","0","0","3","","","","","","90592628","6.25989","7.18414","1.8302","1952","3682","thing","Whirling Witchcraft","2","5","30","30","15","2021","2,3,4,5","3","8+","Some necessary text - easily memorized or small crib sheet","","","","","","standalone","","","","",""
"The White Castle","371942","0","0","0","1","0","0","0","0","0","0","0","3","","","","","","125373246","7.66656","7.99071","3.0513","76","34249","thing","The White Castle","1","4","80","80","80","2023","1,2,3,4","3","12+","No necessary in-game text","","","","","","standalone","","","","",""
"Wilmot's Warehouse","424975","0","0","0","1","0","0","0","0","0","0","0","3","","","","","","133027189","6.1773","7.54852","1.1905","2267","2199","thing","Wilmot's Warehouse","2","6","30","30","30","2024","2,3,4,5,6","4","6+","Moderate in-game text - needs crib sheet or paste ups","","","","","","standalone","","","","",""
"Wingspan","266192","0","0","0","1","0","0","0","0","0","0","0","3","","","","","","71195010","7.85571","8.00726","2.475","38","171008","thing","Wingspan","1","5","70","70","40","2019","1,2,3,4","3","10+","Extensive use of text - massive conversion needed to be playable","","","","","","standalone","","","","",""
"The Wolves","368058","0","0","0","1","0","0","0","0","0","0","0","3","","","","","","112055201","6.6189","7.26674","2.8239","1042","7634","thing","The Wolves","2","5","75","75","75","2022","2,3,4","3","12+","Some necessary text - easily memorized or small crib sheet","","","","","","standalone","","","","",""
"Wormlord","282347","0","0","0","1","0","0","0","0","0","0","0","3","","","","","","90591425","5.50089","5.7","1","24661","83","thing","Wormlord","2","8","10","10","5","2019","","","","","","","","","","standalone","","","","",""
"Wyrmspan","410201","0","0","0","1","0","0","0","0","0","0","0","3","","","","","","128456808","7.50351","7.96922","2.8073","132","28423","thing","Wyrmspan","1","5","90","90","90","2024","1,2,3,4","3","12+","Moderate in-game text - needs crib sheet or paste ups","","","","","","standalone","","","","",""
"Xylotar","414302","0","0","0","1","0","0","0","0","0","0","0","3","","","","","","129971016","5.80179","6.92776","1.8571","4665","1245","thing","Xylotar","2","5","30","30","30","2024","2,3,4,5","4","10+","No necessary in-game text","","","","","","standalone","","","","",""
"Yeti in the House","263097","0","0","0","1","0","0","0","0","0","0","0","3","","","","","","129971052","5.51919","6.51328","1","19103","226","thing","Yeti in the House","2","10","45","45","15","2018","2,3,4,5,6,7,8,9,10","2","6+","","","","","","","standalone","","","","",""
"Yōkai","269146","0","0","0","1","0","0","0","0","0","0","0","3","","","","","","73080326","5.85326","6.59385","1.5312","4172","2216","thing","Yōkai","2","4","35","35","15","2019","2,3,4","3,4","8+","No necessary in-game text","","","","","","standalone","","","","",""
"You're Bluffing!","1117","0","0","0","1","0","0","0","0","0","0","0","3","","","","","","90594049","6.18976","6.5843","1.6294","2229","8631","thing","You're Bluffing!","3","5","45","45","45","1985","3,4,5","5","10+","No necessary in-game text","","","","","","standalone","","","","",""
"YUBIBO","425602","0","0","0","1","0","0","0","0","0","0","0","3","","","","","","128457074","5.61311","7.0257","1.25","8558","229","thing","YUBIBO","2","8","10","10","5","2024","2,3,4,5,6,7,8","3,4,5,6","","No necessary in-game text","","","","","","standalone","","","","",""
