objectname,objectid,rating,numplays,weight,own,fortrade,want,wanttobuy,wanttoplay,prevowned,preordered,wishlist,wishlistpriority,wishlistcomment,comment,conditiontext,haspartslist,wantpartslist,collid,baverage,average,avgweight,rank,numowned,objecttype,originalname,minplayers,maxplayers,playingtime,maxplaytime,minplaytime,yearpublished,bggrecplayers,bggbestplayers,bggrecagerange,bgglanguagedependence,publisherid,imageid,year,language,other,itemtype,barcode,version_publishers,version_languages,version_yearpublished,version_nickname
"1%","378040","0","0","0","1","0","0","0","0","0","0","0","3","","","","","","137372277","5.59042","6.74855","1.6","9683","390","thing","1%: A Game of Strategic Chance","2","6","30","30","10","2024","3,4,5,6","6","","","","","","","","standalone","","Gém Klub Kft.","Hungarian","2024","Hungarian edition"
"20 Bucks for That?!","431281","0","0","0","1","1","0","0","0","0","0","0","1","","","","","","137372366","0","5.758","1","0","48","thing","20 Bucks for That?!","3","7","25","25","25","2025","","","","","","","","","","standalone","","Blue Orange (EU)","English","2025","English edition"
"3000 Bandita","367525","0","0","0","1","0","0","0","0","0","0","0","3","","","","","","137372421","5.74024","6.33246","2.25","5463","2148","thing","3000 Scoundrels","2","4","90","90","60","2022","2,3,4","3","12+","Moderate in-game text - needs crib sheet or paste ups","","","","","","standalone","","Gém Klub Kft.; Unexpected Games","Hungarian","2022","Hungarian edition"
"365 Adventures: The Dungeon – 2025","424055","0","0","0","1","1","0","0","0","0","0","0","1","","","","","","137372462","5.53533","6.73765","1","15125","313","thing","365 Adventures: The Dungeon – 2025","1","1","5","5","2","2024","1","1","6+","","","","","","","standalone","","","","",""
"5 Royaumes","419259","0","0","0","1","1","0","0","0","0","0","0","3","","","","","","137372498","5.51337","6.8","2","20897","82","thing","5 Royaumes","2","2","20","20","10","2024","2","2","10+","No necessary in-game text","","","","","","standalone","","","","",""
"5 torony","400205","0","0","0","1","0","0","0","0","0","0","0","1","","","","","","137372516","6.14574","6.72963","1.25","2398","5412","thing","5 Towers","2","5","30","30","15","2024","2,3,4,5","4","8+","No necessary in-game text","","","","","","standalone","","Gém Klub Kft.","Hungarian","2024","Hungarian edition"
"7 Csoda (2021-es kiadás)","316377","0","0","0","1","0","0","0","0","0","0","0","3","","","","","","137372539","7.34666","7.82849","2.2893","208","18088","thing","7 Wonders (Second Edition)","3","7","30","30","30","2021","3,4,5,6,7","4,5","10+","No necessary in-game text","","","","","","standalone","","Gém Klub Kft.; Repos Production","Hungarian","2021","Hungarian edition"
"7 Csoda Párbaj","173346","0","0","0","1","0","0","0","0","0","0","0","3","","","","","","137372557","7.95755","8.08182","2.2272","21","177711","thing","7 Wonders Duel","2","2","30","30","30","2016","2","2","10+","No necessary in-game text","","","","","","standalone","","Gém Klub Kft.; Repos Production","Hungarian","2016","Hungarian edition"
"7 Csoda Párbaj: Agora","309116","0","0","0","1","0","0","0","0","0","0","0","3","","","","","","137372565","7.2557","8.06975","2.8898","0","22703","thing","7 Wonders Duel: Agora","2","2","30","30","30","2021","2","2","12+","No necessary in-game text","","","","","","expansion","","Gém Klub Kft.; Repos Production","Hungarian","2021","Hungarian edition"
"7 Csoda Párbaj: Panteon","202976","0","0","0","1","0","0","0","0","0","0","0","3","","","","","","137372567","7.62876","7.99938","2.3196","0","49759","thing","7 Wonders Duel: Pantheon","2","2","30","30","30","2020","2","2","10+","No necessary in-game text","","","","","","expansion","","Gém Klub Kft.; Repos Production","Hungarian","2020","Hungarian edition"
"7 Csoda: Építészek","346703","0","0","0","1","0","0","0","0","0","0","0","3","","","","","","137372549","6.75845","7.03294","1.3669","798","18608","thing","7 Wonders: Architects","2","7","25","25","25","2021","2,3,4,5,6,7","4","6+","No necessary in-game text","","","","","","standalone","","Gém Klub Kft.; Repos Production","Hungarian","2021","Hungarian edition"
"7 Empires","410103","0","0","0","1","0","0","0","0","0","0","0","3","","","","","","137372607","5.88344","7.45877","2.9722","3902","836","thing","7 Empires","2","6","150","150","90","2024","3,4,5,6","4,5","14+","No necessary in-game text","","","","","","standalone","","","","",""
"7 Wonders (Second Edition): Leaders","316380","0","0","0","1","0","0","0","0","0","0","0","3","","Magyar kiadás
","","","","137372589","6.271","8.17728","2.4211","0","4367","thing","7 Wonders (Second Edition): Leaders","3","7","40","40","40","2020","3,4,5,6,7","4,5","10+","","","","","","","expansion","","","","",""
"Abalone","526","0","0","0","1","0","0","0","0","0","0","0","1","","Abalone Go magyar kiadás
","","","","137374655","6.22047","6.48589","2.1517","2108","13916","thing","Abalone","2","2","30","30","30","1987","2","2","8+","No necessary in-game text","","","","","","standalone","","","","",""
"Abomination: The Heir of Frankenstein","239472","0","0","0","1","0","0","0","0","0","0","0","3","","","","","","137374677","6.67708","7.44869","3.2467","931","7688","thing","Abomination: The Heir of Frankenstein","2","4","180","180","90","2019","2,3,4","3","14+","Extensive use of text - massive conversion needed to be playable","","","","","","standalone","","","","",""
"Adulthood","416780","0","0","0","1","0","0","0","0","0","0","0","1","","","","","","137374684","5.65165","7.13425","2.375","7263","648","thing","Adulthood","1","4","45","45","45","2024","2,3,4","4","","","","","","","","standalone","","","","",""
"After the Empire","200511","0","0","0","1","0","0","0","0","0","0","0","1","","","","","","137374694","6.36263","7.43567","3.1286","1641","3578","thing","After the Empire","2","4","120","120","60","2022","1,2,3,4","2,3","14+","Moderate in-game text - needs crib sheet or paste ups","","","","","","standalone","","Gém Klub Kft.","Hungarian","2022","Hungarian edition"
"An Age Contrived: Ad Infinitum","411570","0","0","0","1","1","0","0","0","0","0","0","1","","","","","","137374889","5.51477","6.75625","3","0","646","thing","An Age Contrived: Ad Infinitum","1","5","120","120","60","2024","","","","","","","","","","expansion","","","","",""
"Age of Galaxy","330950","0","0","0","1","1","0","0","0","0","0","0","1","","","","","","137374729","6.34262","7.58788","3.1416","1705","4543","thing","Age of Galaxy","1","4","60","60","45","2022","1,2,3,4","3","12+","Moderate in-game text - needs crib sheet or paste ups","","","","","","standalone","","","","",""
"Agricola 15","359999","0","0","0","1","0","0","0","0","0","0","0","1","","","","","","137374740","5.94954","7.76406","3.3704","0","2115","thing","Agricola 15","1","4","120","120","30","2022","1,2,3,4","3,4","10+","Extensive use of text - massive conversion needed to be playable","","","","","","standalone","","","","",""
"AI: 100% Human","416086","0","0","0","1","0","0","0","0","0","0","0","1","","","","","","137374749","5.7056","7.18494","2.4286","6039","547","thing","AI: 100% Human","1","6","45","45","30","2024","1,3,4,5,6","1,3","12+","No necessary in-game text","","","","","","standalone","","","","",""
"Álarcosbál","139030","0","0","0","1","0","0","0","0","0","0","0","1","","","","","","137374758","6.33314","6.55295","1.5312","1728","17755","thing","Mascarade","2","13","30","30","30","2018","4,5,6,7,8,9,10,11","6,7,8","10+","No necessary in-game text","","","","","","standalone","","Repos Production","Hungarian","2018","Hungarian edition"
"Alibis","435423","0","0","0","1","0","0","0","0","0","0","0","1","","","","","","137374767","5.76369","7.13597","1.4286","5130","930","thing","Alibis","2","6","20","20","20","2025","3,4,5,6","6","","","","","","","","standalone","","","","",""
"Alkonyat","393175","0","0","0","1","0","0","0","0","0","0","0","1","","","","","","137374780","5.88615","6.93788","2.2143","3883","3130","thing","Nocturne","1","4","45","45","30","2025","1,2,3,4","2","8+","Some necessary text - easily memorized or small crib sheet","","","","","","standalone","","Alderac Entertainment Group; Flatout Games; Gém Klub Kft.","Hungarian","2025","Hungarian edition"
"Állati fogások","393429","0","0","0","1","0","0","0","0","0","0","0","1","","","","","","137374788","6.52309","7.85875","2.4769","1235","5632","thing","Critter Kitchen","1","5","60","60","60","2025","1,2,3,4,5","4","8+","Moderate in-game text - needs crib sheet or paste ups","","","","","","standalone","","Cardboard Alchemy; Gém Klub Kft.","Hungarian","2025","Hungarian edition"
"Álomház","194880","0","0","0","1","0","0","0","0","0","0","0","1","","","","","","137374822","6.50757","6.85993","1.6548","1272","11980","thing","Dream Home","2","4","30","30","30","2017","2,3,4","3,4","6+","Some necessary text - easily memorized or small crib sheet","","","","","","standalone","","Gém Klub Kft.; Rebel Sp. z o.o.","Hungarian","2017","Hungarian edition"
"Álomház: Napsugárút 156","232291","0","0","0","1","0","0","0","0","0","0","0","1","","","","","","137374825","6.00679","7.25493","1.6875","0","3451","thing","Dream Home: 156 Sunny Street","1","6","30","30","30","2022","2,3,4,5,6","4,6","6+","Some necessary text - easily memorized or small crib sheet","","","","","","expansion","","Gém Klub Kft.","Hungarian","2022","Hungarian edition"
"Amazónia","368305","0","0","0","1","0","0","0","0","0","0","0","1","","","","","","137374835","6.92311","8.11059","2.8145","582","5661","thing","Life of the Amazonia","1","4","150","150","60","2024","1,2,3","2","10+","Some necessary text - easily memorized or small crib sheet","","","","","","standalone","","Gém Klub Kft.","Hungarian","2024","Hungarian edition"
"Amelia's Secret","341546","0","0","0","1","1","0","0","0","0","0","0","1","","","","","","137374852","5.51746","5.8284","1.6667","19593","630","thing","Amelia's Secret","1","4","60","60","20","2021","1,2","2","","Moderate in-game text - needs crib sheet or paste ups","","","","","","standalone","","","","",""
"Amerigo","38924","0","0","0","1","1","0","0","0","0","0","0","1","","","","","","137374862","5.51909","5.80529","2","19143","274","thing","Amerigo","2","4","30","30","30","2008","2,3,4","4","10+","No necessary in-game text","","","","","","standalone","","","","",""
"Anarchista palacsinta","390151","0","0","0","1","0","0","0","0","0","0","0","1","","","","","","137374901","5.4939","5.52768","1","26260","1256","thing","Anarchy Pancakes","2","6","5","5","5","2024","2,3,4,5,6","3,4","5+","No necessary in-game text","","","","","","standalone","","Gém Klub Kft.","Hungarian","2024","Hungarian edition"
"Anchors Aweigh!","245704","0","0","0","1","1","0","0","0","0","0","0","3","","","","","","137374806","5.57473","6.44727","1.3333","10687","536","thing","Anchors Aweigh!","2","4","30","30","30","2018","2,3,4","4","5+","No necessary in-game text","","","","","","standalone","","","","",""
"Androméda","358661","0","0","0","1","0","0","0","0","0","0","0","1","","","","","","137374910","7.34639","8.29543","3.7096","209","9188","thing","Andromeda's Edge","2","4","160","160","80","2024","1,2,3,4","3","14+","Moderate in-game text - needs crib sheet or paste ups","","","","","","standalone","","Cardboard Alchemy; Gém Klub Kft.","Hungarian","2024","Hungarian edition"
"Animal Words","430360","0","0","0","1","1","0","0","0","0","0","0","3","","","","","","137459460","0","7","0","0","14","thing","Animal Words","2","6","20","20","10","2024","","","","","","","","","","standalone","","","","",""
"Animotion","156461","0","0","0","1","1","0","0","0","0","0","0","1","","","","","","137374917","5.50635","5.7369","1","23129","214","thing","Animotion","3","8","20","20","20","2014","5,6,7,8","6,7,8","","Extensive use of text - massive conversion needed to be playable","","","","","","standalone","","","","",""
"Anomaly","422880","0","0","0","1","0","0","0","0","0","0","0","3","","","","","","137459517","0","0","0","0","2","thing","Anomaly","1","1","60","60","30","0","","","","","","","","","","standalone","","","","",""
"Aquaretto","34194","0","0","0","1","0","0","0","0","0","0","0","1","","","","","","137460195","6.2487","6.97027","2.1157","1991","3306","thing","Aquaretto","2","5","45","45","45","2008","2,3,4,5","4","8+","No necessary in-game text","","","","","","standalone","","ABACUSSPIELE; Gém Klub Kft.","Hungarian","0","Hungarian edition"
"AquaSphere","289223","0","0","0","1","0","0","0","0","0","0","0","1","","","","","","137460202","5.64602","7.59337","3.8333","0","583","thing","AquaSphere","2","4","100","100","100","2019","2,3,4","4","12+","No necessary in-game text","","","","","","standalone","","","","",""
"Aranyfolyó","399941","0","0","0","1","0","0","0","0","0","0","0","1","","","","","","137460225","6.70008","7.56111","2.4737","897","5008","thing","River of Gold","2","4","90","90","60","2025","2,3,4","3","12+","Some necessary text - easily memorized or small crib sheet","","","","","","standalone","","Gém Klub Kft.; Office Dog","Hungarian","2025","Hungarian edition"
"Arcs","359871","0","0","0","1","0","0","0","0","0","0","0","1","","","","","","137460230","7.57347","8.0393","3.4206","105","24255","thing","Arcs","2","4","120","120","60","2024","2,3,4","3,4","12+","Extensive use of text - massive conversion needed to be playable","","","","","","standalone","","","","",""
"Ark Nova","342942","0","0","0","1","0","0","0","0","0","0","0","1","","","","","","137460267","8.35311","8.54039","3.7904","3","82675","thing","Ark Nova","1","4","150","150","90","2023","1,2,3","2","12+","Extensive use of text - massive conversion needed to be playable","","","","","","standalone","","Gém Klub Kft.","Hungarian","2023","Hungarian second edition"
"Ark Nova: 1. térképcsomag","368158","0","0","0","1","0","0","0","0","0","0","0","1","","","","","","137460276","6.76245","8.19375","3.125","0","12098","thing","Ark Nova: Zoo Map Pack 1","1","4","150","150","90","2022","1,2,3,4","2","12+","","","","","","","expansion","","Gém Klub Kft.","Hungarian","2022","Hungarian edition"
"Ark Nova: 2. Térképcsomag","426978","0","0","0","1","0","0","0","0","0","0","0","1","","","","","","137460278","6.39488","8.59374","3.7143","0","7163","thing","Ark Nova: Zoo Map Pack 2","1","4","150","150","90","2024","1,2,3,4","2","12+","Some necessary text - easily memorized or small crib sheet","","","","","","expansion","","Feuerland Spiele; Gém Klub Kft.","Hungarian","2024","Hungarian edition"
"Ark Nova: Menedék","441696","0","0","0","1","0","0","0","0","0","0","0","1","","","","","","137460280","6.15616","7.66774","2.8028","2349","2317","thing","Sanctuary","1","5","100","100","40","2025","1,2,3,4","2,3","10+","Moderate in-game text - needs crib sheet or paste ups","","","","","","standalone","","Gém Klub Kft.","Hungarian","2025","Hungarian edition"
"Ark Nova: Vízi világ kiegészítő","368966","0","0","0","1","0","0","0","0","0","0","0","1","","","","","","137460273","7.97544","8.91091","3.8385","0","25134","thing","Ark Nova: Marine Worlds","1","4","150","150","90","2023","1,2,3,4","2","12+","Extensive use of text - massive conversion needed to be playable","","","","","","expansion","","Gém Klub Kft.","Hungarian","2023","Hungarian edition"
"Arnak elveszett romjai","312484","0","0","0","1","0","0","0","0","0","0","0","1","","","","","","137460396","7.90714","8.07544","2.9322","30","81310","thing","Lost Ruins of Arnak","1","4","120","120","30","2021","1,2,3,4","3","10+","Moderate in-game text - needs crib sheet or paste ups","","","","","","standalone","","Gém Klub Kft.","Hungarian","2021","Hungarian edition"
"Arnak elveszett romjai: Az eltűnt expedíció","382350","0","0","0","1","0","0","0","0","0","0","0","1","","","","","","137460401","7.24785","8.66038","3.2581","0","17169","thing","Lost Ruins of Arnak: The Missing Expedition","1","4","120","120","30","2023","1,2,3,4","1,2,3","12+","Moderate in-game text - needs crib sheet or paste ups","","","","","","expansion","","Gém Klub Kft.","Hungarian","2023","Hungarian edition"
"Arnak: Uudet Retkikunnat","341254","0","0","0","1","0","0","0","0","0","0","0","1","","","","","","137460399","7.99152","8.70035","3.1053","0","32989","thing","Lost Ruins of Arnak: Expedition Leaders","1","4","120","120","30","2024","1,2,3,4","3","12+","Moderate in-game text - needs crib sheet or paste ups","","","","","","expansion","","Czech Games Edition; Lautapelit.fi","Finnish","2024","Finnish edition"
"Át a sivatagon","503","0","0","0","1","0","0","0","0","0","0","0","1","","","","","","137460417","6.95267","7.17036","2.1645","547","19847","thing","Through the Desert","2","5","45","45","45","2005","2,3,4,5","3","8+","No necessary in-game text","","","","","","standalone","","Fantasy Flight Games","Hungarian","2005","Hungarian edition"
"Avalon","128882","0","0","0","1","0","0","0","0","0","0","0","1","","","","","","137460460","7.307","7.49653","1.736","228","52975","thing","The Resistance: Avalon","5","10","30","30","30","2021","5,6,7,8,9,10","7,8","12+","Some necessary text - easily memorized or small crib sheet","","","","","","standalone","","Matagot","French","2021","French edition 2021"
"Avel védelmezői","347137","0","0","0","1","0","0","0","0","0","0","0","1","","Angol is
","","","","137460434","6.52253","7.51269","1.9556","1238","6899","thing","Chronicles of Avel","1","4","60","60","60","2024","1,2,3,4","3,4","6+","No necessary in-game text","","","","","","standalone","","Gém Klub Kft.","Hungarian","2024","Hungarian edition"
"Azul","230802","0","0","0","1","0","0","0","0","0","0","0","1","","És Azul Mini","","","","137460539","7.61081","7.72109","1.7743","92","173653","thing","Azul","2","4","45","45","30","2018","2,3,4","2","8+","No necessary in-game text","","","","","","standalone","","Gém Klub Kft.","Hungarian","2018","Hungarian edition"
"Azul: A királyi pavilon","287954","0","0","0","1","0","0","0","0","0","0","0","1","","És Azul Mini: A királyi pavilon","","","","137460543","7.30359","7.57546","2.0728","230","31654","thing","Azul: Summer Pavilion","2","4","45","45","30","2020","2,3,4","2,3","8+","No necessary in-game text","","","","","","standalone","","Gém Klub Kft.","Hungarian","2020","Hungarian edition"
"Azul: A királyné kertje","346965","0","0","0","1","0","0","0","0","0","0","0","1","","","","","","137460544","6.85409","7.44193","2.9224","672","13100","thing","Azul: Queen's Garden","2","4","60","60","45","2022","2,3,4","2","12+","No necessary in-game text","","","","","","standalone","","Gém Klub Kft.; Next Move Games","Hungarian","2022","Hungarian edition"
"Azul: Kristálymozaik","294345","0","0","0","1","0","0","0","0","0","0","0","1","","","","","","137460545","6.35941","7.25433","1.6538","0","11434","thing","Azul: Crystal Mosaic","2","4","45","45","30","2020","2,3,4","2","8+","No necessary in-game text","","","","","","expansion","","Gém Klub Kft.; Next Move Games","Hungarian","2020","Hungarian edition"
"Azul: Párbaj","431038","0","0","0","1","0","0","0","0","0","0","0","1","","","","","","137460546","6.21678","7.0022","2.3548","2127","5337","thing","Azul Duel","2","2","45","45","30","2025","2","2","10+","No necessary in-game text","","","","","","standalone","","Gém Klub Kft.","Hungarian","2025","Hungarian edition"
"Azul: Sintra üvegcsodái","256226","0","0","0","1","0","0","0","0","0","0","0","1","","","","","","137460541","6.9973","7.28761","2.01","491","24498","thing","Azul: Stained Glass of Sintra","2","4","45","45","30","2019","2,3,4","3","8+","No necessary in-game text","","","","","","standalone","","Gém Klub Kft.","Hungarian","2019","Hungarian edition"
"Azul: Színpompás pavilon","332613","0","0","0","1","0","0","0","0","0","0","0","1","","","","","","137460548","5.95201","7.60309","2.2222","0","4236","thing","Azul: Summer Pavilion – Glazed Pavilion","2","4","45","45","30","2021","2,3,4","2","8+","No necessary in-game text","","","","","","expansion","","Gém Klub Kft.; Next Move Games","Hungarian","2021","Hungarian edition"
"Bal jobb dilemma","370235","0","0","0","1","0","0","0","0","0","0","0","1","","","","","","137460932","5.54902","5.95563","1","13058","648","thing","Left Right Dilemma","3","6","30","30","30","2022","3,4,5,6","4,5,6","18+","","","","","","","standalone","","Gém Klub Kft.","Hungarian","2022","Hungarian edition"
"Bálnalovasok","305761","0","0","0","1","0","0","0","0","0","0","0","1","","","","","","137460938","6.07878","6.99212","1.85","2706","2409","thing","Whale Riders","2","6","45","45","45","2021","2,3,4,5","4","8+","No necessary in-game text","","","","","","standalone","","Gém Klub Kft.; Grail Games","Hungarian","2021","Hungarian edition"
"Banán Buli Balhé","402747","0","0","0","1","1","0","0","0","0","0","0","1","","Angol is","","","","137460941","5.54383","6.4521","1","13757","318","thing","Mamie Moule Maki","2","8","30","30","15","2025","4,5,6,8","5,6,8","12","","","","","","","standalone","","Gém Klub Kft.","Hungarian","2025","Hungarian edition"
"BANG!","3955","0","0","0","1","0","0","0","0","0","0","0","1","","","","","","137460944","6.32027","6.48671","1.6332","1768","45317","thing","BANG!","4","7","40","40","20","2008","5,6,7","7","10+","Some necessary text - easily memorized or small crib sheet","","","","","","standalone","","DV Games; Gém Klub Kft.","Hungarian","2008","Gém Klub Hungarian edition 2008"
"BANG! Aranyláz","107794","0","0","0","1","0","0","0","0","0","0","0","1","","","","","","137461105","5.83113","6.74491","2.0357","0","3731","thing","BANG! Gold Rush","4","7","40","40","20","2015","5,6,7","5,6","8+","Some necessary text - easily memorized or small crib sheet","","","","","","expansion","","DV Games; Gém Klub Kft.","Hungarian","2015","Hungarian edition"
"BANG! Dodge City","9653","0","0","0","1","0","0","0","0","0","0","0","1","","","","","","137461112","6.36313","6.86696","1.6476","0","9419","thing","BANG! Dodge City","3","8","40","40","20","2012","5,6,7,8","7,8","10+","Some necessary text - easily memorized or small crib sheet","","","","","","expansion","","DV Games; Gém Klub Kft.","Hungarian","2012","Hungarian edition"
"Bang! Gyilkos Kaliber","230505","0","0","0","1","0","0","0","0","0","0","0","1","","
","","","","137461127","5.63535","7.25983","1.6667","0","1341","thing","BANG! Armed & Dangerous","4","7","40","40","20","2019","5,6,7","7","10+","","","","","","","expansion","","Gém Klub Kft.","Hungarian","2019","Hungarian edition"
"Bang! Kiegészítő paklik","183275","0","0","0","1","1","0","0","0","0","0","0","1","","Angol is","","","","137460946","5.5526","6.98232","1.6","0","515","thing","BANG! Expansion Pack","4","7","40","40","20","2020","5,6,7","7","8+","Extensive use of text - massive conversion needed to be playable","","","","","","expansion","","Gém Klub Kft.","Hungarian","2020","Hungarian edition"
"BANG! The Great Train Robbery","349886","0","0","0","1","1","0","0","0","0","0","0","1","","Angol is","","","","137460967","5.53631","7.17462","2","0","520","thing","BANG! The Great Train Robbery","4","7","60","60","60","2023","","","","","","","","","","expansion","","Gém Klub Kft.","Hungarian","2023","Hungarian edition"
"Barik álruhában","339592","0","0","0","1","1","0","0","0","0","0","0","1","","Angol is
","","","","137461369","5.5521","6.89618","1.3333","12693","463","thing","Sheep in Disguise","2","6","45","45","20","2024","2,3,4","3,4","6+","Some necessary text - easily memorized or small crib sheet","","","","","","standalone","","Gém Klub Kft.","Hungarian","2024","Hungarian edition"
"Beaver Creek","386018","0","0","0","1","0","0","0","0","0","0","0","3","","","","","","137461384","5.64033","7.12057","1.0588","7583","557","thing","Beaver Creek","1","5","30","30","15","2023","2,3,4,5","3,4","6+","No necessary in-game text","","","","","","standalone","","","","",""
"Berobbanó cicák","204053","0","0","0","1","0","0","0","0","0","0","0","1","","","","","","137461404","6.4088","6.98043","1.1034","0","22039","thing","Exploding Kittens: Imploding Kittens","2","6","15","0","15","2022","3,4,5,6","4,5","8+","Some necessary text - easily memorized or small crib sheet","","","","","","expansion","","Exploding Kittens; Gém Klub Kft.","Hungarian","2022","Hungarian edition"
"Beyond the Horizon","421310","0","0","0","1","0","0","0","0","0","0","0","1","","","","","","137461412","6.01698","7.13503","3.4318","3001","2208","thing","Beyond the Horizon","2","4","120","120","90","2024","2,3,4","3","14+","Moderate in-game text - needs crib sheet or paste ups","","","","","","standalone","","","","",""
"The Binding of Isaac: Four Souls","255664","0","0","0","1","1","0","0","0","0","0","0","1","","","","","","137720896","6.06917","6.97782","2.0261","2756","7400","thing","The Binding of Isaac: Four Souls","2","4","60","60","30","2018","2,3,4","3","12+","Extensive use of text - massive conversion needed to be playable","","","","","","standalone","","","","",""
"The Binding of Isaac: Four Souls Requiem","336844","0","0","0","1","1","0","0","0","0","0","0","1","","","","","","137720905","5.77806","8.32256","2.75","0","1736","thing","The Binding of Isaac: Four Souls Requiem","1","4","60","60","20","2023","1,2,3,4","3,4","10+","Extensive use of text - massive conversion needed to be playable","","","","","","expansion","","","","",""
"Birodalmi Telepesek","154203","0","0","0","1","0","0","0","0","0","0","0","1","","","","","","137461417","7.10397","7.2953","2.7721","384","34079","thing","Imperial Settlers","1","4","90","90","45","2015","1,2,3,4","2","10+","Moderate in-game text - needs crib sheet or paste ups","","","","","","standalone","","Gém Klub Kft.","Hungarian","2015","Hungarian edition"
"A Birodalom Alkonya","356952","0","0","0","1","0","0","0","0","0","0","0","1","","","","","","137372611","6.20238","6.9547","2.3973","2182","4011","thing","Empire's End","2","4","60","60","45","2023","2,3,4","3,4","12+","Some necessary text - easily memorized or small crib sheet","","","","","","standalone","","Gém Klub Kft.","Hungarian","2023","Hungarian edition"
"Blanco","440390","0","0","0","1","1","0","0","0","0","0","0","1","","","","","","137461433","0","6.84444","0","0","77","thing","Blanco","2","5","30","30","10","2025","","","","","","","","","","standalone","","","","",""
"Blütenreich","432826","0","0","0","1","0","0","0","0","0","0","0","1","","","","","","137461481","5.52641","6.66226","2","0","110","thing","Blütenreich","2","5","0","0","0","2025","2,3,4,5","3,4","","","","","","","","standalone","","","","",""
"Boldog kicsi dinók","325414","0","0","0","1","0","0","0","0","0","0","0","1","","","","","","137461506","5.81095","6.16186","1.3387","4554","13401","thing","Happy Little Dinosaurs","2","4","60","60","30","2021","3,4","4","8+","Extensive use of text - massive conversion needed to be playable","","","","","","standalone","","Gém Klub Kft.; Unstable Games","Hungarian","2021","Hungarian edition"
"Bombairtók","413246","0","0","0","1","0","0","0","0","0","0","0","1","","","","","","137461523","7.45081","8.03793","1.9356","151","16643","thing","Bomb Busters","2","5","30","30","30","2025","2,3,4,5","4","10+","Moderate in-game text - needs crib sheet or paste ups","","","","","","standalone","","Reflexshop","Hungarian","2025","Hungarian edition"
"Boomerang: Australia","296167","0","0","0","1","1","0","0","0","0","0","0","1","","","","","","137461528","6.00261","6.85244","1.5278","3096","1624","thing","Boomerang: Australia","2","4","30","30","15","2020","2,3,4","4","8+","No necessary in-game text","","","","","","standalone","","","","",""
"Boreal","400266","0","0","0","1","0","0","0","0","0","0","0","1","","","","","","137461579","5.68517","6.53722","1.381","6460","825","thing","Boreal","2","2","20","20","15","2025","2","2","10+","No necessary in-game text","","","","","","standalone","","Gém Klub Kft.","Hungarian","2025","Hungarian edition"
"The Brain","391625","0","0","0","1","1","0","0","0","0","0","0","1","","","","","","137720922","5.57877","7.07192","1.8","10414","299","thing","The Brain","1","4","15","15","15","2023","2,3,4","2","","","","","","","","standalone","","","","",""
"Braintopia Beyond","251481","0","0","0","1","0","0","0","0","0","0","0","1","","","","","","137464113","5.64107","6.38407","1.2","7559","1401","thing","Braintopia Beyond","2","6","15","15","15","2018","2,3,4,5,6","4","8+","No necessary in-game text","","","","","","standalone","","","","",""
"Braintopia Kids","203265","0","0","0","1","0","0","0","0","0","0","0","1","","","","","","137464143","5.55232","6.25184","1","12672","639","thing","Braintopia Kids","2","6","30","30","15","2016","4","4","5–8","No necessary in-game text","","","","","","standalone","","","","",""
"Brass: Birmingham","224517","0","0","0","1","0","0","0","0","0","0","0","3","","","","","","137461586","8.39899","8.57146","3.8668","1","78856","thing","Brass: Birmingham","2","4","120","120","60","2020","2,3,4","3,4","14+","No necessary in-game text","","","","","","standalone","","Gém Klub Kft.","Hungarian","2020","Hungarian edition"
"Brazil: Birodalom","249277","0","0","0","1","0","0","0","0","0","0","0","1","","","","","","137461593","6.67444","7.52696","2.9948","936","7072","thing","Brazil: Imperial","1","4","100","100","100","2022","2,3,4","4","12+","Moderate in-game text - needs crib sheet or paste ups","","","","","","standalone","","Gém Klub Kft.; MeepleBR","Hungarian","2022","Hungarian edition"
"Brick Like This!","439310","0","0","0","1","0","0","0","0","0","0","0","1","","Magyar kiadás","","","","137468075","5.59874","6.64151","1.25","9230","785","thing","Brick Like This!","2","8","15","0","15","2025","4,6,8","4","8+","Some necessary text - easily memorized or small crib sheet","","","","","","standalone","","","","",""
"Bruxelles 1893: Belle Époque","345155","0","0","0","1","0","0","0","0","0","0","0","1","","","","","","137461595","6.20542","7.95481","3.3611","2164","2553","thing","Bruxelles 1893: Belle Époque","2","5","120","120","45","2023","2,3,4,5","4","12+","No necessary in-game text","","","","","","standalone","","","","",""
"Bűnjelek: Gyilkosság Hongkongban","156129","0","0","0","1","0","0","0","0","0","0","0","1","","","","","","137461609","7.22186","7.42585","1.5861","279","37002","thing","Deception: Murder in Hong Kong","4","12","20","20","20","2018","5,6,7,8,9,10,11,12","6,7,8","12+","Moderate in-game text - needs crib sheet or paste ups","","","","","","standalone","","Gém Klub Kft.","Hungarian","2018","Hungarian edition"
"Bunny Hops","361335","0","0","0","1","1","0","0","0","0","0","0","1","","","","","","137461603","5.55373","6.36808","1","12509","540","thing","Bunny Hops","4","16","40","40","20","2021","4,5,6,7,8,9,10,11,12,13,14,15,16","6,7","","Unplayable in another language","","","","","","standalone","","","","",""
"Ca$h 'n Gun$","19237","0","0","0","1","0","0","0","0","0","0","0","1","","","","","","137461827","6.3436","6.55087","1.2763","1701","10004","thing","Ca$h 'n Gun$","4","6","30","30","30","2005","4,5,6","6","10+","No necessary in-game text","","","","","","standalone","","","","",""
"Caesar & Cleopatra","132","0","0","0","1","0","0","0","0","0","0","0","3","","","","","","137461629","6.09054","6.40486","1.9127","2652","8521","thing","Caesar & Cleopatra","2","2","60","60","60","2024","2","2","10+","Some necessary text - easily memorized or small crib sheet","","","","","","standalone","","KOSMOS","German","2024","German edition 2024"
"Calico: Foltok, cicák, takarók","283155","0","0","0","1","0","0","0","0","0","0","0","1","","","","","","137461706","7.25358","7.4936","2.1967","261","39649","thing","Calico","1","4","45","45","30","2021","1,2,3,4","2","10+","No necessary in-game text","","","","","","standalone","","Alderac Entertainment Group; Flatout Games; Gém Klub Kft.","Hungarian","2021","Hungarian edition"
"Canvas: Festői vásznak","290236","0","0","0","1","0","0","0","0","0","0","0","1","","","","","","137461714","6.92815","7.206","1.7249","576","30400","thing","Canvas","1","5","30","30","30","2021","1,2,3,4,5","3,4","8+","Some necessary text - easily memorized or small crib sheet","","","","","","standalone","","Gém Klub Kft.; Road To Infamy Games (R2i Games)","Hungarian","2021","Hungarian edition"
"Canvas: Tükörképek","335172","0","0","0","1","0","0","0","0","0","0","0","1","","","","","","137461727","6.2813","7.64984","2.08","0","7568","thing","Canvas: Reflections","1","5","30","30","30","2022","1,2,3,4,5","3,4","8+","Some necessary text - easily memorized or small crib sheet","","","","","","expansion","","Gém Klub Kft.; Road To Infamy Games (R2i Games)","Hungarian","2022","Hungarian edition"
"Caper Cards: Bells Hells","396866","0","0","0","1","1","0","0","0","0","0","0","3","","","","","","137461734","5.54377","7.18562","1.4","13769","259","thing","Caper Cards: Bells Hells","1","4","30","30","15","2023","2,3,4","4","8+","","","","","","","standalone","","","","",""
"Carcassonne","822","0","0","0","1","0","0","0","0","0","0","0","1","","","","","","137461753","7.29585","7.41342","1.8862","235","216074","thing","Carcassonne","2","5","45","45","30","2000","2,3,4,5","2","8+","No necessary in-game text","","","","","","standalone","","","","",""
"Cascadia vadvilága","295947","0","0","0","1","0","0","0","0","0","0","0","3","","","","","","137461800","7.74321","7.90231","1.8473","56","85639","thing","Cascadia","1","4","45","45","30","2021","1,2,3,4","2,3","8+","Some necessary text - easily memorized or small crib sheet","","","","","","standalone","","Gém Klub Kft.","Hungarian","2021","Hungarian edition"
"Cascadia vadvilága: Új tájakon","385318","0","0","0","1","0","0","0","0","0","0","0","3","","","","","","137461821","6.77568","7.76218","2.2361","0","15781","thing","Cascadia: Landmarks","1","6","45","45","30","2023","1,2,3,4,5,6","2","8+","Some necessary text - easily memorized or small crib sheet","","","","","","expansion","","Alderac Entertainment Group; Flatout Games; Gém Klub Kft.","Hungarian","2023","Hungarian edition"
"Cascadia: Gördülő dombok","407317","0","0","0","1","0","0","0","0","0","0","0","3","","","","","","137461765","5.99306","7.13291","2","3146","4874","thing","Cascadia: Rolling Hills","1","4","30","30","15","2024","1,2,3,4","1","10+","Some necessary text - easily memorized or small crib sheet","","","","","","standalone","","Gém Klub Kft.","Hungarian","2024","Hungarian edition"
"The Castles of Burgundy","271320","0","0","0","1","0","0","0","0","0","0","0","1","","","","","","137720929","7.98962","8.44872","2.9188","0","28359","thing","The Castles of Burgundy","1","4","120","120","70","2019","1,2,3,4","2","12+","No necessary in-game text","","","","","","standalone","","","","",""
"Catch That Mouse","370187","0","0","0","1","1","0","0","0","0","0","0","1","","","","","","137461840","0","7.125","0","0","26","thing","Catch That Mouse","2","4","10","10","5","2022","","","","","","","","","","standalone","","","","",""
"Century: Fűszerút","209685","0","0","0","1","1","0","0","0","0","0","0","3","","","","","","137463481","7.11039","7.29565","1.8018","374","34673","thing","Century: Spice Road","2","5","45","45","30","2017","2,3,4,5","3,4","8+","No necessary in-game text","","","","","","standalone","","Piatnik","Hungarian","2017","Hungarian edition"
"Challengers! Beach Cup","390340","0","0","0","1","0","0","0","0","0","0","0","3","","","","","","137720413","6.34234","7.7371","2.1389","1706","3656","thing","Challengers! Beach Cup","1","8","45","45","45","2023","2,4,5,6,7,8","4,6,8","8+","Moderate in-game text - needs crib sheet or paste ups","","","","","","standalone","","Gém Klub Kft.","Hungarian","2023","Hungarian edition"
"Cheating Moth","105593","0","0","0","1","0","0","0","0","0","0","0","1","","Csósztatott magyar szabály
","","","","137464335","6.09397","6.40573","1.1412","2631","15151","thing","Cheating Moth","3","5","30","30","30","2011","3,4,5","5","6+","No necessary in-game text","","","","","","standalone","","","","",""
"Chomp","377449","0","0","0","1","1","0","0","0","0","0","0","3","","","","","","137463627","5.90653","6.76911","1.5625","3730","3142","thing","Chomp","1","4","20","20","20","2023","1,2,3,4","2","8+","Some necessary text - easily memorized or small crib sheet","","","","","","standalone","","","","",""
"Clank!: Catacombs","365717","0","0","0","1","0","0","0","0","0","0","0","1","","","","","","137463728","7.73342","8.24353","2.502","60","20871","thing","Clank!: Catacombs","2","4","90","90","45","2022","2,3,4","3","10+","Moderate in-game text - needs crib sheet or paste ups","","","","","","standalone","","","","",""
"Clever 4Ever","366162","0","0","0","1","0","0","0","0","0","0","0","1","","","","","","137463739","6.48777","7.63727","2.3659","1320","5489","thing","Clever 4Ever","1","4","30","30","30","2022","1,2,3,4","2","10+","No necessary in-game text","","","","","","standalone","","","","",""
"Coffee Rush","377061","0","0","0","1","0","0","0","0","0","0","0","1","","","","","","137463747","6.45","7.11135","1.8145","1420","9319","thing","Coffee Rush","2","4","30","30","30","2023","2,3,4","3","8+","No necessary in-game text","","","","","","standalone","","Gém Klub Kft.","Hungarian","2023","Hungarian edition"
"Coffee Rush: Hab a tortán","411435","0","0","0","1","0","0","0","0","0","0","0","1","","","","","","137463751","5.65267","7.47821","2","0","1700","thing","Coffee Rush: Piece of Cake","2","4","30","30","30","2024","2,3,4","3","","Moderate in-game text - needs crib sheet or paste ups","","","","","","expansion","","Gém Klub Kft.","Hungarian","2024","Hungarian edition"
"Coimbra","245638","0","0","0","1","0","0","0","0","0","0","0","1","","","","","","137463766","7.26054","7.60405","3.2464","255","16628","thing","Coimbra","2","4","90","90","60","2018","2,3,4","3","12+","Some necessary text - easily memorized or small crib sheet","","","","","","standalone","","eggertspiele","English","2018","English edition"
"Colorado: Kalandok a vadnyugaton","366397","0","0","0","1","0","0","0","0","0","0","0","3","","
","","","","137463778","5.69735","6.98005","1.9286","6197","409","thing","Colorado","2","4","50","50","25","2024","2,3,4","3","10+","No necessary in-game text","","","","","","standalone","","Gém Klub Kft.","Hungarian","2024","Hungarian edition"
"Colossal Arena","105","0","0","0","1","1","0","0","0","0","0","0","1","","","","","","137463943","6.44575","6.75526","2.0202","1433","8991","thing","Colossal Arena","2","5","60","60","40","1997","2,3,4,5","3","10+","Some necessary text - easily memorized or small crib sheet","","","","","","standalone","","","","",""
"Colt Express","158899","0","0","0","1","0","0","0","0","0","0","0","1","","","","","","137463947","6.95301","7.09686","1.8344","546","50119","thing","Colt Express","2","6","40","40","40","2015","3,4,5,6","5,6","8+","No necessary in-game text","","","","","","standalone","","Gém Klub Kft.","Hungarian","2015","Hungarian edition"
"Combo Color","289601","0","0","0","1","0","0","0","0","0","0","0","1","","","","","","137463951","5.61938","6.33929","1.1111","8297","834","thing","Combo Color","2","4","20","20","20","2020","2,3,4","3","6+","No necessary in-game text","","","","","","standalone","","Gém Klub Kft.; Zygomatic","Hungarian","2020","Hungarian edition"
"Combo Up","438452","0","0","0","1","1","0","0","0","0","0","0","1","","","","","","137463955","5.52062","6.88636","2","18701","87","thing","Combo Up","3","5","30","30","30","2024","3,4,5","5","","","","","","","","standalone","","","","",""
"Concept","147151","0","0","0","1","0","0","0","0","0","0","0","1","","","","","","137463958","6.58777","6.74553","1.3768","1109","36404","thing","Concept","4","12","40","40","40","2014","3,4,5,6,7,8,9,10,11,12","6","10+","Extensive use of text - massive conversion needed to be playable","","","","","","standalone","","Gém Klub Kft.; Repos Production","Hungarian","2014","Hungarian edition"
"Concept Kids Állatok","247314","0","0","0","1","0","0","0","0","0","0","0","1","","","","","","137463963","6.02484","7.04502","1.1818","2970","3058","thing","Concept Kids: Animals","2","12","20","20","20","2019","2,3,4,5,6,7","4","4+","No necessary in-game text","","","","","","standalone","","Gém Klub Kft.","Hungarian","2019","Hungarian edition"
"Concordia: Sestertiusszal kikövezett utak","124361","0","0","0","1","0","0","0","0","0","0","0","1","","","","","","137463974","7.9291","8.08189","2.9867","28","50248","thing","Concordia","2","5","100","100","100","2018","2,3,4,5","4","12+","Moderate in-game text - needs crib sheet or paste ups","","","","","","standalone","","Gém Klub Kft.","Hungarian","2018","Hungarian edition"
"Confusing Lands","342200","0","0","0","1","1","0","0","0","0","0","0","3","","","","","","137464062","5.75936","7.19772","1.6154","5197","1117","thing","Confusing Lands","1","2","10","10","10","2024","1,2","2","8+","No necessary in-game text","","","","","","standalone","","","","",""
"Cortex + Challenge","297478","0","0","0","1","0","0","0","0","0","0","0","1","","","","","","137464097","5.5692","6.3453","1.25","11122","905","thing","Cortex + Challenge","2","6","15","15","10","2018","2,3,4,5,6","2","8+","No necessary in-game text","","","","","","standalone","","","","",""
"Cortex 3","261355","0","0","0","1","0","0","0","0","0","0","0","1","","","","","","137464132","5.52864","6.08371","1.2","16579","571","thing","Cortex Challenge 3","2","6","15","15","15","2020","3,4","3,4","","No necessary in-game text","","","","","","standalone","","Gém Klub Kft.","Hungarian","2020","Hungarian edition"
"Cortex Disney","400861","0","0","0","1","0","0","0","0","0","0","0","1","","","","","","137464139","0","6.17895","0","0","88","thing","Cortex Disney","2","6","20","20","10","2023","","","","","","","","","","standalone","","Gém Klub Kft.","Hungarian","2023","Hungarian edition"
"Cortex Kids 2","237630","0","0","0","1","0","0","0","0","0","0","0","1","","","","","","137464127","5.52035","6.22397","1","18786","235","thing","Cortex Challenge 2: Kids","2","6","15","15","15","2020","","","","","","","","","","standalone","","Gém Klub Kft.","Hungarian","2020","Hungarian edition"
"Costu'Monsters","403147","0","0","0","1","1","0","0","0","0","0","0","1","","","","","","137464182","0","5.65182","0","0","32","thing","Costu'Monsters","2","4","15","15","15","2023","","","","","","","","","","standalone","","","","",""
"Council of 4","173101","0","0","0","1","1","0","0","0","0","0","0","1","","","","","","137720950","6.42539","7.11522","2.6827","1480","4420","thing","Council of 4","2","4","75","75","40","2015","2,3,4","3,4","10+","No necessary in-game text","","","","","","standalone","","","","",""
"The Crew: A mélytengeri küldetés","324856","0","0","0","1","0","0","0","0","0","0","0","1","","","","","","137720976","7.81125","8.06413","2.0445","44","47466","thing","The Crew: Mission Deep Sea","2","5","20","20","20","2022","3,4,5","4","10+","Moderate in-game text - needs crib sheet or paste ups","","","","","","standalone","","KOSMOS; Piatnik","Hungarian","2022","Hungarian edition"
"Crystallo","269618","0","0","0","1","1","0","0","0","0","0","0","1","","","","","","137464247","5.89223","6.89404","1.7","3843","2711","thing","Crystallo","1","1","30","30","20","2018","1","1","10+","No necessary in-game text","","","","","","standalone","","","","",""
"Csótánypóker","11971","0","0","0","1","0","0","0","0","0","0","0","1","","","","","","137464393","6.6018","6.8035","1.0986","1066","27796","thing","Cockroach Poker","2","6","20","20","20","2004","3,4,5,6","5","6+","No necessary in-game text","","","","","","standalone","","Drei Magier Spiele; Gém Klub Kft.","Hungarian","0","Hungarian edition"
"Cupcake Academy","300085","0","0","0","1","0","0","0","0","0","0","0","1","","","","","","137720242","5.63069","6.72844","1.2222","7892","732","thing","Cupcake Academy","2","4","10","10","10","2020","2,3,4","4","8+","No necessary in-game text","","","","","","standalone","","","","",""
"Cuzco","368975","0","0","0","1","0","0","0","0","0","0","0","1","","","","","","137464295","5.87843","7.7226","3.5185","3935","1155","thing","Cuzco","2","4","120","120","75","2023","2,3,4","3","14+","No necessary in-game text","","","","","","standalone","","","","",""
"Daitoshi","402677","0","0","0","1","0","0","0","0","0","0","0","1","","","","","","137464505","6.18391","7.47925","3.9388","2251","3085","thing","Daitoshi","1","4","120","120","120","2024","2,3","3","10+","No necessary in-game text","","","","","","standalone","","","","",""
"Danger Danger","411403","0","0","0","1","0","0","0","0","0","0","0","1","","","","","","137464533","5.56046","6.80644","1.1667","11862","622","thing","Danger Danger","2","8","10","10","10","2024","2,4,6","2,4","6–14","No necessary in-game text","","","","","","standalone","","","","",""
"Danger The Game: Mythical Mayhem","377489","0","0","0","1","1","0","0","0","0","0","0","1","","","","","","137464540","0","7","0","0","33","thing","Danger The Game: Mythical Mayhem","3","10","30","30","30","2023","","","","","","","","","","standalone","","","","",""
"Dark Ages: Heritage of Charlemagne","295535","0","0","0","1","0","0","0","0","0","0","0","1","","","","","","137464549","5.96709","7.79028","3.5312","3301","1443","thing","Dark Ages: Heritage of Charlemagne","1","4","180","180","120","2021","1,2,3,4","3,4","12+","Moderate in-game text - needs crib sheet or paste ups","","","","","","standalone","","","","",""
"Darwin utazásai","322289","0","0","0","1","0","0","0","0","0","0","0","1","","","","","","137464559","7.61936","8.10597","3.9","89","15717","thing","Darwin's Journey","1","4","120","120","60","2024","1,2,3,4","3","14+","No necessary in-game text","","","","","","standalone","","Gém Klub Kft.","Hungarian","2024","Hungarian edition"
"Dead of Winter: A Crossroads Game","150376","0","0","0","1","0","0","0","0","0","0","0","3","","","","","","137466641","7.27738","7.44462","3.0133","249","68505","thing","Dead of Winter: A Crossroads Game","2","5","120","120","60","2014","3,4,5","4","12+","Extensive use of text - massive conversion needed to be playable","","","","","","standalone","","","","",""
"Dédale","418954","0","0","0","1","1","0","0","0","0","0","0","1","","","","","","137464578","5.5492","6.04787","1.1429","13030","115","thing","Dédale","1","4","15","15","10","2024","1,2","1","8+","No necessary in-game text","","","","","","standalone","","","","",""
"Destinies","285192","0","0","0","1","0","0","0","0","0","0","0","1","","","","","","137721868","7.09544","7.67029","1.9275","393","18085","thing","Destinies","1","3","150","150","90","2021","1,2,3","2","10+","Extensive use of text - massive conversion needed to be playable","","","","","","standalone","","","","",""
"Deus","162082","0","0","0","1","0","0","0","0","0","0","0","1","","","","","","137464591","6.9157","7.26805","2.8264","595","11599","thing","Deus","2","4","90","90","60","2014","2,3,4","3","12+","Moderate in-game text - needs crib sheet or paste ups","","","","","","standalone","","","","",""
"Deus: Egypt","201609","0","0","0","1","0","0","0","0","0","0","0","1","","","","","","137464593","5.92829","7.57002","3.0833","0","3374","thing","Deus: Egypt","2","4","90","90","60","2016","2,3,4","3","12+","Moderate in-game text - needs crib sheet or paste ups","","","","","","expansion","","","","",""
"Dice Forge","194594","0","0","0","1","0","0","0","0","0","0","0","3","","","","","","137464604","7.00866","7.21487","1.9718","477","37700","thing","Dice Forge","2","4","45","45","45","2017","2,3,4","4","8+","No necessary in-game text","","","","","","standalone","","","","",""
"Dice Pool Party","445045","0","0","0","1","0","0","0","0","0","0","0","1","","","","","","137467742","5.55908","6.67381","1.2","11981","326","thing","Dice Pool Party","2","8","20","20","10","2025","2,3","2","8+","No necessary in-game text","","","","","","standalone","","","","",""
"Dicy Cards","420793","0","0","0","1","0","0","0","0","0","0","0","1","","","","","","137467474","5.46971","5.24374","1.1429","28556","90","thing","Dicy Cards","2","4","15","15","15","2024","2,3,4","2","8+","No necessary in-game text","","","","","","standalone","","","","",""
"Diplomacy","483","0","0","0","1","0","0","0","0","0","0","0","1","","","","","","137464683","6.7239","7.03603","3.3259","853","25203","thing","Diplomacy","2","7","360","360","360","1959","6,7","7","14+","No necessary in-game text","","","","","","standalone","","","","",""
"Disc Cover","366067","0","0","0","1","1","0","0","0","0","0","0","3","","","","","","137464702","5.60645","6.46925","1.1","8865","708","thing","Disc Cover","3","8","20","20","20","2022","3,4,5,6,7,8","6","8+","No necessary in-game text","","","","","","standalone","","","","",""
"Disney Robin Hood: Sheriff of Nottingham Game","396607","0","0","0","1","1","0","0","0","0","0","0","1","","","","","","137719385","5.61697","7.0499","1.8333","8398","976","thing","Disney Robin Hood: Sheriff of Nottingham Game","3","5","45","45","45","2023","3,4,5","5","10+","No necessary in-game text","","","","","","standalone","","","","",""
"Dixit","39856","0","0","0","1","0","0","0","0","0","0","0","1","","","","","","137464717","7.07091","7.18615","1.1929","416","104925","thing","Dixit","3","6","30","30","30","2021","4,5,6","5,6","8+","No necessary in-game text","","","","","","standalone","","Gém Klub Kft.","Hungarian","2021","Gém Klub Hungarian edition 2021"
"Dixit: Odyssey","92828","0","0","0","1","0","0","0","0","0","0","0","1","","","","","","137464722","7.14911","7.38445","1.1634","343","34038","thing","Dixit: Odyssey","3","12","30","30","30","2016","4,5,6,7,8,9,10,11,12","6","8+","No necessary in-game text","","","","","","standalone","","Gém Klub Kft.; Libellud","Hungarian","2016","Hungarian second edition"
"Do You Know Your Peeps?","425261","0","0","0","1","1","0","0","0","0","0","0","3","","","","","","137464738","0","5","0","0","6","thing","Do You Know Your Peeps?","3","10","20","20","20","2023","","","","","","","","","","standalone","","","","",""
"Dobble Connect","381429","0","0","0","1","0","0","0","0","0","0","0","1","","","","","","137464744","5.59744","6.22685","1.1429","9300","851","thing","Dobble Connect","2","8","15","15","15","2023","2,3,4,6","3","6+","No necessary in-game text","","","","","","standalone","","Gém Klub Kft.","Hungarian","2023","Hungarian edition"
"Dogfight: 1917","445533","0","0","0","1","0","0","0","0","0","0","0","1","","","","","","137372312","0","7.76087","2","0","55","thing","Dogfight: 1917","2","4","30","30","30","2025","2,4","2","14+","","","","","","","standalone","","Korea Boardgames","Korean","2025","Korean edition"
"Domaine","5737","0","0","0","1","1","0","0","0","0","0","0","1","","","","","","137464811","6.47556","6.98575","2.7086","1355","5594","thing","Domaine","2","4","60","60","60","2003","2,3,4","4","12+","No necessary in-game text","","","","","","standalone","","","","",""
"Doodle Heist","386048","0","0","0","1","1","0","0","0","0","0","0","1","","","","","","137464842","0","6.83077","0","0","59","thing","Doodle Heist","4","16","30","30","30","2023","","","","","","","","","","standalone","","","","",""
"Dorfromantik: A társasjáték","370591","0","0","0","1","0","0","0","0","0","0","0","3","","","","","","137464857","7.15748","7.60631","1.6434","335","21868","thing","Dorfromantik: The Board Game","1","6","60","60","30","2023","1,2,3","1,2","6+","Some necessary text - easily memorized or small crib sheet","","","","","","standalone","","Gém Klub Kft.","Hungarian","2023","Hungarian edition"
"Dorfromantik: Párbaj","395364","0","0","0","1","0","0","0","0","0","0","0","3","","","","","","137464863","5.78961","7.0004","1.8462","4818","2328","thing","Dorfromantik: The Duel","2","2","45","45","30","2024","2","2","8+","Some necessary text - easily memorized or small crib sheet","","","","","","standalone","","Gém Klub Kft.","Hungarian","2024","Hungarian edition"
"Dragomino: Sárkánytojások nyomában","300010","0","0","0","1","0","0","0","0","0","0","0","1","","","","","","137464940","6.33144","7.04083","1.0632","1731","6823","thing","Dragomino","2","4","15","15","15","2020","2,3,4","3,4","4–12","No necessary in-game text","","","","","","standalone","","Gém Klub Kft.","Hungarian","2020","Hungarian edition"
"DroPolter","405537","0","0","0","1","1","0","0","0","0","0","0","1","","","","","","137464958","6.34121","7.10956","1.0217","1710","5439","thing","DroPolter","2","5","20","20","20","2023","2,3,4,5","4","6+","No necessary in-game text","","","","","","standalone","","","","",""
"Dűlőre jutunk","412527","0","0","0","1","0","0","0","0","0","0","0","1","","","","","","137464990","5.54796","7.768","2.1429","13202","182","thing","Dűlőre jutunk","1","4","40","40","30","2024","1,2,3,4","2,3,4","6+","No necessary in-game text","","","","","","standalone","","Gém Klub Kft.","Hungarian","2024","Hungarian edition"
"Dűne: Impérium","316554","0","0","0","1","0","0","0","0","0","0","0","1","","","","","","137464993","8.22322","8.41369","3.0715","5","74393","thing","Dune: Imperium","1","4","120","120","60","2022","1,2,3,4","3,4","12+","Moderate in-game text - needs crib sheet or paste ups","","","","","","standalone","","Dire Wolf; Reflexshop","Hungarian","2022","Hungarian edition"
"Dűne: Impérium – Felkelés","397598","0","0","0","1","0","0","0","0","0","0","0","1","","","","","","137464996","8.19275","8.70191","3.5103","8","23888","thing","Dune: Imperium – Uprising","1","6","120","120","60","2024","1,2,3,4,6","4","12+","Moderate in-game text - needs crib sheet or paste ups","","","","","","standalone","","Reflexshop","Hungarian","2024","Hungarian edition"
"Az égbolt vándorai","362986","0","0","0","1","0","0","0","0","0","0","0","1","","","","","","137460512","6.52867","7.3254","2.6694","1222","6080","thing","Tribes of the Wind","2","5","90","90","40","2023","2,3,4","3","10+","No necessary in-game text","","","","","","standalone","","Gém Klub Kft.","Hungarian","2023","Hungarian edition"
"Eisbrecher","408291","0","0","0","1","1","0","0","0","0","0","0","1","","","","","","137465013","0","5.22105","0","0","40","thing","Eisbrecher","2","4","30","30","10","2023","","","","","","","","","","standalone","","","","",""
"Az elvarázsolt labirintus","41916","0","0","0","1","0","0","0","0","0","0","0","1","","","","","","137460517","6.43184","6.8139","1.2091","1465","12751","thing","The Magic Labyrinth","2","4","30","30","20","2009","2,3,4","3,4","4+","No necessary in-game text","","","","","","standalone","","Drei Magier Spiele; Playgo Hungary","Hungarian","0","Hungarian edition"
"Endless Winter: Paleoamericans","305096","0","0","0","1","0","0","0","0","0","0","0","1","","","","","","137721855","7.17604","7.6454","3.3238","319","17632","thing","Endless Winter: Paleoamericans","1","4","120","120","60","2022","1,2,3,4","3","12+","No necessary in-game text","","","","","","standalone","","","","",""
"Az erdő","391163","0","0","0","1","0","0","0","0","0","0","0","1","","","","","","137460520","7.42769","7.72941","2.1986","160","32185","thing","Forest Shuffle","2","5","60","60","40","2023","2,3,4","2","10+","Moderate in-game text - needs crib sheet or paste ups","","","","","","standalone","","Gém Klub Kft.","Hungarian","2023","Hungarian edition"
"Az erdő: Alpok","412576","0","0","0","1","0","0","0","0","0","0","0","1","","","","","","137460526","6.94468","8.20627","2.1081","0","12467","thing","Forest Shuffle: Alpine","2","5","60","60","60","2024","2,3,4","2","10+","Some necessary text - easily memorized or small crib sheet","","","","","","expansion","","Gém Klub Kft.","Hungarian","2024","Hungarian edition"
"Az erdő: Cserjék","424129","0","0","0","1","0","0","0","0","0","0","0","1","","","","","","137460523","6.66009","8.12577","2.0345","0","10288","thing","Forest Shuffle: Woodland Edge","2","5","60","60","60","2025","2,3,4","2","10+","Moderate in-game text - needs crib sheet or paste ups","","","","","","expansion","","Gém Klub Kft.","Hungarian","2025","Hungarian edition"
"Everdell: Az Örökfa Árnyékában","199792","0","0","0","1","0","0","0","0","0","0","0","1","","","","","","137465049","7.8173","7.99187","2.8267","41","99549","thing","Everdell","1","4","80","80","40","2019","1,2,3,4","3","10+","Extensive use of text - massive conversion needed to be playable","","","","","","standalone","","Gém Klub Kft.","Hungarian","2019","Hungarian edition"
"Everdell: Fagybérc","289056","0","0","0","1","0","0","0","0","0","0","0","1","","","","","","137465061","7.22126","8.27728","2.9529","0","15232","thing","Everdell: Spirecrest","1","4","100","100","40","2021","1,2,3,4","2","12+","Moderate in-game text - needs crib sheet or paste ups","","","","","","expansion","","Gém Klub Kft.","Hungarian","2021","Hungarian edition"
"Everdell: Gyöngypatak","259996","0","0","0","1","0","0","0","0","0","0","0","1","","","","","","137465069","6.86023","7.61037","2.7571","0","17153","thing","Everdell: Pearlbrook","1","4","80","80","40","2023","1,2,3,4","3","12+","Extensive use of text - massive conversion needed to be playable","","","","","","expansion","","Gém Klub Kft.; Starling Games (II)","Hungarian","2023","Hungarian edition"
"Everdell: Örökpart","394106","0","0","0","1","0","0","0","0","0","0","0","1","","","","","","137465057","6.66537","7.84097","2.8235","952","6882","thing","Everdell Farshore","1","4","80","80","40","2024","1,2,3,4","2,3","10+","Extensive use of text - massive conversion needed to be playable","","","","","","standalone","","Gém Klub Kft.","Hungarian","2024","Hungarian edition"
"Everdell: Újliget","332390","0","0","0","1","0","0","0","0","0","0","0","1","","","","","","137465088","6.91781","8.52899","2.9744","0","10869","thing","Everdell: Newleaf","1","4","100","100","40","2023","1,2,3,4","2","12+","Extensive use of text - massive conversion needed to be playable","","","","","","expansion","","Gém Klub Kft.; Starling Games (II)","Hungarian","2023","Hungarian edition"
"Explorers of Navoria","371932","0","0","0","1","0","0","0","0","0","0","0","3","","","","","","138015214","6.39452","7.53124","2.2405","1565","4153","thing","Explorers of Navoria","2","4","80","80","40","2024","2,3,4","3","10+","No necessary in-game text","","","","","","standalone","","","","",""
"Explorers of the Woodlands","346205","0","0","0","1","1","0","0","0","0","0","0","1","","","","","","137465138","5.70439","6.57","2.1818","6069","2265","thing","Explorers of the Woodlands","1","4","60","60","45","2023","1,2,3,4","4","8+","Moderate in-game text - needs crib sheet or paste ups","","","","","","standalone","","","","",""
"Fabelland","361909","0","0","0","1","1","0","0","0","0","0","0","1","","","","","","137465162","5.51793","6.2418","1.6667","19457","158","thing","Fabelland","2","5","75","75","45","2022","3,4,5","4","8+","","","","","","","standalone","","","","",""
"Faeries & Magical Creatures","385245","0","0","0","1","0","0","0","0","0","0","0","1","","","","","","137465169","5.5649","6.57359","2","11473","457","thing","Faeries & Magical Creatures","2","4","60","60","30","2023","2,3,4","3","8+","","","","","","","standalone","","","","",""
"A fák népe","423698","0","0","0","1","0","0","0","0","0","0","0","1","","","","","","137372617","5.605","6.56881","2.1","8938","663","thing","Tree Society","2","4","45","45","30","2024","2,3,4","2","8+","Some necessary text - easily memorized or small crib sheet","","","","","","standalone","","Gém Klub Kft.","Hungarian","2024","Hungarian edition"
"Familiar Tales","350948","0","0","0","1","1","0","0","0","0","0","0","1","","","","","","137465176","6.13724","7.68614","2.5278","2441","4639","thing","Familiar Tales","1","4","120","120","45","2022","1,2,3,4","4","8+","Extensive use of text - massive conversion needed to be playable","","","","","","standalone","","","","",""
"A Feast for Odin","177736","0","0","0","1","0","0","0","0","0","0","0","1","","","","","","137372624","7.94267","8.16486","3.8636","24","42162","thing","A Feast for Odin","1","4","120","120","30","2016","1,2,3,4","3","12+","Moderate in-game text - needs crib sheet or paste ups","","","","","","standalone","","","","",""
"Fedőnevek","178900","0","0","0","1","0","0","0","0","0","0","0","1","","","","","","137465254","7.4333","7.52904","1.2568","159","173284","thing","Codenames","2","8","15","15","15","2016","4,5,6,7,8","6,8","10+","Unplayable in another language","","","","","","standalone","","Gém Klub Kft.","Hungarian","2016","Hungarian second edition with Spiel des Jahres award"
"Fedőnevek Disney","220775","0","0","0","1","0","0","0","0","0","0","0","1","","","","","","137465267","6.12376","6.58533","1.2286","2501","11125","thing","Codenames: Disney – Family Edition","2","8","15","15","15","2021","4,5,6,7,8","6","6+","No necessary in-game text","","","","","","standalone","","Gém Klub Kft.","Hungarian","2021","Hungarian edition"
"Fedőnevek: Képekkel","198773","0","0","0","1","0","0","0","0","0","0","0","1","","","","","","137465261","7.00223","7.18046","1.2398","483","43958","thing","Codenames: Pictures","2","8","15","15","15","2017","4,5,6,7,8","6","8+","No necessary in-game text","","","","","","standalone","","Czech Games Edition; Gém Klub Kft.","Hungarian","2017","Hungarian edition"
"Fedőnevek: Négyszemközt","224037","0","0","0","1","0","0","0","0","0","0","0","1","","","","","","137465255","7.23997","7.41451","1.3581","268","53808","thing","Codenames: Duet","2","2","30","30","15","2017","2","2","12+","Unplayable in another language","","","","","","standalone","","Gém Klub Kft.","Hungarian","2017","Hungarian edition"
"A Fekete Rózsa háborúi","239942","0","0","0","1","0","0","0","0","0","0","0","1","","Francia is
","","","","137372627","6.94018","7.90568","3.4341","564","7199","thing","Black Rose Wars","2","4","90","90","90","2022","3,4","4","14+","Extensive use of text - massive conversion needed to be playable","","","","","","standalone","","Delta Vision Publishing; Ludus Magnus Studio","Hungarian","2022","Hungarian edition"
"Fifty Fruity","431284","0","0","0","1","1","0","0","0","0","0","0","1","","","","","","137465294","0","6.04615","2","0","45","thing","Fifty Fruity","2","6","10","10","10","2025","","","","","","","","","","standalone","","","","",""
"Figurata","398384","0","0","0","1","0","0","0","1","0","0","0","1","","","","","","137465341","0","6.9913","1","0","31","thing","Figurata","3","99","45","45","30","2023","","","","","","","","","","standalone","","","","",""
"Final Challenge","256212","0","0","0","1","1","0","0","0","0","0","0","1","","","","","","137465358","0","7.53125","2.5","0","18","thing","Final Challenge","3","6","40","40","20","2022","3,4,5,6","5,6","","Extensive use of text - massive conversion needed to be playable","","","","","","standalone","","","","",""
"Finspan","436126","0","0","0","1","0","0","0","0","0","0","0","1","","","","","","137469010","6.91108","7.69201","2.3158","601","11110","thing","Finspan","1","5","60","60","45","2025","1,2,3,4","2,3","10+","Some necessary text - easily memorized or small crib sheet","","","","","","standalone","","","","",""
"First to Worst: The Party Game About How Your Friends and Family Rank Things","420370","0","0","0","1","1","0","0","0","0","0","0","1","","","","","","137465365","5.525","6.73061","1","17458","144","thing","First to Worst: The Party Game About How Your Friends and Family Rank Things","2","100","45","45","30","2024","3,4,5","4","10+","Some necessary text - easily memorized or small crib sheet","","","","","","standalone","","","","",""
"Fische füttern","16150","0","0","0","1","1","0","0","0","0","0","0","1","","","","","","137465371","0","5","0","0","3","thing","Fische füttern","2","4","10","10","10","2005","","","","","","","","","","standalone","","","","",""
"Five Tribes: The Djinns of Naqala","157354","0","0","0","1","0","0","0","0","0","0","0","1","","","","","","137465400","7.61031","7.76478","2.8379","93","58476","thing","Five Tribes: The Djinns of Naqala","2","4","80","80","40","2014","2,3,4","2","12+","No necessary in-game text","","","","","","standalone","","","","",""
"A Föld","350184","0","0","0","1","0","0","0","0","0","0","0","1","","","","","","137372709","7.35585","7.62775","2.903","203","32425","thing","Earth","1","5","90","90","45","2023","1,2,3,4","2,3","12+","Moderate in-game text - needs crib sheet or paste ups","","","","","","standalone","","Gém Klub Kft.","Hungarian","2023","Hungarian edition"
"Föld a láthatáron: Szellemek szigete","367498","0","0","0","1","0","0","0","0","0","0","0","1","","","","","","137465460","6.97906","8.13096","3.5303","510","11737","thing","Horizons of Spirit Island","1","3","120","120","90","2023","1,2,3","2","14+","Extensive use of text - massive conversion needed to be playable","","","","","","standalone","","Gém Klub Kft.","Hungarian","2023","Hungarian edition"
"FORK","370095","0","0","0","1","1","0","0","0","0","0","0","1","","","","","","137465437","5.51949","5.87926","1","19010","355","thing","FORK","2","6","20","20","20","2024","4,5","4","8+","No necessary in-game text","","","","","","standalone","","","","",""
"Forró nyomon","370444","0","0","0","1","0","0","0","0","0","0","0","1","","","","","","137465441","5.70369","6.98012","1.1","6081","578","thing","Hard to Get","2","12","15","15","15","2024","2,3,4,5,6,7,8,9","5,6","10","Extensive use of text - massive conversion needed to be playable","","","","","","standalone","","Gém Klub Kft.","Hungarian","2024","Hungarian edition"
"Fragments","346228","0","0","0","1","1","0","0","0","0","0","0","1","","","","","","137465467","5.51683","6.72821","1.5","19798","140","thing","Fragments","2","6","120","120","30","2021","2,3,4","2","8+","","","","","","","standalone","","","","",""
"Frantic","184287","0","0","0","1","1","0","0","0","0","0","0","1","","","","","","137465474","5.70153","6.42279","1.5769","6124","1912","thing","Frantic","2","8","45","45","5","2015","3,4,5,6,7,8","4,5,6","10+","No necessary in-game text","","","","","","standalone","","","","",""
"Fröccs","321506","0","0","0","1","0","0","0","0","0","0","0","1","","","","","","137465520","5.61959","6.73277","1.52","8290","842","thing","Fröccs","2","6","30","30","30","2020","2,3,4,5,6","3,4","10+","Some necessary text - easily memorized or small crib sheet","","","","","","standalone","","Gém Klub Kft.","Hungarian","2020","Hungarian edition"
"From the Moon","353745","0","0","0","1","0","0","0","0","0","0","0","1","","","","","","137465514","5.79243","7.39375","3.4667","4773","1122","thing","From the Moon","1","4","90","90","90","2024","2,3","3","10+","No necessary in-game text","","","","","","standalone","","","","",""
"Gaia Project","220308","0","0","0","1","0","0","0","0","0","0","0","1","","","","","","137465539","8.09083","8.35581","4.4015","13","37423","thing","Gaia Project","1","4","150","150","60","2017","1,2,3,4","3,4","14+","No necessary in-game text","","","","","","standalone","","Z-Man Games","English","2017","English edition"
"Galaxy Trucker (Second Edition)","336794","0","0","0","1","0","0","0","0","0","0","0","1","","","","","","137465573","6.88747","7.41882","2.2821","625","14410","thing","Galaxy Trucker (Second Edition)","2","4","30","30","20","2021","2,3,4","3,4","8+","Some necessary text - easily memorized or small crib sheet","","","","","","standalone","","","","",""
"Galaxy Trucker: Keep on Trucking","360232","0","0","0","1","0","0","0","0","0","0","0","1","","","","","","137465594","5.81482","7.90642","2.7778","0","2511","thing","Galaxy Trucker: Keep on Trucking","2","4","60","60","30","2022","2,3,4","3,4","8+","Moderate in-game text - needs crib sheet or paste ups","","","","","","expansion","","","","",""
"The Gang","411567","0","0","0","1","0","0","0","0","0","0","0","1","","","","","","137720985","6.98769","7.57198","1.5347","503","11480","thing","The Gang","3","6","20","20","20","2024","4,5,6","5","12+","Some necessary text - easily memorized or small crib sheet","","","","","","standalone","","","","",""
"Garden Rush","327082","0","0","0","1","0","0","0","0","0","0","0","1","","","","","","137465601","5.60211","6.5022","1.4444","9060","410","thing","Garden Rush","2","2","30","30","30","2025","2","2","8+","No necessary in-game text","","","","","","standalone","","Gém Klub Kft.","Hungarian","2025","Hungarian edition"
"A Gentle Rain","334011","0","0","0","1","0","0","0","0","0","0","0","3","","","","","","137373028","6.54493","7.64188","1.1163","1182","7438","thing","A Gentle Rain","1","1","15","15","15","2021","1","1","5+","No necessary in-game text","","","","","","standalone","","","","",""
"Get That Cat","432805","0","0","0","1","1","0","0","0","0","0","0","1","","","","","","137465682","0","5.14286","0","0","24","thing","Get That Cat","2","6","0","0","0","2025","","","","","","","","","","standalone","","","","",""
"Gigamons","170969","0","0","0","1","1","0","0","0","0","0","0","1","","","","","","137466069","5.66225","6.56148","1.1053","6995","1000","thing","Gigamons","2","4","15","15","15","2014","2,3,4","2,3","4+","No necessary in-game text","","","","","","standalone","","","","",""
"Gimme That!","357674","0","0","0","1","1","0","0","0","0","0","0","1","","","","","","137466080","5.57755","6.20958","1","10486","833","thing","Gimme That!","3","8","10","10","5","2022","3,4,5,6,7","6","6+","No necessary in-game text","","","","","","standalone","","","","",""
"Giraffe Raffe","428639","0","0","0","1","1","0","0","0","0","0","0","1","","","","","","137466090","5.50212","5.52088","1","24362","68","thing","Giraffe Raffe","1","5","0","0","0","2024","2,3,4,5","2","8+","No necessary in-game text","","","","","","standalone","","","","",""
"Give Me The Treasure","391761","0","0","0","1","1","0","0","0","0","0","0","1","","","","","","137466093","5.54419","6.91311","1.5","13700","186","thing","Give Me The Treasure","2","4","30","30","15","2023","2,3,4","2,4","","","","","","","","standalone","","","","",""
"Gizmos","246192","0","0","0","1","0","0","0","0","0","0","0","1","","","","","","137466100","7.0747","7.36532","2.0476","412","18303","thing","Gizmos","2","4","50","50","40","2018","2,3,4","3","8+","No necessary in-game text","","","","","","standalone","","","","",""
"Gnome Hollow","332885","0","0","0","1","1","0","0","0","0","0","0","1","","","","","","137466109","5.98839","6.92046","2.3333","3175","2690","thing","Gnome Hollow","2","4","60","60","45","2024","2,3","3","10+","No necessary in-game text","","","","","","standalone","","","","",""
"Go Bomb!","425588","0","0","0","1","1","0","0","0","0","0","0","1","","","","","","137466116","0","6.9375","1","0","34","thing","Go Bomb!","3","6","30","30","10","2024","","","","","","","","","","standalone","","","","",""
"Gold'n Crash","411881","0","0","0","1","1","0","0","0","0","0","0","1","","","","","","137466127","5.52503","6.02559","2","17445","101","thing","Gold'n Crash","2","2","20","20","10","2024","2","2","10+","No necessary in-game text","","","","","","standalone","","","","",""
"Golden Cup","421299","0","0","0","1","0","0","0","0","0","0","0","1","","","","","","137466137","5.58901","6.5312","1.8333","9769","312","thing","Golden Cup","1","6","60","60","60","2024","2,4,6","4","8+","Some necessary text - easily memorized or small crib sheet","","","","","","standalone","","","","",""
"A gőz kora (deluxe kiadás)","4098","0","0","0","1","0","0","0","0","0","0","0","1","","","","","","137372979","7.4871","7.86497","3.8605","138","13834","thing","Age of Steam","1","6","120","120","120","2023","3,4,5,6","4","14+","Some necessary text - easily memorized or small crib sheet","","","","","","standalone","","Delta Vision Publishing; Eagle-Gryphon Games","Hungarian","2023","Hungarian edition"
"Grand Central Skyport","379546","0","0","0","1","1","0","0","0","0","0","0","1","","","","","","137466151","5.57772","7.19555","2","10479","506","thing","Grand Central Skyport","2","4","60","60","30","2025","2,3,4","2","12+","","","","","","","standalone","","","","",""
"Le grand méchant Monstre","375378","0","0","0","1","1","0","0","0","0","0","0","1","","","","","","137468045","5.53656","7.1283","1","14911","113","thing","Le grand méchant Monstre","2","4","20","20","20","2023","2,3","3","","","","","","","","standalone","","","","",""
"El Grande","93","0","0","0","1","0","0","0","0","0","0","0","1","","","","","","137465019","7.5891","7.76711","2.9373","100","34057","thing","El Grande","2","5","120","120","60","2024","3,4,5","5","12+","Moderate in-game text - needs crib sheet or paste ups","","","","","","standalone","","Gém Klub Kft.","Hungarian","2024","Hungarian edition"
"La Granja: Deluxe Master Set","341945","0","0","0","1","1","0","0","0","0","0","0","1","","","","","","137467988","6.82592","8.2336","3.4839","709","6431","thing","La Granja: Deluxe Master Set","1","4","120","120","90","2023","1,2,3,4","3","12+","Moderate in-game text - needs crib sheet or paste ups","","","","","","standalone","","","","",""
"Great Western Trail: El Paso – Los Olvidados Promo","445451","0","0","0","1","0","0","0","0","0","0","0","1","","","","","","137374543","0","7.45455","0","0","122","thing","Great Western Trail: El Paso – Los Olvidados Promo","1","4","90","90","60","2025","","","","","","","","","","expansion","","","","",""
"Grove: 9 card solitaire game","329873","0","0","0","1","0","0","0","0","0","0","0","1","","","","","","137468101","6.59268","7.52916","1.3068","1089","6971","thing","Grove: 9 card solitaire game","1","1","10","10","5","2021","1","1","8+","Some necessary text - easily memorized or small crib sheet","","","","","","standalone","","","","",""
"Gullible","312535","0","0","0","1","1","0","0","0","0","0","0","1","","","","","","137466171","5.53939","6.24483","1","14432","351","thing","Gullible","2","10","25","25","15","2020","4,5,6,7,8","4","12+","Extensive use of text - massive conversion needed to be playable","","","","","","standalone","","","","",""
"Gumicukik földje","365601","0","0","0","1","0","0","0","0","0","0","0","1","","","","","","137466175","5.53205","6.66622","1","15801","193","thing","Gummiland","2","4","20","20","20","2023","","","6+","","","","","","","standalone","","Gém Klub Kft.","Hungarian","2023","Hungarian edition"
"Gumikacsák","422019","0","0","0","1","0","0","0","0","0","0","0","1","","","","","","137466185","5.93075","6.57108","1.0256","3556","2976","thing","Duck & Cover","2","7","20","20","15","2025","2,3,4,5,6,7","4,6","6+","No necessary in-game text","","","","","","standalone","","Gém Klub Kft.","Hungarian","2025","Hungarian edition"
"Gumikacsák: Művész csomag","430300","0","0","0","1","0","0","0","0","0","0","0","1","","","","","","137466223","5.53674","8.08571","1","0","248","thing","Duck & Cover: Artist Pack","8","9","0","0","0","2025","","","8+","","","","","","","expansion","","Gém Klub Kft.","Hungarian","2025","Hungarian edition"
"Guns or Treasure: Parrots and Monkeys","369813","0","0","0","1","0","0","0","0","0","0","0","3","","","","","","137466234","0","6.36667","1","0","155","thing","Guns or Treasure: Parrots and Monkeys","2","3","15","0","15","2023","3","3","","","","","","","","standalone","","","","",""
"A Gyűrűk Ura: A Szövetség útja","436217","0","0","0","1","0","0","0","0","0","0","0","1","","","","","","137372987","7.28518","8.29951","3.02","239","10581","thing","The Lord of the Rings: Fate of the Fellowship","1","5","150","150","60","2025","1,2,3,4","3","12+","Moderate in-game text - needs crib sheet or paste ups","","","","","","standalone","","Gém Klub Kft.; Z-Man Games","Hungarian","2025","Hungarian edition"
"A Gyűrűk Ura: Párbaj Középföldéért","421006","0","0","0","1","0","0","0","0","0","0","0","1","","","","","","137372997","7.91843","8.35908","2.064","29","32814","thing","The Lord of the Rings: Duel for Middle-earth","2","2","30","30","30","2024","2","2","10+","No necessary in-game text","","","","","","standalone","","Gém Klub Kft.","Hungarian","2024","Hungarian edition"
"Hajdanvölgy mítosza","271055","0","0","0","1","0","0","0","0","0","0","0","1","","","","","","137466240","7.52128","8.12009","3.244","123","12169","thing","Dwellings of Eldervale","1","5","150","150","60","2020","1,2,3,4,5","3","12+","Moderate in-game text - needs crib sheet or paste ups","","","","","","standalone","","Reflexshop","Hungarian","0","Hungarian edition"
"Halkonzerv Bt.","402024","0","0","0","1","0","0","0","0","0","0","0","1","","","","","","137466244","6.24805","7.48181","2.1667","1994","4045","thing","Conservas","1","1","40","40","25","2024","1","1","10+","Moderate in-game text - needs crib sheet or paste ups","","","","","","standalone","","Vagabund","Hungarian","2024","Hungarian edition"
"Hanabi","98778","0","0","0","1","0","0","0","0","0","0","0","1","","","","","","137466252","6.92321","7.0305","1.6917","581","88409","thing","Hanabi","2","5","25","25","25","2010","2,3,4,5","4","10+","No necessary in-game text","","","","","","standalone","","","","",""
"Hanamikoji","158600","0","0","0","1","0","0","0","0","0","0","0","1","","","","","","137466262","7.22702","7.45604","1.6771","276","34131","thing","Hanamikoji","2","2","15","15","15","2013","2","2","8+","No necessary in-game text","","","","","","standalone","","","","",""
"HANIWA","376011","0","0","0","1","1","0","0","0","0","0","0","1","","","","","","137466271","5.52294","6.86889","2","18044","93","thing","HANIWA","1","4","20","20","15","2023","2","2","6+","No necessary in-game text","","","","","","standalone","","","","",""
"Hansa Teutonica: Big Box","286749","0","0","0","1","0","0","0","0","0","0","0","1","","","","","","137466291","7.63657","8.37607","2.9572","0","15225","thing","Hansa Teutonica: Big Box","3","5","90","90","45","2020","3,4,5","5","12+","No necessary in-game text","","","","","","standalone","","","","",""
"Happy Little Dinosaurs: 5–6 Player Expansion Pack","325451","0","0","0","1","0","0","0","0","0","0","0","3","","","","","","137461514","5.69142","7.04672","1.2","0","2901","thing","Happy Little Dinosaurs: 5–6 Player Expansion Pack","2","6","60","60","30","2023","4,5,6","5,6","5+","Moderate in-game text - needs crib sheet or paste ups","","","","","","expansion","","Gém Klub Kft.; Unstable Games","Hungarian","2023","Hungarian edition"
"Happy Little Dinosaurs: Dating Disasters Expansion Pack","357888","0","0","0","1","1","0","0","0","0","0","0","1","","","","","","137466562","5.60532","7.30175","1.5","0","1353","thing","Happy Little Dinosaurs: Dating Disasters Expansion Pack","2","6","60","60","30","2022","4,5,6","4,5,6","5+","","","","","","","expansion","","","","",""
"Happy Little Dinosaurs: Perils of Puberty Expansion Pack","340638","0","0","0","1","1","0","0","0","0","0","0","1","","","","","","137466569","5.62882","7.13504","1","0","1793","thing","Happy Little Dinosaurs: Perils of Puberty Expansion Pack","2","4","60","60","30","2021","2,3,4","4","5+","Moderate in-game text - needs crib sheet or paste ups","","","","","","expansion","","","","",""
"Harmónia","414317","0","0","0","1","0","0","0","0","0","0","0","1","","","","","","137466581","7.71263","8.02372","2.0151","64","38608","thing","Harmonies","1","4","45","45","30","2024","1,2,3,4","2,3","8+","No necessary in-game text","","","","","","standalone","","Gém Klub Kft.; Libellud","Hungarian","2024","Hungarian edition"
"Heat: Padlógáz","366013","0","0","0","1","0","0","0","0","0","0","0","1","","","","","","137466591","7.79355","8.0061","2.2006","45","53941","thing","Heat: Pedal to the Metal","1","6","60","60","30","2023","1,2,3,4,5,6","5,6","8+","No necessary in-game text","","","","","","standalone","","Days of Wonder; Gém Klub Kft.","Hungarian","2023","Hungarian edition"
"Hidden Games Crime Scene: Green Poison","324157","0","0","0","1","1","0","0","0","0","0","0","1","","","","","","137466613","5.79208","8.03879","2.25","4778","782","thing","Hidden Games Crime Scene: Green Poison","1","6","180","180","90","2020","1,2,3,4","2","14+","Extensive use of text - massive conversion needed to be playable","","","","","","standalone","","","","",""
"Hoddog","429054","0","0","0","1","0","0","0","0","0","0","0","3","","","","","","137466630","5.49897","5.76098","1","25159","134","thing","Hoddog","2","5","15","15","5","2025","3,4,5","3,4","","","","","","","","standalone","","Gém Klub Kft.","Hungarian","2025","Hungarian edition"
"A holnap társadalma","334986","0","0","0","1","0","0","0","0","0","0","0","1","","","","","","137373003","7.00126","7.68892","2.8475","485","9680","thing","Daybreak","1","4","120","120","60","2025","1,2,3,4","2","10+","Moderate in-game text - needs crib sheet or paste ups","","","","","","standalone","","Gém Klub Kft.","Hungarian","2025","Hungarian edition"
"Hősök útja","238992","0","0","0","1","0","0","0","0","0","0","0","1","","","","","","137466660","6.60181","7.05472","2.0059","1065","13865","thing","Call to Adventure","1","4","60","60","30","2020","1,2,3,4","3","10+","Moderate in-game text - needs crib sheet or paste ups","","","","","","standalone","","Gém Klub Kft.","Hungarian","2020","Hungarian edition"
"hupp","355433","0","0","0","1","1","0","0","0","0","0","0","1","","Angol is
","","","","137461535","6.48381","7.0499","1.3736","1328","7799","thing","boop.","2","2","30","30","20","2023","2","2","8+","No necessary in-game text","","","","","","standalone","","Gém Klub Kft.; Smirk & Dagger Games","Hungarian","2023","Hungarian edition"
"Hupp a pelyhes","417696","0","0","0","1","0","0","0","0","0","0","0","1","","","","","","137461537","5.69056","7.3446","1.8333","6335","1319","thing","boop the Halls!","2","2","30","30","20","2025","2","2","8","","","","","","","standalone","","Gém Klub Kft.","Hungarian","2025","Hungarian edition"
"Hutan: Az esőerdők élővilága","419130","0","0","0","1","0","0","0","0","0","0","0","3","","","","","","137466722","5.89059","7.00299","1.913","3853","885","thing","HUTAN: Life in the Rainforest","1","4","45","45","30","2025","1,2,3,4","1,3","8+","No necessary in-game text","","","","","","standalone","","Gém Klub Kft.","Hungarian","2025","Hungarian edition"
"HUUupp","383579","0","0","0","1","1","0","0","0","0","0","0","1","","Angol is","","","","137461532","6.04878","7.58607","1.4667","2855","2825","thing","BOOoop.","2","2","35","35","25","2024","2","2","8+","","","","","","","standalone","","Gém Klub Kft.","Hungarian","2024","Hungarian edition"
"Idus Martii","276500","0","0","0","1","1","0","0","0","0","0","0","1","","","","","","137467402","5.5153","6.57763","1.3333","20311","184","thing","Idus Martii","5","8","15","15","15","2019","5,6,7,8","8","6+","No necessary in-game text","","","","","","standalone","","","","",""
"Igen?","257991","0","0","0","1","0","0","0","0","0","0","0","1","","","","","","137467406","5.5668","6.2423","1","11309","638","thing","Igen?","2","6","60","60","30","2018","3,4,5,6","4","10+","Unplayable in another language","","","","","","standalone","","Gém Klub Kft.","Hungarian","2018","Hungarian edition"
"Imperium: Classics","318184","0","0","0","1","0","0","0","0","0","0","0","1","","","","","","137467417","7.15403","7.68437","3.6098","337","16670","thing","Imperium: Classics","1","4","160","160","40","2021","1,2","1,2","14+","Extensive use of text - massive conversion needed to be playable","","","","","","standalone","","","","",""
"In the Footsteps of Darwin","376683","0","0","0","1","0","0","0","0","0","0","0","1","","","","","","137464557","6.50063","7.34806","1.6814","1292","5027","thing","In the Footsteps of Darwin","2","5","30","30","20","2023","2,3,4,5","3,4","6+","No necessary in-game text","","","","","","standalone","","","","",""
"In the Footsteps of Marie Curie","408770","0","0","0","1","0","0","0","0","0","0","0","1","","","","","","137468350","5.75389","6.80565","2","5262","1160","thing","In the Footsteps of Marie Curie","2","4","30","30","20","2024","2,3,4","2","10+","No necessary in-game text","","","","","","standalone","","","","",""
"Inferno","393165","0","0","0","1","0","0","0","0","0","0","0","3","","","","","","138640630","6.50664","7.88978","3.5664","1276","3671","thing","Inferno","1","4","120","120","45","2024","1,2,3,4","3,4","14+","No necessary in-game text","","","","","","standalone","","","","",""
"The Initiative","328908","0","0","0","1","1","0","0","0","0","0","0","1","","Angol is","","","","137721012","6.50826","7.52821","2.0164","1269","6568","thing","The Initiative","1","4","60","60","30","2021","2,3,4","4","10+","Unplayable in another language","","","","","","standalone","","","","",""
"Inori","415938","0","0","0","1","0","0","0","0","0","0","0","1","","","","","","137467438","5.73633","6.72597","2.35","5534","976","thing","Inori","2","4","30","30","30","2024","2,3,4","3","8+","No necessary in-game text","","","","","","standalone","","","","",""
"Inspektor Nase","330602","0","0","0","1","0","0","0","0","0","0","0","1","","","","","","137720288","5.60863","6.92273","1","8768","429","thing","Inspektor Nase","2","5","20","20","20","2021","2,3,4,5","3,4","5–14","No necessary in-game text","","","","","","standalone","","","","",""
"Intarsia","422126","0","0","0","1","0","0","0","0","0","0","0","1","","","","","","137467447","6.01628","7.09928","2.1034","3004","2667","thing","Intarsia","2","4","60","60","40","2024","2,3,4","2","10+","No necessary in-game text","","","","","","standalone","","","","",""
"The Isle of Cats","281259","0","0","0","1","0","0","0","0","0","0","0","1","","","","","","137468168","7.38234","7.63023","2.3561","184","42023","thing","The Isle of Cats","1","4","90","90","60","2019","1,2,3,4","3","8+","Moderate in-game text - needs crib sheet or paste ups","","","","","","standalone","","","","",""
"Isle of Skye: From Chieftain to King","176494","0","0","0","1","0","0","0","0","0","0","0","1","","","","","","137719978","7.21628","7.38983","2.2519","287","35385","thing","Isle of Skye: From Chieftain to King","2","5","50","50","30","2015","2,3,4,5","3,4","8+","No necessary in-game text","","","","","","standalone","","","","",""
"Az ismeretlen bolygó","258779","0","0","0","1","0","0","0","0","0","0","0","1","","","","","","137460529","7.4004","7.76743","2.2492","171","19002","thing","Planet Unknown","1","6","80","80","60","2022","1,2,3,4,5,6","4","10+","Moderate in-game text - needs crib sheet or paste ups","","","","","","standalone","","Gém Klub Kft.","Hungarian","2022","Hungarian edition"
"Jammerlappen","348190","0","0","0","1","1","0","0","0","0","0","0","1","","","","","","137467453","5.49921","5.52828","1","25097","258","thing","Jammerlappen","2","6","0","0","0","2021","3,5","3","","","","","","","","standalone","","","","",""
"Joking Hazard","193621","0","0","0","1","0","0","0","0","0","0","0","1","","","","","","137467494","5.95416","6.22154","1.0206","3390","16945","thing","Joking Hazard","3","10","90","90","30","2016","3,4,5,6,7","5","16+","Extensive use of text - massive conversion needed to be playable","","","","","","standalone","","","","",""
"Judge Your Friends","369377","0","0","0","1","1","0","0","0","0","0","0","1","","","","","","137467499","0","5.18095","0","0","83","thing","Judge Your Friends","2","8","20","20","10","2021","","","","","","","","","","standalone","","","","",""
"Just One: New Version","450619","0","0","0","1","0","0","0","0","0","0","0","1","","","","","","137464309","5.5549","7.80185","1","12380","289","thing","Just One: New Version","3","7","20","20","20","2025","4,5,6,7","5,6,7","10+","Unplayable in another language","","","","","","standalone","","","","",""
"Kakerlakensuppe","38391","0","0","0","1","0","0","0","0","0","0","0","1","","","","","","137464387","5.67552","6.1353","1.1707","6687","2550","thing","Kakerlakensuppe","2","6","20","20","10","2008","2,3,4,5,6","6","6+","No necessary in-game text","","","","","","standalone","","","","",""
"Kanal","438018","0","0","0","1","0","0","0","0","0","0","0","1","","","","","","137467509","5.60524","8.05438","2.8","8925","279","thing","Kanal","1","2","45","45","45","2024","2","2","","","","","","","","standalone","","","","",""
"Kanban EV","284378","0","0","0","1","0","0","0","0","0","0","0","1","","","","","","137467516","7.7897","8.38109","4.2998","48","15742","thing","Kanban EV","1","4","180","180","60","2020","1,2,3,4","3","14+","No necessary in-game text","","","","","","standalone","","","","",""
"Kathmandu","409031","0","0","0","1","0","0","0","0","0","0","0","1","","","","","","137467524","5.69512","7.15508","2.3","6243","777","thing","Kathmandu","2","4","75","75","60","2024","2,3,4","4","10","","","","","","","standalone","","","","",""
"Keepsakes","328952","0","0","0","1","1","0","0","0","0","0","0","1","","","","","","137467535","0","7.0625","0","0","48","thing","Keepsakes","2","8","25","25","15","2023","","","","No necessary in-game text","","","","","","standalone","","","","",""
"Keltis","34585","0","0","0","1","0","0","0","0","0","0","0","1","","","","","","137467545","6.17519","6.42646","1.6393","2275","9182","thing","Keltis","2","4","30","30","30","2008","2,3,4","3","8+","No necessary in-game text","","","","","","standalone","","","","",""
"Kemet: Blood and Sand","297562","0","0","0","1","0","0","0","0","0","0","0","3","","","","","","137467572","7.19371","7.92053","3.1905","306","11065","thing","Kemet: Blood and Sand","2","5","180","180","90","2021","3,4,5","4","10+","No necessary in-game text","","","","","","standalone","","","","",""
"A keresztapa: Corleone birodalma","195539","0","0","0","1","0","0","0","0","0","0","0","1","","","","","","137373012","7.0439","7.52978","2.6445","445","12118","thing","The Godfather: Corleone's Empire","2","5","90","90","60","2020","2,3,4,5","4","14+","Moderate in-game text - needs crib sheet or paste ups","","","","","","standalone","","CMON Global Limited; Delta Vision Publishing","Hungarian","2020","Hungarian edition"
"Kertvárosi kémek","422732","0","0","0","1","0","0","0","0","0","0","0","1","","","","","","137467578","6.71852","7.58461","1.2737","863","6747","thing","Agent Avenue","2","4","20","20","10","2025","2,4","2","8+","Moderate in-game text - needs crib sheet or paste ups","","","","","","standalone","","Gém Klub Kft.; Nerdlab Games","Hungarian","2025","Hungarian edition"
"Kingdom Builder","107529","0","0","0","1","0","0","0","0","0","0","0","1","","","","","","137467593","6.78487","6.93482","2.0708","761","31137","thing","Kingdom Builder","2","4","45","45","45","2011","2,3,4","4","8+","Some necessary text - easily memorized or small crib sheet","","","","","","standalone","","","","",""
"Kingdomino Origins","340041","0","0","0","1","1","0","0","0","0","0","0","1","","","","","","137467604","6.58052","7.46557","1.913","1117","6900","thing","Kingdomino Origins","2","4","40","40","20","2021","2,3,4","2,4","8+","No necessary in-game text","","","","","","standalone","","","","",""
"Kisfröccs","371417","0","0","0","1","0","0","0","0","0","0","0","3","","","","","","137465528","5.52403","7.25","1.25","0","190","thing","Kisfröccs","2","6","40","40","30","2022","2,3,4","4","","","","","","","","expansion","","","","",""
"Kiss the Goblin","386826","0","0","0","1","1","0","0","0","0","0","0","1","","","","","","137467614","5.51318","6.61163","1","20954","136","thing","Kiss the Goblin","2","8","60","60","15","2023","","","","","","","","","","standalone","","","","",""
"Der kleine Sprechdachs","27536","0","0","0","1","0","0","0","0","0","0","0","1","","","","","","137373024","5.49932","5.56452","1","25071","89","thing","Der kleine Sprechdachs","2","5","15","15","15","2006","2,3,4,5","2","4–8","No necessary in-game text","","","","","","standalone","","","","",""
"Knarr","379629","0","0","0","1","0","0","0","0","0","0","0","1","","","","","","137467692","6.97032","7.47736","1.9124","524","11388","thing","Knarr","2","4","30","30","30","2023","2,3,4","3","10+","No necessary in-game text","","","","","","standalone","","","","",""
"Knitting Circle","421606","0","0","0","1","0","0","0","0","0","0","0","3","","","","","","138640610","5.86584","7.5013","2.1364","4048","2664","thing","Knitting Circle","1","4","45","45","30","2025","1,2,3,4","2","8+","Some necessary text - easily memorized or small crib sheet","","","","","","standalone","","","","",""
"Kódfejtő","225694","0","0","0","1","0","0","0","0","0","0","0","1","","","","","","137467752","7.54452","7.76546","1.8282","115","43532","thing","Decrypto","3","8","45","45","15","2018","4,5,6,7,8","4,6","10+","Unplayable in another language","","","","","","standalone","","Gém Klub Kft.","Hungarian","2018","Hungarian edition"
"Kozmopolip","362020","0","0","0","1","0","0","0","0","0","0","0","1","","","","","","137467787","6.28456","7.18983","2.2075","1869","4549","thing","Cosmoctopus","1","4","90","90","60","2024","2,3,4","2","10+","Some necessary text - easily memorized or small crib sheet","","","","","","standalone","","Gém Klub Kft.; Lucky Duck Games","Hungarian","2024","Hungarian edition"
"Kozmosz művek","253379","0","0","0","1","0","0","0","0","0","0","0","1","","","","","","137467796","5.74249","6.77773","1.8889","5410","1185","thing","Cosmic Factory","2","6","30","30","20","2019","2,3,4,5,6","4","10+","Some necessary text - easily memorized or small crib sheet","","","","","","standalone","","Gém Klub Kft.","Hungarian","2019","Hungarian edition"
"Ku-Ka-König","402208","0","0","0","1","1","0","0","0","0","0","0","1","","2 db
","","","","137467889","5.59099","6.69305","1.1111","9635","409","thing","Ku-Ka-König","2","4","20","20","20","2023","2,3,4","3","6+","No necessary in-game text","","","","","","standalone","","","","",""
"Kutyapark","331401","0","0","0","1","0","0","0","0","0","0","0","1","","","","","","137467980","6.31644","6.89509","2.1679","1779","8411","thing","Dog Park","1","4","80","80","40","2022","1,2,3,4","3,4","10+","Moderate in-game text - needs crib sheet or paste ups","","","","","","standalone","","Birdwood Games; Gém Klub Kft.","Hungarian","2022","Hungarian edition"
"Lacrimosa","348450","0","0","0","1","1","0","0","0","0","0","0","1","","","","","","137467996","6.89823","7.63203","3.1667","614","8624","thing","Lacrimosa","1","4","90","90","90","2022","1,2,3,4","3","12+","No necessary in-game text","","","","","","standalone","","","","",""
"Lángművesek","336986","0","0","0","1","0","0","0","0","0","0","0","1","","","","","","137468006","7.09565","7.38606","2.1857","392","41118","thing","Flamecraft","1","5","60","60","60","2022","1,2,3,4,5","3","8+","Moderate in-game text - needs crib sheet or paste ups","","","","","","standalone","","Gém Klub Kft.","Hungarian","2022","Hungarian edition"
"Lapzárta","352574","0","0","0","1","0","0","0","0","0","0","0","1","","","","","","137468010","6.59864","7.31699","2.0946","1072","8888","thing","Fit to Print","1","6","30","30","15","2024","1,2,3,4,5,6","4","10+","Some necessary text - easily memorized or small crib sheet","","","","","","standalone","","Gém Klub Kft.","Hungarian","2024","Hungarian edition"
"Larry Lasso","55292","0","0","0","1","1","0","0","0","0","0","0","1","","","","","","137468022","0","6.07143","1","0","17","thing","Larry Lasso","2","4","20","20","20","2009","","","","","","","","","","standalone","","","","",""
"Last Penguin","405437","0","0","0","1","0","0","0","0","0","0","0","1","","","","","","137471872","5.52466","6.23374","1","17543","156","thing","Last Penguin","3","6","25","25","25","2023","3,4,5","5","","","","","","","","standalone","","","","",""
"Leaders","432716","0","0","0","1","1","0","0","0","0","0","0","1","","","","","","137468052","5.84268","7.22562","1.9474","4261","617","thing","Leaders","2","2","45","45","10","2025","2","2","10+","Some necessary text - easily memorized or small crib sheet","","","","","","standalone","","","","",""
"Die Legenden von Andor: Das ferne Land","437974","0","0","0","1","0","0","0","0","0","0","0","1","","","","","","137464671","5.5306","8.02467","3","16084","181","thing","Die Legenden von Andor: Das ferne Land","2","4","90","90","60","2025","1,2,3,4","2","10+","Extensive use of text - massive conversion needed to be playable","","","","","","standalone","","","","",""
"Let's Hit Each Other with Fake Swords","423729","0","0","0","1","0","0","0","0","0","0","0","1","","","","","","137464343","5.51927","5.84629","1","19085","732","thing","Let's Hit Each Other with Fake Swords","3","6","15","15","15","2024","3,4,5,6","3","6+","","","","","","","standalone","","","","",""
"Lewis & Clark: The Expedition","140620","0","0","0","1","0","0","0","0","0","0","0","1","","","","","","137468096","7.17713","7.43805","3.3201","317","20178","thing","Lewis & Clark: The Expedition","1","5","120","120","120","2013","1,2,3,4","3","12+","No necessary in-game text","","","","","","standalone","","","","",""
"Lisboa","161533","0","0","0","1","0","0","0","0","0","0","0","1","","","","","","137468111","7.71109","8.17293","4.5733","65","18440","thing","Lisboa","1","4","120","120","60","2017","1,2,3,4","3","14+","No necessary in-game text","","","","","","standalone","","","","",""
"Living Forest","328479","0","0","0","1","0","0","0","0","0","0","0","1","","","","","","137465003","6.79668","7.23282","2.2125","745","12916","thing","Living Forest","1","4","40","40","40","2021","2,3,4","3","10+","No necessary in-game text","","","","","","standalone","","","","",""
"Llamaland","330038","0","0","0","1","0","0","0","0","0","0","0","1","","","","","","137468002","6.42946","7.2756","2.0303","1473","5380","thing","Llamaland","2","4","45","45","45","2021","2,3,4","2","8+","No necessary in-game text","","","","","","standalone","","","","",""
"Lockup: A Roll Player Tale","240855","0","0","0","1","0","0","0","0","0","0","0","1","","","","","","137468121","6.4713","7.33935","2.4286","1361","5220","thing","Lockup: A Roll Player Tale","1","5","90","90","45","2019","1,2,3,4,5","4","10+","Moderate in-game text - needs crib sheet or paste ups","","","","","","standalone","","","","",""
"Lone Wolves","422374","0","0","0","1","0","0","0","0","0","0","0","1","","","","","","137468171","5.96541","7.68332","1.9259","3317","1545","thing","Lone Wolves","2","2","15","15","15","2024","2","2","10+","No necessary in-game text","","","","","","standalone","","","","",""
"Looot","410991","0","0","0","1","0","0","0","0","0","0","0","1","","","","","","137468139","6.24797","7.06982","2.0896","1995","2889","thing","Looot","2","4","35","35","35","2024","2,3,4","2,3","10+","No necessary in-game text","","","","","","standalone","","","","",""
"Lost in Adventure: The Labyrinth","422178","0","0","0","1","1","0","0","0","0","0","0","1","","","","","","137468154","5.51799","6.45","2","19441","156","thing","Lost in Adventure: The Labyrinth","1","6","90","90","90","2024","1,2","1","","Extensive use of text - massive conversion needed to be playable","","","","","","standalone","","","","",""
"Luna Maris","319392","0","0","0","1","0","0","0","0","0","0","0","1","","","","","","137468162","5.89515","7.68708","3.5079","3821","1180","thing","Luna Maris","1","4","120","120","30","2022","1,2,3,4","4","12+","No necessary in-game text","","","","","","standalone","","","","",""
"Mage Knight: Ultimate Edition","248562","0","0","0","1","0","0","0","0","0","0","0","3","","","","","","137468181","7.96777","8.84838","4.6587","0","20268","thing","Mage Knight: Ultimate Edition","1","5","150","150","150","2018","1,2,3","1","14+","Extensive use of text - massive conversion needed to be playable","","","","","","standalone","","","","",""
"Magic Keys","368899","0","0","0","1","0","0","0","0","0","0","0","3","","","","","","137461616","5.71422","7.26335","1.0833","5886","696","thing","Magic Keys","2","4","30","30","20","2022","2,3,4","3,4","4+","No necessary in-game text","","","","","","standalone","","","","",""
"Mandragora","328535","0","0","0","1","1","0","0","0","0","0","0","1","","","","","","137468231","5.5707","6.52386","1.3333","10991","654","thing","Mandragora","2","4","30","30","25","2021","2,3,4","2,3","8+","No necessary in-game text","","","","","","standalone","","","","",""
"MANTIS: Grab & Game","430592","0","0","0","1","0","0","0","0","0","0","0","1","","","","","","137468255","5.51667","6.38111","1","19866","216","thing","MANTIS: Grab & Game","2","4","10","10","10","2024","2","2","","No necessary in-game text","","","","","","standalone","","","","",""
"Maracaibo","276025","0","0","0","1","0","0","0","0","0","0","0","1","","","","","","137468335","7.64882","7.95969","3.9121","84","24458","thing","Maracaibo","1","4","120","120","30","2019","1,2,3,4","3","14+","Some necessary text - easily memorized or small crib sheet","","","","","","standalone","","","","",""
"Marching Through Georgia","12629","0","0","0","1","1","0","0","0","0","0","0","1","","","","","","137464983","5.51362","6.23276","2.8333","20820","328","thing","Marching Through Georgia","2","2","240","240","240","1990","2","2","16+","Moderate in-game text - needs crib sheet or paste ups","","","","","","standalone","","","","",""
"Marvel Dice Throne","348406","0","0","0","1","0","0","0","0","0","0","0","3","","","","","","137464651","6.92728","7.9799","2.1525","0","9458","thing","Marvel Dice Throne","2","6","40","40","20","2022","2,3,4","2","8+","Moderate in-game text - needs crib sheet or paste ups","","","","","","standalone","","","","",""
"The Massive-Verse Fighting Card Game","396706","0","0","0","1","0","0","0","0","0","0","0","1","","","","","","137468365","5.54316","7.06364","1","13855","131","thing","The Massive-Verse Fighting Card Game","2","2","10","10","5","2025","","","","","","","","","","standalone","","","","",""
"Master Dater","360377","0","0","0","1","0","0","0","0","0","0","0","1","","","","","","137468918","5.53977","6.29934","1","14361","540","thing","Master Dater","3","6","45","45","20","2022","4,5,6","6","","","","","","","","standalone","","","","",""
"Meadow","314491","0","0","0","1","0","0","0","0","0","0","0","1","","","","","","137722328","7.33555","7.70877","2.2525","213","24536","thing","Meadow","1","4","90","90","60","2021","1,2,3,4","2","10+","No necessary in-game text","","","","","","standalone","","","","",""
"Medieval Academy","392448","0","0","0","1","0","0","0","0","0","0","0","1","","","","","","137469005","5.58837","6.87787","1.4286","9814","280","thing","Medieval Academy","1","5","45","45","30","2023","3,4,5","4,5","8+","No necessary in-game text","","","","","","standalone","","","","",""
"Messina 1347","238799","0","0","0","1","0","0","0","0","0","0","0","1","","","","","","137469025","6.73012","7.50896","3.599","841","6994","thing","Messina 1347","1","4","140","140","60","2021","1,2,3,4","3","12+","No necessary in-game text","","","","","","standalone","","","","",""
"Metropolisz","412865","0","0","0","1","0","0","0","0","0","0","0","1","","","","","","137469028","6.4289","7.64971","1.9592","1474","3494","thing","Foundations of Metropolis","2","4","60","60","60","2025","2,3,4","3","8+","No necessary in-game text","","","","","","standalone","","Gém Klub Kft.","Hungarian","2025","Hungarian edition"
"Middle Ages","403754","0","0","0","1","0","0","0","0","0","0","0","1","","","","","","137467870","6.40846","7.19693","2.0521","1529","4030","thing","Middle Ages","2","5","30","30","30","2024","2,3,4,5","3","10+","No necessary in-game text","","","","","","standalone","","","","",""
"Million Dollar Script","304336","0","0","0","1","1","0","0","0","0","0","0","1","","","","","","137469048","5.49284","5.43396","1","26438","380","thing","Million Dollar Script","3","10","60","60","45","2021","5,6,7,8,9,10","7","8+","Moderate in-game text - needs crib sheet or paste ups","","","","","","standalone","","","","",""
"The Mind","244992","0","0","0","1","0","0","0","0","0","0","0","1","","","","","","137721024","6.60295","6.72766","1.0753","1063","66088","thing","The Mind","2","4","20","20","20","2018","2,3,4","4","8+","No necessary in-game text","","","","","","standalone","","","","",""
"Mind Up!","377515","0","0","0","1","1","0","0","0","0","0","0","1","","Angol is","","","","137469051","5.91069","6.71759","1.1923","3698","2049","thing","Mind Up!","3","6","20","20","15","2023","3,4,5,6","4","8+","No necessary in-game text","","","","","","standalone","","","","",""
"MLEM: Space Agency","387378","0","0","0","1","0","0","0","0","0","0","0","1","","","","","","137469076","6.62699","7.16461","1.6947","1026","9234","thing","MLEM: Space Agency","2","5","60","60","30","2024","3,4,5","4,5","8+","No necessary in-game text","","","","","","standalone","","","","",""
"Mojo","395846","0","0","0","1","1","0","0","0","0","0","0","1","","","","","","137469089","5.5754","5.91818","1.125","10639","664","thing","Mojo","3","8","30","30","30","2023","2,3,4,5","2,4","8+","No necessary in-game text","","","","","","standalone","","","","",""
"Monkey Palace","412911","0","0","0","1","0","0","0","0","0","0","0","1","","","","","","137468058","6.22445","7.17764","2.0182","2093","5598","thing","Monkey Palace","2","4","45","45","45","2024","2,3,4","2","8+","No necessary in-game text","","","","","","standalone","","","","",""
"Monolyth","373759","0","0","0","1","1","0","0","0","0","0","0","1","","","","","","137469097","5.74826","7.03034","1.4","5344","889","thing","Monolyth","1","4","30","30","30","2022","1,2,3,4","2","6+","No necessary in-game text","","","","","","standalone","","","","",""
"MonsDRAWsity: Cute Creatures","325562","0","0","0","1","1","0","0","0","0","0","0","1","","","","","","137469107","5.59139","7.44727","1","0","681","thing","MonsDRAWsity: Cute Creatures","3","9","30","30","5","2020","4,5,6,7,8,9","4","6+","No necessary in-game text","","","","","","expansion","","","","",""
"Monster Soup","316972","0","0","0","1","1","0","0","0","0","0","0","1","","","","","","137469112","5.51457","6.12206","1","20530","183","thing","Monster Soup","1","4","15","15","15","2020","2,3,4","2,3","4–10","","","","","","","standalone","","","","",""
"Monumental","248125","0","0","0","1","0","0","0","0","0","0","0","1","","","","","","137469118","6.37089","7.40965","2.8889","1623","4668","thing","Monumental","1","4","120","120","90","2020","1,2,3","2,3","12+","Moderate in-game text - needs crib sheet or paste ups","","","","","","standalone","","","","",""
"Mosaic: A Story of Civilization","329551","0","0","0","1","0","0","0","0","0","0","0","1","","","","","","137469124","6.80817","7.48099","3.0345","727","8424","thing","Mosaic: A Story of Civilization","2","6","120","120","120","2022","2,3,4,5","4","12+","Moderate in-game text - needs crib sheet or paste ups","","","","","","standalone","","","","",""
"Motto","182284","0","0","0","1","1","0","0","0","0","0","0","1","","","","","","137469131","5.49521","5.35797","1.25","25990","75","thing","Motto","2","4","30","30","20","2015","2,3,4","2,3","6+","No necessary in-game text","","","","","","standalone","","","","",""
"Movie Tricks","442512","0","0","0","1","0","0","0","0","0","0","0","1","","","","","","137469138","5.56447","6.91781","1.4","11509","262","thing","Movie Tricks","2","5","30","30","20","2025","2,3,4,5","3,4","10+","No necessary in-game text","","","","","","standalone","","","","",""
"Murder Mystery Party Case File Puzzles: The Art of Murder","382472","0","0","0","1","1","0","0","0","0","0","0","1","","","","","","137469190","0","6.68182","0","0","63","thing","Murder Mystery Party Case File Puzzles: The Art of Murder","1","6","0","0","0","2021","","","","","","","","","","standalone","","","","",""
"Murder Mystery Party Case Files: Underwood Cellars","324461","0","0","0","1","1","0","0","0","0","0","0","1","","","","","","137469196","5.52073","6.2859","2","18671","278","thing","Murder Mystery Party Case Files: Underwood Cellars","1","99","180","180","180","2020","1,2,3","2","","","","","","","","standalone","","","","",""
"Murder Mystery Party: Murder On The Underground","377624","0","0","0","1","1","0","0","0","0","0","0","1","","","","","","137469177","0","7.33333","0","0","44","thing","Murder Mystery Party: Murder On The Underground","1","4","180","180","180","2022","","","","","","","","","","standalone","","","","",""
"Murder Mystery Party: Pasta, Passion & Pistols","6449","0","0","0","1","1","0","0","0","0","0","0","1","","","","","","137469182","5.50668","5.94625","2","23045","289","thing","Murder Mystery Party: Pasta, Passion & Pistols","6","8","180","180","180","1995","","","21 and up","","","","","","","standalone","","","","",""
"Mysterium","181304","0","0","0","1","0","0","0","0","0","0","0","1","","","","","","137469217","7.05586","7.19746","1.8893","433","81270","thing","Mysterium","2","7","42","42","42","2015","3,4,5,6,7","5,6","8+","No necessary in-game text","","","","","","standalone","","","","",""
"Mysterium Park","301767","0","0","0","1","0","0","0","0","0","0","0","1","","","","","","137469227","6.5173","7.01402","1.4375","1251","14344","thing","Mysterium Park","2","6","45","45","30","2020","2,3,4,5,6","4","8+","No necessary in-game text","","","","","","standalone","","","","",""
"Mythicals","431304","0","0","0","1","0","0","0","0","0","0","0","1","","","","","","137469073","5.58493","6.30588","1.4","10030","461","thing","Mythicals","2","2","15","15","15","2025","2","2","8","No necessary in-game text","","","","","","standalone","","","","",""
"Na ne már!","387763","0","0","0","1","0","0","0","0","0","0","0","1","","","","","","137469230","5.76265","6.86854","1.0833","5146","1146","thing","How Dare You?","2","10","15","15","15","2025","2,3,4,5,6,7,8,9","4,5,6,7","10+","Unplayable in another language","","","","","","standalone","","Gém Klub Kft.","Hungarian","2025","Hungarian edition"
"A nagy western utazás: Argentína","364011","0","0","0","1","0","0","0","0","0","0","0","1","","","","","","137374526","7.35418","8.2317","3.9179","205","9104","thing","Great Western Trail: Argentina","1","4","150","150","75","2022","1,2,3,4","3","12+","No necessary in-game text","","","","","","standalone","","Delta Vision Publishing; eggertspiele","Hungarian","2022","Hungarian edition"
"A nagy western utazás: Második kiadás","341169","0","0","0","1","0","0","0","0","0","0","0","1","","","","","","137374518","7.90651","8.27847","3.7023","31","23990","thing","Great Western Trail: Second Edition","1","4","150","150","75","2022","1,2,3,4","3","12+","No necessary in-game text","","","","","","standalone","","Delta Vision Publishing","Hungarian","2022","Hungarian edition"
"Naishi","423648","0","0","0","1","0","0","0","0","0","0","0","1","","","","","","137469246","6.01159","7.6007","2.1471","3036","1357","thing","Naishi","2","2","20","20","20","2024","2","2","10+","No necessary in-game text","","","","","","standalone","","","","",""
"Narcos: The Board Game","253106","0","0","0","1","0","0","0","0","0","0","0","1","","","","","","137469255","5.92553","7.05785","2.9333","3596","2342","thing","Narcos: The Board Game","2","5","100","100","75","2018","2,3","2,3","14+","Moderate in-game text - needs crib sheet or paste ups","","","","","","standalone","","","","",""
"Nassau","409005","0","0","0","1","0","0","0","0","0","0","0","1","","","","","","137469262","5.67743","7.37005","3.1538","6649","746","thing","Nassau","2","4","120","120","90","2024","2,3","2,3","12+","","","","","","","standalone","","","","",""
"Nations","126042","0","0","0","1","0","0","0","0","0","0","0","1","","","","","","137469275","7.25034","7.59422","3.5401","262","13167","thing","Nations","1","5","200","200","40","2013","1,2,3,4,5","3,4","14+","Moderate in-game text - needs crib sheet or paste ups","","","","","","standalone","","","","",""
"Nations: The Dice Game","157809","0","0","0","1","0","0","0","0","0","0","0","1","","","","","","137469278","6.51958","6.93044","2.0041","1247","6337","thing","Nations: The Dice Game","1","4","40","40","20","2014","1,2,3,4","2,3","10+","No necessary in-game text","","","","","","standalone","","","","",""
"Nekojima","359029","0","0","0","1","0","0","0","0","0","0","0","1","","","","","","137469284","6.23343","7.17783","1.0889","2055","4110","thing","Nekojima","1","5","30","30","15","2023","2,3,4,5","2","6+","No necessary in-game text","","","","","","standalone","","","","",""
"Nekojima: Torii Pack","422039","0","0","0","1","0","0","0","0","0","0","0","1","","","","","","137469287","0","7.63043","0","0","307","thing","Nekojima: Torii Pack","1","5","0","0","0","2024","","","","","","","","","","expansion","","","","",""
"Nem mondod!","423533","0","0","0","1","0","0","0","0","0","0","0","1","","","","","","137469292","5.52444","6.24022","1","17608","163","thing","Captain Obvious","3","10","60","60","30","2025","4,5,6,7,8,9,10","5","10+","","","","","","","standalone","","Gém Klub Kft.","Hungarian","2025","Hungarian edition"
"Nemesis","167355","0","0","0","1","0","0","0","0","0","0","0","1","","","","","","137469299","7.95073","8.25329","3.4876","23","48602","thing","Nemesis","1","5","180","180","90","2018","1,2,3,4,5","4,5","14+","Moderate in-game text - needs crib sheet or paste ups","","","","","","standalone","","","","",""
"Nemesis: Lockdown","310100","0","0","0","1","0","0","0","0","0","0","0","1","","","","","","137469305","7.513","8.26462","3.9029","126","18967","thing","Nemesis: Lockdown","1","5","180","180","90","2022","1,2,3,4,5","4","14+","Extensive use of text - massive conversion needed to be playable","","","","","","standalone","","","","",""
"Next Station: London","353545","0","0","0","1","0","0","0","0","0","0","0","1","","","","","","137467835","6.92453","7.42489","1.4875","580","12114","thing","Next Station: London","1","4","30","30","25","2022","1,2,3,4","2,4","8+","No necessary in-game text","","","","","","standalone","","","","",""
"Next Station: Paris","403116","0","0","0","1","0","0","0","0","0","0","0","1","","","","","","137467857","6.20799","7.33868","1.7222","2155","2719","thing","Next Station: Paris","1","4","30","30","25","2024","1,2,3,4","2","8+","No necessary in-game text","","","","","","standalone","","","","",""
"Next Station: Paris – Sports","420869","0","0","0","1","0","0","0","0","0","0","0","1","","","","","","137467859","5.5282","7.38857","0","0","344","thing","Next Station: Paris – Sports","1","4","30","30","25","2024","","","","","","","","","","expansion","","","","",""
"Next Station: Tokyo","380165","0","0","0","1","0","0","0","0","0","0","0","1","","","","","","137469312","6.32166","7.16157","1.8235","1760","4172","thing","Next Station: Tokyo","1","4","30","30","25","2023","1,2,3,4","2","8+","No necessary in-game text","","","","","","standalone","","","","",""
"Ni Plus Ni Moins","421919","0","0","0","1","1","0","0","0","0","0","0","1","","","","","","137469321","0","6","0","0","13","thing","Ni Plus Ni Moins","3","10","15","15","15","2024","","","","","","","","","","standalone","","","","",""
"Not That Movie!","299180","0","0","0","1","1","0","0","0","0","0","0","1","","","","","","137469338","5.57363","6.6675","1.2","10773","285","thing","Not That Movie!","2","7","20","20","20","2022","3,4,5,6,7","5,6","12+","","","","","","","standalone","","","","",""
"Nova Roma","370789","0","0","0","1","0","0","0","0","0","0","0","1","","","","","","137469343","6.23575","7.67308","3.25","2045","2255","thing","Nova Roma","1","4","120","120","60","2024","1,2,3,4","3","12+","No necessary in-game text","","","","","","standalone","","","","",""
"Number Drop","337784","0","0","0","1","1","0","0","0","0","0","0","1","","","","","","137469354","5.62409","6.12599","1.5385","8112","901","thing","Number Drop","1","6","20","20","20","2021","1,2,3,4,5,6","1","10+","No necessary in-game text","","","","","","standalone","","","","",""
"A nyugalom tengere","288513","0","0","0","1","0","0","0","0","0","0","0","1","","","","","","137374551","6.37471","6.93728","1.3465","1616","7603","thing","Tranquility","1","5","20","20","15","2021","1,2,3,4","2","8+","No necessary in-game text","","","","","","standalone","","Gém Klub Kft.","Hungarian","2021","Hungarian edition"
"A nyugati királyság építőmesterei","236457","0","0","0","1","0","0","0","0","0","0","0","1","","","","","","137374559","7.51698","7.71223","2.7579","124","43630","thing","Architects of the West Kingdom","1","5","80","80","60","2019","1,2,3,4,5","4","10+","Some necessary text - easily memorized or small crib sheet","","","","","","standalone","","Reflexshop","Hungarian","2019","Hungarian edition"
"A Nyugati Királyság Lovagjai","266810","0","0","0","1","0","0","0","0","0","0","0","1","","","","","","137374570","7.66255","7.95956","3.7143","78","32076","thing","Paladins of the West Kingdom","1","4","120","120","90","2019","1,2,3","2","14+","Some necessary text - easily memorized or small crib sheet","","","","","","standalone","","Reflexshop","Hungarian","2019","Hungarian edition"
"Oath","291572","0","0","0","1","0","0","0","0","0","0","0","3","","","","","","137469383","7.16594","7.72681","4.117","329","19932","thing","Oath","1","6","150","150","45","2021","3,4,5","4","14+","Extensive use of text - massive conversion needed to be playable","","","","","","standalone","","","","",""
"Ohh...igen?","373855","0","0","0","1","0","0","0","0","0","0","0","1","","","","","","137467411","0","5.79259","1","0","79","thing","Ohh...igen?","2","6","30","30","30","2022","","","","","","","","","","standalone","","","","",""
"Oltréé: Az őrszemek krónikái","293835","0","0","0","1","0","0","0","0","0","0","0","1","","","","","","137469547","6.42787","7.46103","2.2371","1476","5162","thing","Oltréé","2","4","60","60","60","2022","1,2,3,4","2","8+","Extensive use of text - massive conversion needed to be playable","","","","","","standalone","","Gém Klub Kft.","Hungarian","2022","Hungarian edition"
"On a Scale of One to T-Rex","289018","0","0","0","1","0","0","0","0","0","0","0","1","","","","","","137469240","5.52309","5.69467","1","17996","2703","thing","On a Scale of One to T-Rex","2","8","15","15","15","2019","4,5,6,7,8","6","6+","Moderate in-game text - needs crib sheet or paste ups","","","","","","standalone","","","","",""
"One of Us","406859","0","0","0","1","1","0","0","0","0","0","0","1","","","","","","137469572","0","5.34679","1","0","87","thing","One of Us","3","7","20","20","20","2024","3,4,5,6,7","6","10+","Moderate in-game text - needs crib sheet or paste ups","","","","","","standalone","","","","",""
"ORIGINE","435625","0","0","0","1","1","0","0","0","0","0","0","1","","","","","","137469587","0","6.66667","0","0","15","thing","ORIGINE","2","4","30","30","20","2025","","","","","","","","","","standalone","","","","",""
"Out of Sock","424374","0","0","0","1","1","0","0","0","0","0","0","1","","","","","","137469601","0","5.72727","0","0","11","thing","Out of Sock","2","4","15","15","15","2024","","","","","","","","","","standalone","","","","",""
"Pan Am","303057","0","0","0","1","0","0","0","0","0","0","0","1","","","","","","137469614","7.02983","7.5295","2.4122","456","16782","thing","Pan Am","2","4","60","60","60","2020","2,3,4","3,4","10+","Moderate in-game text - needs crib sheet or paste ups","","","","","","standalone","","","","",""
"Panda Spin","417323","0","0","0","1","0","0","0","0","0","0","0","1","","","","","","137721618","6.05555","7.0774","2.0571","2826","2419","thing","Panda Spin","2","5","40","40","25","2024","2,3,4,5","4","10+","No necessary in-game text","","","","","","standalone","","","","",""
"Pandemic Legacy: Season 0","314040","0","0","0","1","1","0","0","0","0","0","0","3","","magyar","hiánytalan","","","138485413","7.73947","8.34675","3.1648","57","20163","thing","Pandemic Legacy: Season 0","2","4","60","60","45","2020","2,3,4","4","12+","Extensive use of text - massive conversion needed to be playable","","","","","","standalone","","","","",""
"Pandemic Legacy: Season 2","221107","0","0","0","1","1","0","0","0","0","0","0","3","","2db (1 angol, 1 magyar)","","","","138485406","7.69702","8.01746","3.242","70","34338","thing","Pandemic Legacy: Season 2","2","4","60","60","60","2017","2,3,4","4","12+","Extensive use of text - massive conversion needed to be playable","","","","","","standalone","","","","",""
"Pandemic: Rapid Response","280789","0","0","0","1","0","0","0","0","0","0","0","1","","","","","","137471697","6.0745","6.55286","2.125","2722","9366","thing","Pandemic: Rapid Response","2","4","20","20","20","2019","2,3,4","2","10+","Some necessary text - easily memorized or small crib sheet","","","","","","standalone","","","","",""
"Pandemic: Róma bukása","260428","0","0","0","1","0","0","0","0","0","0","0","1","","","","","","137471684","7.03498","7.59756","2.491","452","13018","thing","Fall of Rome","1","5","60","60","45","2018","1,2,3,4,5","3","10+","Moderate in-game text - needs crib sheet or paste ups","","","","","","standalone","","Gém Klub Kft.; Z-Man Games","Hungarian","2018","Hungarian edition"
"Paper Dungeons: A Dungeon Scrawler Game","291962","0","0","0","1","0","0","0","0","0","0","0","1","","","","","","137471739","6.43005","7.12409","2.1233","1471","7841","thing","Paper Dungeons: A Dungeon Scrawler Game","1","8","30","30","30","2020","1,2,3,4,5,6","3","10+","Moderate in-game text - needs crib sheet or paste ups","","","","","","standalone","","","","",""
"Paranormal Detectives","280136","0","0","0","1","0","0","0","0","0","0","0","1","","","","","","137721381","6.2713","6.94555","1.6735","1918","6162","thing","Paranormal Detectives","2","6","50","50","30","2019","3,4,5,6","4,5","10+","Moderate in-game text - needs crib sheet or paste ups","","","","","","standalone","","","","",""
"Party Bugs","245700","0","0","0","1","1","0","0","0","0","0","0","1","","","","","","137471765","5.54728","6.26642","1.2","13295","434","thing","Party Bugs","2","6","15","15","15","2018","3,4,5,6","4","6+","","","","","","","standalone","","","","",""
"Pass Pass","378616","0","0","0","1","1","0","0","0","0","0","0","1","","","","","","137471781","5.52772","6.24802","2","16803","243","thing","Pass Pass","3","6","30","30","20","2023","3,4,5,6","4,5","10+","No necessary in-game text","","","","","","standalone","","","","",""
"Pawvocados","426449","0","0","0","1","1","0","0","0","0","0","0","1","","","","","","137471798","0","7","0","0","10","thing","Pawvocados","2","6","15","15","15","2023","","","","","","","","","","standalone","","","","",""
"The Peak Team","430726","0","0","0","1","0","0","0","0","0","0","0","1","","","","","","137721038","5.60743","7.51157","2.6667","8818","394","thing","The Peak Team","1","5","60","60","60","2025","3,4,5","4,5","6–10","Some necessary text - easily memorized or small crib sheet","","","","","","standalone","","","","",""
"Peek-a-Mouse","319754","0","0","0","1","0","0","0","0","0","0","0","1","","","","","","137465010","5.65188","7.14053","1","7257","789","thing","Peek-a-Mouse","2","6","20","20","20","2020","2,3,4,5","4","5+","No necessary in-game text","","","","","","standalone","","","","",""
"Penguin Airlines","369388","0","0","0","1","0","0","0","0","0","0","0","1","","","","","","137471865","5.73409","6.9096","1.3333","5571","1110","thing","Penguin Airlines","2","8","30","30","15","2023","2,4,6,8","4,6,8","8+","No necessary in-game text","","","","","","standalone","","","","",""
"Pergola","424573","0","0","0","1","0","0","0","0","0","0","0","1","","","","","","137471811","6.15274","7.33181","2","2364","2873","thing","Pergola","1","4","60","60","45","2025","1,2,3,4","2","8+","No necessary in-game text","","","","","","standalone","","","","",""
"Perspectives","400995","0","0","0","1","0","0","0","0","0","0","0","1","","","","","","137471822","6.17581","7.65087","1.8636","2274","2490","thing","Perspectives","2","6","90","90","60","2023","2,3,4","3,4","12+","Extensive use of text - massive conversion needed to be playable","","","","","","standalone","","","","",""
"Perudo","45","0","0","0","1","0","0","0","0","0","0","0","1","","","","","","137471827","6.72392","6.92808","1.2505","852","23253","thing","Perudo","2","10","30","30","15","1800","3,4,5,6,7","5,6","8+","No necessary in-game text","","","","","","standalone","","","","",""
"Pets! On Board","426085","0","0","0","1","1","0","0","0","0","0","0","1","","","","","","137471835","0","6.52083","0","0","25","thing","Pets! On Board","2","4","5","5","5","2024","","","","","","","","","","standalone","","","","",""
"Phantom Ink","330592","0","0","0","1","0","0","0","0","0","0","0","3","","","","","","137720272","6.48136","7.40192","1.1739","1335","5032","thing","Phantom Ink","2","8","15","15","10","2022","4,5,6,7,8","4,6","12+","Extensive use of text - massive conversion needed to be playable","","","","","","standalone","","","","",""
"Pictomania (Second Edition)","252526","0","0","0","1","0","0","0","0","0","0","0","1","","","","","","137719969","6.59249","7.56113","1.4464","1090","5091","thing","Pictomania (Second Edition)","3","6","40","40","20","2018","3,4,5,6","5,6","10+","Extensive use of text - massive conversion needed to be playable","","","","","","standalone","","","","",""
"Piles! A Fast-Paced Free-For-All","400752","0","0","0","1","0","0","0","0","0","0","0","1","","","","","","137464278","5.64286","6.8867","1","7509","1181","thing","Piles! A Fast-Paced Free-For-All","2","8","10","10","10","2023","3,4,5,6,7,8","4,5,6","6","","","","","","","standalone","","","","",""
"Pillepopók","394430","0","0","0","1","0","0","0","0","0","0","0","1","","","","","","137471853","5.56254","6.43392","1.2","11690","874","thing","Arschmallows","2","6","45","45","15","2025","2,3,4,5,6","4,5","8","","","","","","","standalone","","Gém Klub Kft.","Hungarian","2025","Hungarian edition"
"Pim Pam Pum","381836","0","0","0","1","1","0","0","0","0","0","0","1","","","","","","137471858","5.50779","6.02394","1","22686","124","thing","Pim Pam Pum","2","5","15","15","15","2023","5","5","3–6","No necessary in-game text","","","","","","standalone","","","","",""
"Pirate Tails","386834","0","0","0","1","1","0","0","0","0","0","0","1","","","","","","137471876","5.51738","7.15","1","19616","102","thing","Pirate Tails","2","5","30","30","15","2023","3,4","4","","No necessary in-game text","","","","","","standalone","","","","",""
"Pizza Party","144579","0","0","0","1","0","0","0","0","0","0","0","1","","","","","","137471899","5.4616","5.29325","1","28834","1339","thing","Pizza Party","2","2","10","10","5","2013","2","2","5+","No necessary in-game text","","","","","","standalone","","","","",""
"Pocket Cats","402126","0","0","0","1","1","0","0","0","0","0","0","1","","","","","","137471910","5.59871","6.12567","1.5263","9231","393","thing","Pocket Cats","2","2","15","15","15","2024","2","2","8+","No necessary in-game text","","","","","","standalone","","","","",""
"Pocket Paragons","297673","0","0","0","1","1","0","0","0","0","0","0","1","","","","","","137472549","5.56202","7.03714","1.75","11731","236","thing","Pocket Paragons","2","2","15","15","3","2020","1,2","2","8+","Extensive use of text - massive conversion needed to be playable","","","","","","standalone","","","","",""
"Porca Miseria","7715","0","0","0","1","1","0","0","0","0","0","0","1","","","","","","137472561","5.48408","4.8902","1","27606","183","thing","Porca Miseria","3","8","30","30","30","1999","4,5,6,7,8","4,5,6,7,8","","","","","","","","standalone","","","","",""
"Power Grid","2651","0","0","0","1","0","0","0","0","0","0","0","1","","","","","","137469235","7.68408","7.80022","3.2487","73","85227","thing","Power Grid","2","6","120","120","120","2004","3,4,5,6","4,5","12+","No necessary in-game text","","","","","","standalone","","","","",""
"Power Hungry Pets","411404","0","0","0","1","0","0","0","0","0","0","0","1","","","","","","137463676","5.74837","6.96388","1.1429","5339","1937","thing","Power Hungry Pets","2","6","15","15","15","2024","3,4,5,6","4,5","8+","Extensive use of text - massive conversion needed to be playable","","","","","","standalone","","","","",""
"Praga Caput Regni","308765","0","0","0","1","0","0","0","0","0","0","0","1","","","","","","137472575","7.38069","7.85248","3.73","185","16018","thing","Praga Caput Regni","1","4","150","150","45","2020","1,2,3,4","3","12+","No necessary in-game text","","","","","","standalone","","","","",""
"The Princes of Florence","555","0","0","0","1","0","0","0","0","0","0","0","1","","","","","","137472580","7.20979","7.49568","3.2413","293","18240","thing","The Princes of Florence","1","5","100","100","75","2000","3,4,5","5","12+","Moderate in-game text - needs crib sheet or paste ups","","","","","","standalone","","","","",""
"Project L","260180","0","0","0","1","0","0","0","0","0","0","0","1","","","","","","137472587","7.10746","7.45723","1.5534","378","21927","thing","Project L","1","4","40","40","20","2020","1,2,3,4","2,3","8+","No necessary in-game text","","","","","","standalone","","","","",""
"Pueblo","3228","0","0","0","1","0","0","0","0","0","0","0","1","","","","","","137472594","6.3701","6.97476","2.2371","1624","4323","thing","Pueblo","2","4","60","60","60","2002","2,3,4","3,4","10+","No necessary in-game text","","","","","","standalone","","","","",""
"Puerto Rico","108687","0","0","0","1","0","0","0","0","0","0","0","1","","","","","","137472605","7.48998","8.31107","3.232","0","10088","thing","Puerto Rico","2","5","150","150","90","2011","2,3,4,5","4","12+","Some necessary text - easily memorized or small crib sheet","","","","","","standalone","","","","",""
"Pyramidice","378951","0","0","0","1","1","0","0","0","0","0","0","1","","","","","","137472616","5.59309","6.8796","2.4286","9515","449","thing","Pyramidice","1","4","60","60","30","2023","1,2,3,4","1,2,3","10+","Some necessary text - easily memorized or small crib sheet","","","","","","standalone","","","","",""
"Quacks","244521","0","0","0","1","0","0","0","0","0","0","0","1","","","","","","137467970","7.66856","7.80588","1.9424","75","89944","thing","Quacks","2","4","45","45","45","2018","2,3,4","4","8+","Moderate in-game text - needs crib sheet or paste ups","","","","","","standalone","","","","",""
"Quadropolis","176396","0","0","0","1","0","0","0","0","0","0","0","1","","","","","","137472622","6.94138","7.21442","2.2014","562","18676","thing","Quadropolis","2","4","60","60","30","2016","2,3,4","4","8+","No necessary in-game text","","","","","","standalone","","","","",""
"Quando","412927","0","0","0","1","1","0","0","0","0","0","0","1","","","","","","137472629","5.6018","6.64133","1.1429","9078","514","thing","Quando","2","6","15","15","15","2024","2,3,4,5,6","4","8+","No necessary in-game text","","","","","","standalone","","","","",""
"Quarto","681","0","0","0","1","0","0","0","0","0","0","0","1","","","","","","137472632","6.56657","6.90208","1.8763","1143","14712","thing","Quarto","2","2","20","20","20","1991","2","2","8+","No necessary in-game text","","","","","","standalone","","","","",""
"Quirky Circuits","274093","0","0","0","1","0","0","0","0","0","0","0","1","","","","","","137465675","6.08145","7.11898","1.8333","2691","2549","thing","Quirky Circuits","2","4","30","30","15","2019","2,3,4","3,4","8+","Some necessary text - easily memorized or small crib sheet","","","","","","standalone","","","","",""
"Quoridor","624","0","0","0","1","0","0","0","0","0","0","0","1","","","","","","137472639","6.36107","6.64706","1.8237","1648","15276","thing","Quoridor","2","4","15","15","15","1997","2,4","2","8+","No necessary in-game text","","","","","","standalone","","","","",""
"Quoridor Pac-Man","411617","0","0","0","1","0","0","0","0","0","0","0","3","","","","","","137472648","5.61194","6.40117","1.6667","8617","1305","thing","Quoridor Pac-Man","2","5","15","15","15","2024","2,4,5","2","","No necessary in-game text","","","","","","standalone","","","","",""
"Raccoon Tycoon","254386","0","0","0","1","1","0","0","0","0","0","0","1","","","","","","137472661","6.67581","7.22228","2.1667","932","11095","thing","Raccoon Tycoon","2","5","90","90","60","2018","3,4,5","4","10+","Some necessary text - easily memorized or small crib sheet","","","","","","standalone","","","","",""
"Race for the Galaxy","28143","0","0","0","1","0","0","0","0","0","0","0","1","","","","","","137472668","7.6192","7.73872","2.9917","90","72930","thing","Race for the Galaxy","2","4","60","60","30","2007","2,3,4","2","12+","Some necessary text - easily memorized or small crib sheet","","","","","","standalone","","","","",""
"Race for the Galaxy: The Gathering Storm","34499","0","0","0","1","0","0","0","0","0","0","0","1","","","","","","137472672","7.58885","8.08969","2.9921","0","23114","thing","Race for the Galaxy: The Gathering Storm","1","5","60","60","60","2008","1,2,3,4,5","2","12+","Some necessary text - easily memorized or small crib sheet","","","","","","expansion","","","","",""
"Ratjack","414107","0","0","0","1","1","0","0","0","0","0","0","1","","","","","","137472683","5.80821","6.69672","1.6364","4585","1409","thing","Ratjack","2","4","30","30","15","2024","2,3,4","3","10+","Moderate in-game text - needs crib sheet or paste ups","","","","","","standalone","","","","",""
"Rats of Wistar","387780","0","0","0","1","0","0","0","0","0","0","0","1","","","","","","137472690","6.66032","7.49109","3.3902","964","5844","thing","Rats of Wistar","1","4","90","90","90","2023","1,2,3,4","3","12+","No necessary in-game text","","","","","","standalone","","","","",""
"Really Loud Librarians: Grab & Game","447029","0","0","0","1","1","0","0","0","0","0","0","1","","","","","","137472696","0","7.34167","0","0","59","thing","Really Loud Librarians: Grab & Game","2","12","15","15","15","2024","","","","","","","","","","standalone","","","","",""
"Rebel Princess: 2nd Edition","420017","0","0","0","1","0","0","0","0","0","0","0","1","","","","","","137468036","5.72715","7.60896","1.75","5667","765","thing","Rebel Princess: 2nd Edition","3","6","45","45","45","2024","3,4,5,6","4","","","","","","","","standalone","","","","",""
"Regroup! Chicken Army","350637","0","0","0","1","0","0","0","0","0","0","0","1","","","","","","137464354","5.76508","7.26206","1.4444","5111","1292","thing","Regroup! Chicken Army","2","4","20","20","10","2023","2,3,4","3,4","6+","No necessary in-game text","","","","","","standalone","","","","",""
"Return to Dark Tower","256680","0","0","0","1","0","0","0","0","0","0","0","1","","","","","","137472704","7.30751","8.20744","2.6547","226","10323","thing","Return to Dark Tower","1","4","120","120","100","2022","1,2,3,4","4","10+","Extensive use of text - massive conversion needed to be playable","","","","","","standalone","","","","",""
"Revive","332772","0","0","0","1","0","0","0","0","0","0","0","1","","","","","","137465001","7.61836","8.08043","3.4578","91","17044","thing","Revive","1","4","120","120","90","2022","1,2,3,4","3","14+","Some necessary text - easily memorized or small crib sheet","","","","","","standalone","","","","",""
"Revive: Call of the Abyss","385685","0","0","0","1","0","0","0","0","0","0","0","1","","","","","","137472712","6.14523","8.32671","3.3333","0","4045","thing","Revive: Call of the Abyss","1","4","120","120","90","2023","1,2,3,4","3","12+","Some necessary text - easily memorized or small crib sheet","","","","","","expansion","","","","",""
"Richard the Lionheart","232979","0","0","0","1","0","0","0","0","0","0","0","1","","","","","","137469594","5.84988","7.01129","2.2692","4193","1697","thing","Richard the Lionheart","2","6","90","90","90","2017","3,4,5,6","5,6","12+","Moderate in-game text - needs crib sheet or paste ups","","","","","","standalone","","","","",""
"Right on Time","432804","0","0","0","1","1","0","0","0","0","0","0","1","","","","","","137472721","0","7.02632","1.5","0","73","thing","Right on Time","2","5","0","0","0","2025","2,3,4","2,3,4","","","","","","","","standalone","","","","",""
"Rising Sun","205896","0","0","0","1","0","0","0","0","0","0","0","1","","","","","","137465283","7.45416","7.75638","3.3","150","29037","thing","Rising Sun","3","5","120","120","90","2018","3,4,5","4,5","14+","Some necessary text - easily memorized or small crib sheet","","","","","","standalone","","","","",""
"Rivages","409581","0","0","0","1","0","0","0","0","0","0","0","1","","","","","","137471761","5.73529","7.15075","1.8571","5553","1006","thing","Rivages","1","5","30","30","20","2024","1,2,3,4,5","1","8+","No necessary in-game text","","","","","","standalone","","","","",""
"River Valley Glassworks","407297","0","0","0","1","0","0","0","0","0","0","0","1","","","","","","137467879","6.63387","7.30126","1.5062","1019","8758","thing","River Valley Glassworks","1","5","45","45","25","2024","1,2,3,4","2","8+","No necessary in-game text","","","","","","standalone","","","","",""
"Riverside","321108","0","0","0","1","1","0","0","0","0","0","0","1","","","","","","137472749","6.10689","7.08061","1.9048","2575","2865","thing","Riverside","1","6","25","25","15","2021","1,2,3,4,5,6","3,4","10+","No necessary in-game text","","","","","","standalone","","","","",""
"Roaring 20s","427278","0","0","0","1","0","0","0","0","0","0","0","1","","","","","","137471749","5.62099","6.46098","1.3333","8229","657","thing","Roaring 20s","3","5","30","30","20","2024","3,4","4","","No necessary in-game text","","","","","","standalone","","","","",""
"Robbanó cicák","430593","0","0","0","1","0","0","0","0","0","0","0","1","","","","","","137472765","0","5.78421","0","0","104","thing","Exploding Kittens: Grab & Game","2","4","15","15","15","2025","","","","","","","","","","standalone","","Gém Klub Kft.","Hungarian","2025","Hungarian edition"
"Robbanó cicák: Menny és pokol","395906","0","0","0","1","0","0","0","0","0","0","0","1","","","","","","137472753","5.61841","6.74189","1.25","8337","1632","thing","Exploding Kittens: Good Vs Evil","2","5","15","15","15","2023","2,3,4,5","4","6+","","","","","","","standalone","","Gém Klub Kft.","Hungarian","2023","Hungarian edition"
"Robbanó cicák: Partipakk","256804","0","0","0","1","0","0","0","0","0","0","0","1","","","","","","137719379","6.19452","7.06327","1.0667","2213","8402","thing","Exploding Kittens: Party Pack","2","10","15","15","15","2020","2,3,4,5,6,7,8,9,10","5,6","8+","Some necessary text - easily memorized or small crib sheet","","","","","","standalone","","Gém Klub Kft.","Hungarian","2020","Hungarian edition"
"Robinson Crusoe: Adventures on the Cursed Island – Collector's Edition (Gamefound Edition)","334931","0","0","0","1","0","0","0","0","0","0","0","1","","","","","","137719394","5.9594","7.25987","3.6875","0","3725","thing","Robinson Crusoe: Adventures on the Cursed Island – Collector's Edition (Gamefound Edition)","1","4","120","120","60","2024","1,2,3,4","1","12+","Unplayable in another language","","","","","","standalone","","","","",""
"Robinson Crusoe: Adventures on the Cursed Island – The Book of Adventures","299441","0","0","0","1","0","0","0","0","0","0","0","1","","","","","","137719403","5.8014","7.61731","3.5","0","3176","thing","Robinson Crusoe: Adventures on the Cursed Island – The Book of Adventures","1","4","120","120","60","2024","","","","Unplayable in another language","","","","","","expansion","","","","",""
"Robots","296514","0","0","0","1","0","0","0","0","0","0","0","1","","","","","","137719426","5.54666","6.05139","1","13387","759","thing","Robots","2","6","15","15","15","2020","2,3,4,5,6","3,4","5–8","","","","","","","standalone","","","","",""
"Roll for the Galaxy","132531","0","0","0","1","0","0","0","0","0","0","0","1","","","","","","137719462","7.40931","7.56924","2.7811","166","40449","thing","Roll for the Galaxy","2","5","45","45","45","2014","2,3,4,5","3,4","10+","Moderate in-game text - needs crib sheet or paste ups","","","","","","standalone","","","","",""
"Róma dicsősége","349793","0","0","0","1","0","0","0","0","0","0","0","1","","","","","","137719479","5.79818","7.02933","2.6667","4707","1613","thing","Age of Rome","1","4","90","90","60","2023","1,2,4","4","12+","Moderate in-game text - needs crib sheet or paste ups","","","","","","standalone","","Gém Klub Kft.; Teetotum Game Studios","Hungarian","2023","Hungarian edition"
"Romi Rami","383790","0","0","0","1","1","0","0","0","0","0","0","1","","","","","","137719484","5.92233","6.94849","1.3448","3620","1522","thing","Romi Rami","2","4","30","30","30","2023","2,3,4","2,3","8+","No necessary in-game text","","","","","","standalone","","","","",""
"Röppenő cicák","425122","0","0","0","1","0","0","0","0","0","0","0","1","","","","","","137719492","5.50117","5.79111","1","24617","131","thing","Catchables","2","4","10","10","10","2025","2,3,4","3,4","8+","","","","","","","standalone","","Gém Klub Kft.","Hungarian","2025","Hungarian edition"
"Rory's Story Cubes","20545","0","0","0","1","0","0","0","0","0","0","0","1","","","","","","137720370","5.92495","6.2211","1.1111","3597","11825","thing","Rory's Story Cubes","1","12","20","20","20","2005","1,2,3,4,5,6","2,3,4","4+","No necessary in-game text","","","","","","standalone","","","","",""
"Runemasters","391766","0","0","0","1","0","0","0","0","0","0","0","1","","","","","","137719524","5.5258","6.64537","1.6","17247","298","thing","Runemasters","1","4","60","60","45","2024","1,2,3,4","4","6","","","","","","","standalone","","","","",""
"Sajtra szállás","347703","0","0","0","1","0","0","0","0","0","0","0","1","","","","","","137719535","6.82774","7.53096","2.2806","706","7112","thing","First Rat","1","5","75","75","30","2024","1,2,3,4,5","3,4","10+","No necessary in-game text","","","","","","standalone","","Gém Klub Kft.","Hungarian","2024","Hungarian edition"
"Samurai","3","0","0","0","1","0","0","0","0","0","0","0","1","","","","","","137719545","7.22482","7.48228","2.4411","277","17370","thing","Samurai","2","4","60","60","30","1998","2,3,4","3","10+","No necessary in-game text","","","","","","standalone","","","","",""
"Santiago","8125","0","0","0","1","1","0","0","0","0","0","0","1","","","","","","137719571","6.689","7.18249","2.4805","913","5253","thing","Santiago","2","5","75","75","75","2003","4,5","5","10+","No necessary in-game text","","","","","","standalone","","","","",""
"Sarkvidék","420214","0","0","0","1","0","0","0","0","0","0","0","1","","","","","","137719582","5.62516","6.40011","1.9167","8068","514","thing","Arctic","2","4","40","40","20","2024","2,3,4","2","8+","No necessary in-game text","","","","","","standalone","","Gém Klub Kft.","Hungarian","2024","Hungarian edition"
"Schattenwald","432802","0","0","0","1","1","0","0","0","0","0","0","1","","","","","","137719593","0","7.48","0","0","53","thing","Schattenwald","2","4","15","15","15","2025","","","","","","","","","","standalone","","","","",""
"Schnapp die Möpse","296736","0","0","0","1","1","0","0","0","0","0","0","1","","","","","","137719605","5.51255","6.32133","1.5","21155","109","thing","Schnapp die Möpse","2","5","15","15","5","2018","","","","","","","","","","standalone","","","","",""
"Schrödinger macskája","345972","0","0","0","1","0","0","0","0","0","0","0","1","","","","","","137719620","7.12023","7.456","2.0405","366","23099","thing","Cat in the Box: Deluxe Edition","2","5","40","40","20","2023","3,4,5","4","10+","No necessary in-game text","","","","","","standalone","","Gém Klub Kft.","Hungarian","2023","Hungarian edition"
"SCOUT","291453","0","0","0","1","0","0","0","0","0","0","0","1","","","","","","137719684","7.58408","7.80348","1.3792","102","49434","thing","SCOUT","2","5","20","20","20","2019","3,4,5","4","8+","No necessary in-game text","","","","","","standalone","","","","",""
"Scythe","169786","0","0","0","1","0","0","0","0","0","0","0","1","","","","","","137719759","7.95486","8.10812","3.4528","22","124761","thing","Scythe","1","5","115","115","115","2016","1,2,3,4,5","4","12+","Moderate in-game text - needs crib sheet or paste ups","","","","","","standalone","","","","",""
"Sea Salt & Paper","367220","0","0","0","1","1","0","0","0","0","0","0","1","","","","","","137719795","7.23838","7.50452","1.4789","270","41074","thing","Sea Salt & Paper","2","4","45","45","30","2022","2,3,4","2","8+","No necessary in-game text","","","","","","standalone","","","","",""
"The Search for Lost Species","358557","0","0","0","1","0","0","0","0","0","0","0","1","","","","","","137465023","6.47963","7.78317","3","1339","4590","thing","The Search for Lost Species","1","4","75","75","60","2023","1,2,3,4","2","12+","Extensive use of text - massive conversion needed to be playable","","","","","","standalone","","","","",""
"Seasons","108745","0","0","0","1","0","0","0","0","0","0","0","1","","","","","","137465109","7.1523","7.33874","2.7832","340","31385","thing","Seasons","2","4","60","60","60","2012","2,3","2","12+","Extensive use of text - massive conversion needed to be playable","","","","","","standalone","","","","",""
"Secret Identity","347112","0","0","0","1","0","0","0","0","0","0","0","1","","1. és 2. kiadás","","","","137467897","6.1144","7.29992","1.1786","2543","2171","thing","Secret Identity","3","8","40","40","20","2022","4,5,6,7,8","6,7,8","10+","No necessary in-game text","","","","","","standalone","","","","",""
"Sequoia","305986","0","0","0","1","1","0","0","0","0","0","0","1","","","","","","137719817","5.92786","6.61869","1.2692","3575","4273","thing","Sequoia","2","5","10","10","10","2020","3,4,5","4,5","6+","No necessary in-game text","","","","","","standalone","","","","",""
"SETI: Search for Extraterrestrial Intelligence","418059","0","0","0","1","0","0","0","0","0","0","0","1","","","","","","137719824","7.93505","8.39713","3.8145","26","23827","thing","SETI: Search for Extraterrestrial Intelligence","1","4","160","160","40","2024","1,2,3,4","3","14+","Moderate in-game text - needs crib sheet or paste ups","","","","","","standalone","","","","",""
"SETI: Search for Extraterrestrial Intelligence – Pluto Promo Card","430027","0","0","0","1","0","0","0","0","0","0","0","1","","","","","","137719826","5.74919","8.17078","2.375","0","1955","thing","SETI: Search for Extraterrestrial Intelligence – Pluto Promo Card","1","4","160","160","40","2024","4","4","","","","","","","","expansion","","","","",""
"Shadow House: Masquerade","400268","0","0","0","1","1","0","0","0","0","0","0","1","","","","","","137719832","5.56036","6.66462","1.8","11871","406","thing","Shadow House: Masquerade","3","8","20","20","10","2023","4,5,6,7,8","5,6","10+","Some necessary text - easily memorized or small crib sheet","","","","","","standalone","","","","",""
"Shards of the Jaguar","263222","0","0","0","1","0","0","0","0","0","0","0","1","","","","","","137719841","5.59649","7.78095","3.3077","9347","291","thing","Shards of the Jaguar","1","4","90","90","90","2021","2,3,4","4","12+","No necessary in-game text","","","","","","standalone","","","","",""
"Sideboards","413397","0","0","0","1","1","0","0","0","0","0","0","1","","","","","","137719906","5.5211","6.16053","1.6667","18563","200","thing","Sideboards","1","6","15","15","15","2024","1,2,3,4,5,6","1,2","8+","","","","","","","standalone","","","","",""
"Sierra","423690","0","0","0","1","1","0","0","0","0","0","0","1","","","","","","137719930","5.53462","6.93636","2","15251","163","thing","Sierra","1","8","30","30","30","2024","4,5,6,8","4,6,8","","","","","","","","standalone","","","","",""
"Sirens","375616","0","0","0","1","0","0","0","0","0","0","0","3","","","","","","137372400","5.57696","6.84788","1.5714","10521","859","thing","Sirens","1","2","20","20","10","2024","1,2","1,2","12+","","","","","","","standalone","","Envy Born Games","English","2024","English edition"
"Sleepy Cats","393196","0","0","0","1","1","0","0","0","0","0","0","1","","","","","","137719984","0","6.52857","0","0","105","thing","Sleepy Cats","2","4","5","5","5","2023","","","6","","","","","","","standalone","","","","",""
"Slide Quest","271785","0","0","0","1","0","0","0","0","0","0","0","1","","","","","","137464500","5.98573","6.59146","1.1429","3197","3892","thing","Slide Quest","1","4","45","45","15","2019","2,3,4","4","6+","No necessary in-game text","","","","","","standalone","","","","",""
"Slingz","419421","0","0","0","1","1","0","0","0","0","0","0","1","","","","","","137719989","5.60068","6.53756","1","9134","938","thing","Slingz","2","7","15","15","15","2022","4","4","","Unplayable in another language","","","","","","standalone","","","","",""
"Smart Ass","27389","0","0","0","1","0","0","0","0","0","0","0","1","","","","","","137719998","5.45273","5.45041","1.3115","29034","4557","thing","Smart Ass","2","6","30","30","30","2006","3,4,5,6","4,5,6","14+","Extensive use of text - massive conversion needed to be playable","","","","","","standalone","","","","",""
"Snatch it!","420120","0","0","0","1","0","0","0","0","0","0","0","1","","","","","","137722238","5.54211","6.60084","1.5","14012","232","thing","Snatch it!","3","6","30","30","20","2024","3,4,5","4","8+","","","","","","","standalone","","","","",""
"So Clover!","329839","0","0","0","1","0","0","0","0","0","0","0","1","","","","","","137720359","7.22301","7.59034","1.1243","278","18988","thing","So Clover!","3","6","30","30","30","2021","2,3,4,5,6","3,4","10+","Unplayable in another language","","","","","","standalone","","","","",""
"Sosig","411015","0","0","0","1","0","0","0","0","0","0","0","1","","","","","","137467762","5.55543","6.56277","1.5714","12329","662","thing","Sosig","2","4","15","15","10","2023","2,3,4","3","8–14","Some necessary text - easily memorized or small crib sheet","","","","","","standalone","","","","",""
"Speculaas","397747","0","0","0","1","1","0","0","0","0","0","0","1","","","","","","137720041","5.5822","7.51111","1.3333","10190","174","thing","Speculaas","1","5","20","20","20","2024","1,2,3,4","2,3","8+","No necessary in-game text","","","","","","standalone","","","","",""
"Spicy","299169","0","0","0","1","0","0","0","0","0","0","0","1","","","","","","137720050","6.70947","7.15605","1.3203","876","14439","thing","Spicy","2","6","20","20","15","2020","3,4,5,6","4,5","8+","No necessary in-game text","","","","","","standalone","","","","",""
"Spiky Go!","426082","0","0","0","1","1","0","0","0","0","0","0","1","","","","","","137720063","0","7.7","0","0","17","thing","Spiky Go!","2","4","15","15","15","2024","","","","","","","","","","standalone","","","","",""
"Spirit Island","162886","0","0","0","1","0","0","0","0","0","0","0","1","","","","","","137720261","8.14148","8.33966","4.0759","11","92956","thing","Spirit Island","1","4","120","120","90","2017","1,2,3,4","2","14+","Extensive use of text - massive conversion needed to be playable","","","","","","standalone","","","","",""
"Splendor","148228","0","0","0","1","0","0","0","0","0","0","0","1","","","","","","137720066","7.29199","7.4187","1.7771","237","133237","thing","Splendor","2","4","30","30","30","2014","2,3,4","3","8+","No necessary in-game text","","","","","","standalone","","","","",""
"Splendor Duel","364073","0","0","0","1","0","0","0","0","0","0","0","1","","","","","","137720068","7.54934","7.88405","2.0104","113","34244","thing","Splendor Duel","2","2","30","30","30","2022","2","2","10+","No necessary in-game text","","","","","","standalone","","","","",""
"Splendor: Marvel","293296","0","0","0","1","0","0","0","0","0","0","0","1","","","","","","137720074","6.91774","7.56073","1.789","588","13948","thing","Splendor: Marvel","2","4","30","30","30","2020","2,3,4","3","8+","No necessary in-game text","","","","","","standalone","","","","",""
"Spooky Stairs","12346","0","0","0","1","0","0","0","0","0","0","0","1","","","","","","137720264","5.90631","6.41849","1.0935","3731","3597","thing","Spooky Stairs","2","4","15","15","10","2003","3,4","4","4+","No necessary in-game text","","","","","","standalone","","","","",""
"Spot it!","63268","0","0","0","1","0","0","0","0","0","0","0","1","","","","","","137464742","6.367","6.53163","1.0388","1633","47938","thing","Spot it!","2","8","15","15","15","2009","2,3,4,5,6,7","4,5","4+","No necessary in-game text","","","","","","standalone","","","","",""
"Spot it! 1,2,3","117995","0","0","0","1","0","0","0","0","0","0","0","1","","","","","","137464760","5.73068","6.289","1.0256","5619","3195","thing","Spot it! 1,2,3","2","6","15","15","15","2012","2,3,4,5,6","4","3+","No necessary in-game text","","","","","","standalone","","","","",""
"Spot it! CATAN","448778","0","0","0","1","0","0","0","0","0","0","0","1","","","","","","137464748","5.5145","6.64531","1","20553","113","thing","Spot it! CATAN","2","6","15","15","15","2025","2,3,4,6","2,3","","","","","","","","standalone","","","","",""
"Spot it! Disney 100 Years of Wonder","382419","0","0","0","1","0","0","0","0","0","0","0","3","","","","","","137464771","5.62681","7.03194","1","8020","1125","thing","Spot it! Disney 100 Years of Wonder","2","8","15","15","15","2023","2,3,4,5,6,7,8","4,5","6+","No necessary in-game text","","","","","","standalone","","","","",""
"Spots","372559","0","0","0","1","0","0","0","0","0","0","0","1","","","","","","137472564","6.68009","7.13192","1.2794","925","12164","thing","Spots","1","4","30","30","25","2022","2,3,4","2,3","6+","Moderate in-game text - needs crib sheet or paste ups","","","","","","standalone","","","","",""
"Star Explorer","424995","0","0","0","1","0","0","0","0","0","0","0","1","","","","","","137469323","5.75798","7.38998","1.6667","5210","830","thing","Star Explorer","1","4","30","30","30","2024","1,2,3,4","3","8","No necessary in-game text","","","","","","standalone","","","","",""
"Star Tycoon","364393","0","0","0","1","0","0","0","0","0","0","0","1","","","","","","137720084","5.70346","7.33338","2.8333","6086","893","thing","Star Tycoon","1","4","100","100","25","2024","1,2,3","3","12+","Some necessary text - easily memorized or small crib sheet","","","","","","standalone","","","","",""
"Star Wars: Battle of Hoth","444481","0","0","0","1","0","0","0","0","0","0","0","1","","","","","","137720100","6.53382","8.03036","1.9167","1213","5485","thing","Star Wars: Battle of Hoth","2","4","30","30","30","2025","2","2","8+","Moderate in-game text - needs crib sheet or paste ups","","","","","","standalone","","","","",""
"Star Wars: The Clone Wars","370913","0","0","0","1","0","0","0","0","0","0","0","1","","","","","","137720108","6.80475","7.53551","2.1575","733","12113","thing","Star Wars: The Clone Wars","1","5","60","60","60","2022","1,2,3,4","2,3","10+","Moderate in-game text - needs crib sheet or paste ups","","","","","","standalone","","","","",""
"Startups","223770","0","0","0","1","1","0","0","0","0","0","0","1","","","","","","137720114","6.70814","7.1869","1.5882","881","11830","thing","Startups","3","7","20","20","20","2017","3,4,5","4","10+","No necessary in-game text","","","","","","standalone","","","","",""
"Station to Station","424753","0","0","0","1","1","0","0","0","0","0","0","1","","","","","","137720124","5.57333","6.95205","2.5","10793","289","thing","Station to Station","2","4","90","90","60","2024","2,3,4","3,4","8+","","","","","","","standalone","","","","",""
"Steam Power","391752","0","0","0","1","0","0","0","0","0","0","0","1","","","","","","137720134","5.95307","7.40551","2.2973","3399","1051","thing","Steam Power","1","5","90","90","45","2025","1,2,3,4,5","4","8+","No necessary in-game text","","","","","","standalone","","","","",""
"Stella: Dixit Universe","329845","0","0","0","1","0","0","0","0","0","0","0","1","","","","","","137720142","6.6552","7.29177","1.1649","976","8770","thing","Stella: Dixit Universe","3","6","30","30","30","2021","3,4,5,6","5,6","6+","Some necessary text - easily memorized or small crib sheet","","","","","","standalone","","","","",""
"Stickers","413533","0","0","0","1","0","0","0","0","0","0","0","1","","","","","","137468928","5.63296","7.44425","1.3333","7808","446","thing","Stickers","2","4","30","30","15","2024","2,3,4","3","6+","Some necessary text - easily memorized or small crib sheet","","","","","","standalone","","","","",""
"Stitch: The Fix for 626","436219","0","0","0","1","0","0","0","0","0","0","0","3","","","","","","137884648","5.52823","7.22683","1","16683","199","thing","Stitch: The Fix for 626","2","5","10","10","10","2025","3,4,5","4","","","","","","","","standalone","","","","",""
"Stomp the Plank","367771","0","0","0","1","0","0","0","0","0","0","0","3","","","","","","137464584","5.87317","6.89876","1","3986","1805","thing","Stomp the Plank","2","4","20","20","15","2022","2,3,4","4","4+","No necessary in-game text","","","","","","standalone","","","","",""
"Stonespine Architects","387514","0","0","0","1","0","0","0","0","0","0","0","1","","
","","","","137465146","6.49828","7.43745","2.1212","1300","4535","thing","Stonespine Architects","1","5","60","60","45","2024","1,2,3,4,5","4","8+","Some necessary text - easily memorized or small crib sheet","","","","","","standalone","","","","",""
"Stonespine Architects: Shrines and Fountains Mini Expansion","417101","0","0","0","1","0","0","0","0","0","0","0","1","","","","","","137465154","5.59731","7.60741","2","0","926","thing","Stonespine Architects: Shrines and Fountains Mini Expansion","1","5","0","0","0","2024","1,2,3,4,5","2,3,4","10+","No necessary in-game text","","","","","","expansion","","","","",""
"Stranger Things: Attack of the Mind Flayer","361457","0","0","0","1","0","0","0","0","0","0","0","1","","","","","","137720180","5.49373","5.54406","1.125","26297","928","thing","Stranger Things: Attack of the Mind Flayer","4","10","20","20","20","2022","4,5,6,7,8,9,10","7,8","8+","","","","","","","standalone","","","","",""
"Stuffed Fables","233312","0","0","0","1","1","0","0","0","0","0","0","1","","","","","","137720187","6.92219","7.41441","2.4604","584","22313","thing","Stuffed Fables","2","4","90","90","60","2018","1,2,3,4","4","8+","Extensive use of text - massive conversion needed to be playable","","","","","","standalone","","","","",""
"Stupefy!","369519","0","0","0","1","0","0","0","0","0","0","0","1","","","","","","137720190","5.5888","6.28463","1.3","9782","964","thing","Stupefy!","4","8","30","30","30","2022","4,5,6,7,8","4,6,8","6+","No necessary in-game text","","","","","","standalone","","","","",""
"Summoner Wars (Second Edition)","332800","0","0","0","1","0","0","0","0","0","0","0","1","","","","","","137720197","7.14036","8.05492","2.5714","349","8560","thing","Summoner Wars (Second Edition)","2","2","60","60","40","2021","2","2","10+","Moderate in-game text - needs crib sheet or paste ups","","","","","","standalone","","","","",""
"Survive The Island","425428","0","0","0","1","0","0","0","0","0","0","0","1","","","","","","137469012","6.46396","7.43032","1.4516","1377","6095","thing","Survive The Island","2","5","45","45","45","2024","3,4,5","4","6+","Some necessary text - easily memorized or small crib sheet","","","","","","standalone","","","","",""
"Sushi Go Party!","192291","0","0","0","1","0","0","0","0","0","0","0","1","","","","","","137720222","7.22169","7.37724","1.3157","280","72499","thing","Sushi Go Party!","2","8","20","20","20","2016","2,3,4,5,6,7,8","4,5","8+","Some necessary text - easily memorized or small crib sheet","","","","","","standalone","","","","",""
"Sweet & Spicy","355737","0","0","0","1","0","0","0","0","0","0","0","1","","","","","","137720055","5.6569","6.79347","1.3333","7122","980","thing","Sweet & Spicy","2","6","15","15","15","2022","2,3,4,5,6","4,5","6+","","","","","","","standalone","","","","",""
"Syncro","407214","0","0","0","1","1","0","0","0","0","0","0","1","","","","","","137720249","5.54404","6.68968","1.75","13721","214","thing","Syncro","2","5","15","15","15","2023","2,3,4,5","4","10+","","","","","","","standalone","","","","",""
"Szerető Otthon","385999","0","0","0","1","0","0","0","0","0","0","0","1","","","","","","137720278","5.82711","6.68511","1.8214","4404","1802","thing","Forever Home","1","5","45","45","20","2024","1,2,3,4,5","2","8+","No necessary in-game text","","","","","","standalone","","Gém Klub Kft.","Hungarian","2024","Hungarian edition"
"Szókapocs","300753","0","0","0","1","0","0","0","0","0","0","0","1","","","","","","137720307","6.58976","7.20219","1.0783","1099","8832","thing","Cross Clues","2","6","10","10","5","2021","2,3,4,5,6","4","8+","Unplayable in another language","","","","","","standalone","","Gém Klub Kft.","Hungarian","2021","Hungarian edition"
"Szupercsapat!","359970","0","0","0","1","0","0","0","0","0","0","0","1","","","","","","137720381","6.66711","7.07169","1.8053","950","10666","thing","Challengers!","1","8","45","45","45","2022","2,4,6,8","4,6,8","8+","Moderate in-game text - needs crib sheet or paste ups","","","","","","standalone","","1 More Time Games; Gém Klub Kft.; Z-Man Games","Hungarian","2022","Hungarian edition"
"T.I.M.E Stories","146508","0","0","0","1","1","0","0","0","0","0","0","1","","","","","","137721243","7.1526","7.35419","2.5882","338","43176","thing","T.I.M.E Stories","2","4","90","90","90","2015","2,3,4","4","14+","Unplayable in another language","","","","","","standalone","","","","",""
"Taco Back Goat Cheese Pizza","341876","0","0","0","1","0","0","0","0","0","0","0","1","","","","","","137463656","5.71739","6.90524","1","5823","1899","thing","Taco Back Goat Cheese Pizza","2","8","10","10","10","2020","3,4,5,6,7,8","5,6","10–18","No necessary in-game text","","","","","","standalone","","","","",""
"Taco Cat Goat Cheese Pizza","253664","0","0","0","1","0","0","0","0","0","0","0","1","","","","","","137463653","6.17694","6.50483","1.0357","2272","23214","thing","Taco Cat Goat Cheese Pizza","2","8","30","30","10","2018","3,4,5,6,7,8","4,5,6","6+","No necessary in-game text","","","","","","standalone","","","","",""
"Taco Kitten Pizza","392491","0","0","0","1","0","0","0","0","0","0","0","1","","","","","","137720439","5.52298","6.21957","1","18028","312","thing","Taco Kitten Pizza","2","6","5","5","5","2023","2,3,4,5,6","3,4,5","4+","No necessary in-game text","","","","","","standalone","","","","",""
"Tai Chi Tiger","432808","0","0","0","1","1","0","0","0","0","0","0","1","","","","","","137720830","0","6.5","0","0","28","thing","Tai Chi Tiger","2","5","0","0","0","2025","","","","","","","","","","standalone","","","","",""
"Take 5","432","0","0","0","1","0","0","0","0","0","0","0","3","","","","","","137721919","6.85416","6.98102","1.1901","671","48430","thing","Take 5","2","10","45","45","45","1994","3,4,5,6,7,8,9,10","5,6","8+","No necessary in-game text","","","","","","standalone","","","","",""
"Take Time","440540","0","0","0","1","0","0","0","0","0","0","0","1","","","","","","137467372","6.18918","7.73138","1.6216","2231","2538","thing","Take Time","2","4","30","30","30","2025","2,3,4","4","10+","Moderate in-game text - needs crib sheet or paste ups","","","","","","standalone","","","","",""
"Takenoko","70919","0","0","0","1","0","0","0","0","0","0","0","1","","","","","","137720836","7.06098","7.19916","1.9728","428","76051","thing","Takenoko","2","4","45","45","45","2011","2,3,4","3","8+","No necessary in-game text","","","","","","standalone","","","","",""
"Talisman","714","0","0","0","1","0","0","0","0","0","0","0","1","","","","","","137720842","6.00293","6.36308","2.181","3094","7848","thing","Talisman","2","6","240","240","240","1983","2,3,4,5","3,4","10+","Extensive use of text - massive conversion needed to be playable","","","","","","standalone","","","","",""
"Task Team","393190","0","0","0","1","1","0","0","0","0","0","0","1","","","","","","137720857","5.52293","6.4662","1","18048","236","thing","Task Team","3","18","20","20","20","2024","3,4,5,6,7,8,9,10,11,12","6","8","","","","","","","standalone","","","","",""
"Tectonic Tribes","445031","0","0","0","1","1","0","0","0","0","0","0","1","","","","","","137720862","5.5111","6.29355","1.5","21641","106","thing","Tectonic Tribes","2","5","30","30","30","2025","","","","","","","","","","standalone","","","","",""
"Terra Mystica","120677","0","0","0","1","0","0","0","0","0","0","0","1","","","","","","137720874","7.86428","8.03695","3.9732","35","54362","thing","Terra Mystica","2","5","150","150","60","2012","2,3,4,5","4","12+","No necessary in-game text","","","","","","standalone","","","","",""
"Terra Mystica: Fire & Ice","161317","0","0","0","1","0","0","0","0","0","0","0","1","","","","","","137720888","7.39073","8.3988","3.9536","0","13828","thing","Terra Mystica: Fire & Ice","2","5","100","100","100","2014","2,3,4,5","4","12+","No necessary in-game text","","","","","","expansion","","","","",""
"Terra Mystica: Találmányok kora","383179","0","0","0","1","0","0","0","0","0","0","0","1","","","","","","137720882","7.74374","8.48833","4.2619","55","10362","thing","Age of Innovation","1","5","200","200","40","2023","1,2,3,4,5","4","14+","No necessary in-game text","","","","","","standalone","","Gém Klub Kft.","Hungarian","2023","Hungarian edition"
"Texas Hold It","429963","0","0","0","1","0","0","0","0","0","0","0","1","","","","","","137464804","5.50378","5.86111","1","23896","223","thing","Texas Hold It","2","6","15","15","10","2024","4,5,6","5","","","","","","","","standalone","","","","",""
"Throw Throw Burrito: Kickstarter Edition","288010","0","0","0","1","1","0","0","0","0","0","0","1","","3 db
","","","","137721077","5.64754","6.88762","1","7369","1760","thing","Throw Throw Burrito: Kickstarter Edition","2","6","15","15","15","2019","","","","","","","","","","standalone","","","","",""
"Thunder Road: Vendetta","342070","0","0","0","1","0","0","0","0","0","0","0","1","","","","","","137721107","7.27875","7.91474","1.9618","246","10880","thing","Thunder Road: Vendetta","2","4","75","75","45","2023","3,4","4","8+","Some necessary text - easily memorized or small crib sheet","","","","","","standalone","","","","",""
"Thunder Road: Vendetta – Choppe Shoppe","347976","0","0","0","1","0","0","0","0","0","0","0","1","","","","","","137721113","5.88684","8.41982","2","0","2372","thing","Thunder Road: Vendetta – Choppe Shoppe","2","4","75","75","30","2023","3,4","3,4","8+","","","","","","","expansion","","","","",""
"Tic Tac K.O.: Dragons vs Unicorns","346296","0","0","0","1","0","0","0","0","0","0","0","3","","","","","","137721122","5.589","6.46469","1.0833","9770","1474","thing","Tic Tac K.O.: Dragons vs Unicorns","2","4","60","60","30","2021","2,4","2","8+","Moderate in-game text - needs crib sheet or paste ups","","","","","","standalone","","","","",""
"Ticket to Ride: Europe","14996","0","0","0","1","0","0","0","0","0","0","0","1","","","","","","137721156","7.39732","7.52529","1.9169","173","132768","thing","Ticket to Ride: Europe","2","5","60","60","30","2005","2,3,4,5","4","8+","No necessary in-game text","","","","","","standalone","","","","",""
"Ticket to Ride: Europe – 15th Anniversary","329841","0","0","0","1","0","0","0","0","0","0","0","1","","","","","","137721215","7.22604","8.18711","1.875","0","14162","thing","Ticket to Ride: Europe – 15th Anniversary","2","5","60","60","30","2021","2,3,4,5","4","8+","No necessary in-game text","","","","","","standalone","","","","",""
"Ticket to Ride: First Journey (Europe)","218208","0","0","0","1","0","0","0","0","0","0","0","1","","","","","","137721200","6.19562","7.01658","1.4746","2204","5626","thing","Ticket to Ride: First Journey (Europe)","2","4","30","30","15","2017","2,3,4","4","5+","No necessary in-game text","","","","","","standalone","","","","",""
"Ticket to Ride: Ghost Train","366488","0","0","0","1","0","0","0","0","0","0","0","1","","","","","","137721209","5.67723","6.82585","1.6","6654","1615","thing","Ticket to Ride: Ghost Train","2","4","30","30","15","2022","2,3,4","3","6+","No necessary in-game text","","","","","","standalone","","","","",""
"Tikal","54","0","0","0","1","0","0","0","0","0","0","0","1","","","","","","137721225","7.11063","7.31862","2.7772","372","28814","thing","Tikal","2","4","90","90","90","1999","2,3,4","4","10+","No necessary in-game text","","","","","","standalone","","","","",""
"Tilt","21424","0","0","0","1","1","0","0","0","0","0","0","1","","","","","","137721233","0","5.91111","1.25","0","83","thing","Tilt","2","4","30","30","30","1974","2,3,4","2,3,4","6+","","","","","","","standalone","","","","",""
"Time's Up! Edición Amarilla","38713","0","0","0","1","0","0","0","0","0","0","0","1","","","","","","137721264","6.38554","7.55822","1.0784","1586","4000","thing","Time's Up! Edición Amarilla","4","12","30","30","30","2008","4,5,6,7,8,9,10,11,12","6,8,10","12+","Some necessary text - easily memorized or small crib sheet","","","","","","standalone","","","","",""
"Time's Up!: Harry Potter","347304","0","0","0","1","0","0","0","0","0","0","0","1","","","","","","137721260","5.65275","7.37024","1","7235","800","thing","Time's Up!: Harry Potter","4","12","30","30","30","2021","12","12","","Unplayable in another language","","","","","","standalone","","","","",""
"Tiny Woodys","394940","0","0","0","1","1","0","0","0","0","0","0","1","","","","","","137721275","5.53927","6.96556","1.6","14457","295","thing","Tiny Woodys","2","6","60","60","40","2023","2,3,4,5","3","6+","Some necessary text - easily memorized or small crib sheet","","","","","","standalone","","","","",""
"Tongues Out!","363357","0","0","0","1","0","0","0","0","0","0","0","3","","","","","","137469208","5.5216","5.96579","1","18423","370","thing","Tongues Out!","2","4","20","20","5","2022","2,3,4","2","3+","No necessary in-game text","","","","","","standalone","","","","",""
"Too Many Bones","192135","0","0","0","1","0","0","0","0","0","0","0","1","","","","","","137721292","7.86242","8.30162","3.8592","36","24903","thing","Too Many Bones","1","4","120","120","60","2017","1,2,3,4","2","12+","Extensive use of text - massive conversion needed to be playable","","","","","","standalone","","","","",""
"Toriki: The Castaway Island","417403","0","0","0","1","0","0","0","0","0","0","0","1","","","","","","137721302","5.76123","8.41583","1.6923","5172","654","thing","Toriki: The Castaway Island","1","4","600","600","20","2024","2,3,4","3,4","6+","Extensive use of text - massive conversion needed to be playable","","","","","","standalone","","","","",""
"Torres","88","0","0","0","1","0","0","0","0","0","0","0","1","","","","","","137721326","6.75278","7.08244","2.8449","808","14744","thing","Torres","2","4","60","60","60","1999","2,3,4","4","10+","No necessary in-game text","","","","","","standalone","","","","",""
"Tower Up","393307","0","0","0","1","0","0","0","0","0","0","0","1","","","","","","137721336","6.36261","7.34336","1.8676","1642","2966","thing","Tower Up","2","4","45","45","30","2024","2,3,4","3,4","8+","No necessary in-game text","","","","","","standalone","","","","",""
"Trapwords","257527","0","0","0","1","0","0","0","0","0","0","0","1","","","","","","137720296","6.38778","6.98944","1.4262","1581","7205","thing","Trapwords","4","8","45","45","30","2018","4,5,6,7,8","6","10+","Extensive use of text - massive conversion needed to be playable","","","","","","standalone","","","","",""
"Travel by Trolley","394980","0","0","0","1","0","0","0","0","0","0","0","1","","","","","","137721930","0","7.44737","0","0","152","thing","Travel by Trolley","3","13","60","60","15","2023","","","","","","","","","","expansion","","","","",""
"Treetopia","413034","0","0","0","1","1","0","0","0","0","0","0","1","","","","","","137721351","5.55403","6.64672","1.3333","12475","273","thing","Treetopia","2","4","30","30","20","2024","2,3,4","3","","No necessary in-game text","","","","","","standalone","","","","",""
"Trekking Through History","353288","0","0","0","1","0","0","0","0","0","0","0","1","","","","","","137721587","6.96203","7.53277","1.7551","536","12345","thing","Trekking Through History","1","4","60","60","30","2022","1,2,3,4","3","8+","No necessary in-game text","","","","","","standalone","","","","",""
"Trial by Trolley","282171","0","0","0","1","0","0","0","0","0","0","0","1","","","","","","137721956","5.7806","6.02165","1.025","4918","11077","thing","Trial by Trolley","3","13","90","90","30","2020","3,4,5,6,7,8,9,10","5,7","16+","Unplayable in another language","","","","","","standalone","","","","",""
"Trial by Trolley: R-Rated Modifier Expansion","321875","0","0","0","1","1","0","0","0","0","0","0","1","","","","","","137721361","5.51145","6.31915","0","0","559","thing","Trial by Trolley: R-Rated Modifier Expansion","3","13","90","90","30","2020","","","","","","","","","","expansion","","","","",""
"Trial by Trolley: R-Rated Track Expansion","321874","0","0","0","1","1","0","0","0","0","0","0","1","","","","","","137721371","5.53443","6.74468","1","0","874","thing","Trial by Trolley: R-Rated Track Expansion","3","13","90","90","30","2020","3,4,5,6,7,8,9","5,7","14+","Unplayable in another language","","","","","","expansion","","","","",""
"Triggs","370566","0","0","0","1","1","0","0","0","0","0","0","1","","","","","","137721374","5.56218","6.44299","1","11718","373","thing","Triggs","2","4","20","20","20","2022","2,3,4","3","8+","No necessary in-game text","","","","","","standalone","","","","",""
"A tudattalan mélyén","329500","0","0","0","1","0","0","0","0","0","0","0","1","","","","","","137374579","7.15111","7.91405","4.0108","342","12484","thing","Unconscious Mind","1","4","120","120","60","2024","1,2,3","2,3","14+","No necessary in-game text","","","","","","standalone","","Fantasia Games; Gém Klub Kft.","Hungarian","2024","Hungarian edition"
"Tündértánc","419074","0","0","0","1","0","0","0","0","0","0","0","1","","","","","","137721399","6.02954","7.34359","1.8","2944","1928","thing","Fairy Ring","2","4","40","40","40","2024","2,3,4","3,4","8+","No necessary in-game text","","","","","","standalone","","Gém Klub Kft.","Hungarian","2024","Hungarian edition"
"Turnip","421314","0","0","0","1","1","0","0","0","0","0","0","1","","","","","","137721392","5.50387","6.61094","0","23862","97","thing","Turnip","3","5","30","30","15","2024","","","","","","","","","","standalone","","","","",""
"Turtle Splash!","343833","0","0","0","1","0","0","0","0","0","0","0","1","","","","","","137720870","5.58056","6.9929","1","10283","456","thing","Turtle Splash!","2","4","20","20","15","2021","2,3,4","2,3","4+","No necessary in-game text","","","","","","standalone","","","","",""
"Twilight Imperium: Fourth Edition","233078","0","0","0","1","0","0","0","0","0","0","0","3","","","","","","137721412","8.22268","8.56849","4.345","6","32536","thing","Twilight Imperium: Fourth Edition","3","6","480","480","240","2017","3,4,5,6","6","14+","Extensive use of text - massive conversion needed to be playable","","","","","","standalone","","","","",""
"Underwater Cities","247763","0","0","0","1","0","0","0","0","0","0","0","1","","","","","","137722036","7.77369","8.04296","3.5793","50","29095","thing","Underwater Cities","1","4","150","150","80","2018","1,2,3","2","12+","Moderate in-game text - needs crib sheet or paste ups","","","","","","standalone","","","","",""
"Unfair","179172","0","0","0","1","1","0","0","0","0","0","0","1","","","","","","137721421","6.67149","7.29098","2.7226","940","9884","thing","Unfair","2","5","125","125","50","2017","2,3,4,5","3,4","12+","Moderate in-game text - needs crib sheet or paste ups","","","","","","standalone","","","","",""
"Unlock! Kids: Detective Stories","327056","0","0","0","1","1","0","0","0","0","0","0","1","","","","","","137721484","6.24439","7.6862","1.4667","2013","2956","thing","Unlock! Kids: Detective Stories","1","4","60","60","20","2021","1,2","2","6–12","Some necessary text - easily memorized or small crib sheet","","","","","","standalone","","","","",""
"Unlock!: Short Adventures – In Pursuit of Cabrakan","257707","0","0","0","1","0","0","0","0","0","0","0","1","","","","","","137721492","5.80574","6.90078","2.1429","4613","1765","thing","Unlock!: Short Adventures – In Pursuit of Cabrakan","1","6","30","30","30","2022","1,2,3","2","10+","Extensive use of text - massive conversion needed to be playable","","","","","","standalone","","","","",""
"Unstable Unicorns","234190","0","0","0","1","0","0","0","0","0","0","0","1","","","","","","137721427","5.94426","6.22966","1.4925","3460","32210","thing","Unstable Unicorns","2","8","60","60","30","2017","3,4,5,6","4,5","8+","Moderate in-game text - needs crib sheet or paste ups","","","","","","standalone","","","","",""
"Unstable Unicorns for Kids","358153","0","0","0","1","1","0","0","0","0","0","0","1","","","","","","137721502","5.511","5.87368","1","21678","466","thing","Unstable Unicorns for Kids","2","6","45","45","15","2021","3,4","3","6+","","","","","","","standalone","","","","",""
"Unstable Unicorns:  Nightmares Expansion Pack","349072","0","0","0","1","1","0","0","0","0","0","0","1","","","","","","137721533","5.56639","7.43364","2","0","1157","thing","Unstable Unicorns:  Nightmares Expansion Pack","2","8","60","60","30","2021","","","","","","","","","","expansion","","","","",""
"Unstable Unicorns: Adventures","311080","0","0","0","1","0","0","0","0","0","0","0","1","","","","","","137721431","5.65234","7.3828","1.6667","0","2006","thing","Unstable Unicorns: Adventures","2","8","60","60","30","2021","3,4,5,6,7","4,5","10+","","","","","","","expansion","","","","",""
"Unstable Unicorns: Dragons Expansion Pack","243567","0","0","0","1","1","0","0","0","0","0","0","1","","","","","","137721524","5.82736","7.00673","1.2857","0","5642","thing","Unstable Unicorns: Dragons Expansion Pack","2","8","45","45","30","2018","3,4,5,6","5","6+","Extensive use of text - massive conversion needed to be playable","","","","","","expansion","","","","",""
"Unstable Unicorns: Rainbow Apocalypse Expansion Pack","243566","0","0","0","1","0","0","0","0","0","0","0","1","","","","","","137721467","5.78334","6.92725","1.7143","0","4962","thing","Unstable Unicorns: Rainbow Apocalypse Expansion Pack","2","8","45","45","30","2018","3,4,5","4","8+","Extensive use of text - massive conversion needed to be playable","","","","","","expansion","","","","",""
"Unstable Unicorns: Unicorns of Legend Expansion Pack","263578","0","0","0","1","1","0","0","0","0","0","0","1","","","","","","137721539","5.75125","7.14846","1.5","0","3589","thing","Unstable Unicorns: Unicorns of Legend Expansion Pack","2","8","45","45","30","2018","3,4,5,6","4,5","8+","Extensive use of text - massive conversion needed to be playable","","","","","","expansion","","","","",""
"Untamed: Feral Factions","261525","0","0","0","1","1","0","0","0","0","0","0","1","","","","","","137721549","5.71675","7.32149","2.25","5835","997","thing","Untamed: Feral Factions","2","3","30","30","20","2019","2,3","2","8","Moderate in-game text - needs crib sheet or paste ups","","","","","","standalone","","","","",""
"Up & Down","225693","0","0","0","1","1","0","0","0","0","0","0","3","","","","","","138485552","0","7.22222","0","0","39","thing","Up & Down","2","4","30","30","15","2017","","","","","","","","","","standalone","","","","",""
"Up or Down?","428058","0","0","0","1","1","0","0","0","0","0","0","3","","","","","","138485533","5.79596","6.77036","1.4","4734","1214","thing","Up or Down?","2","6","30","30","30","2024","2,3,4","2","8+","No necessary in-game text","","","","","","standalone","","","","",""
"Az utolsó erőd","285984","0","0","0","1","0","0","0","0","0","0","0","1","","","","","","137460532","6.67031","7.44234","2.597","944","6964","thing","Last Bastion","1","4","45","45","45","2019","1,2,3,4","4","12+","No necessary in-game text","","","","","","standalone","","Gém Klub Kft.; Repos Production","Hungarian","2019","Hungarian edition"
"Vaalbara","361241","0","0","0","1","0","0","0","0","0","0","0","1","","","","","","137721737","6.3785","7.17748","1.7273","1607","4178","thing","Vaalbara","2","5","20","20","20","2022","2,3,4,5","4","10+","Moderate in-game text - needs crib sheet or paste ups","","","","","","standalone","","","","",""
"A vadon urai","390422","0","0","0","1","0","0","0","0","0","0","0","1","","","","","","137374632","5.80121","7.00591","2.3846","4669","3914","thing","Command of Nature","2","4","60","60","30","2024","2","2","10+","Extensive use of text - massive conversion needed to be playable","","","","","","standalone","","Gém Klub Kft.","Hungarian","2024","Hungarian edition"
"Valda","262994","0","0","0","1","1","0","0","0","0","0","0","1","","","","","","137721765","5.67753","7.33263","2.3333","6643","711","thing","Valda","2","5","150","150","60","2019","2,3,4","3,4","10+","No necessary in-game text","","","","","","standalone","","","","",""
"The Vale of Eternity","385529","0","0","0","1","0","0","0","0","0","0","0","1","","","","","","137719580","7.11692","7.60115","2.1429","367","13502","thing","The Vale of Eternity","2","4","45","45","30","2023","2,3,4","3","10+","Moderate in-game text - needs crib sheet or paste ups","","","","","","standalone","","","","",""
"Valkyries","421912","0","0","0","1","1","0","0","0","0","0","0","1","","","","","","137721781","5.59529","7.31591","1.5","9409","288","thing","Valkyries","2","4","20","20","20","2024","2,3,4","4","8+","Moderate in-game text - needs crib sheet or paste ups","","","","","","standalone","","","","",""
"Valor & Villainy: Minions of Mordak","228602","0","0","0","1","0","0","0","0","0","0","0","1","","","","","","137721803","5.92793","7.49576","2.3333","3573","2385","thing","Valor & Villainy: Minions of Mordak","2","6","150","150","90","2020","3,4,5","4","10+","Extensive use of text - massive conversion needed to be playable","","","","","","standalone","","","","",""
"Vampire Nights","418177","0","0","0","1","1","0","0","0","0","0","0","1","","","","","","137721814","5.53266","6.77473","2","15666","200","thing","Vampire Nights","2","4","45","45","30","2024","3,4","3,4","10+","No necessary in-game text","","","","","","standalone","","","","",""
"Vándortáj","385761","0","0","0","1","0","0","0","0","0","0","0","1","","","","","","137465206","7.24698","7.55335","1.9089","265","27091","thing","Faraway","2","6","30","30","15","2024","2,3,4,5","3","10+","No necessary in-game text","","","","","","standalone","","Reflexshop","Hungarian","2024","Hungarian edition"
"Varázslatos állatok","370418","0","0","0","1","0","0","0","0","0","0","0","1","","","","","","137374927","5.57284","6.83763","1.6","10838","297","thing","Animals Gathering","2","5","40","40","20","2024","2,3,4,5","2","6+","No necessary in-game text","","","","","","standalone","","Gém Klub Kft.","Hungarian","2024","Hungarian edition"
"Verso","434683","0","0","0","1","1","0","0","0","0","0","0","1","","","","","","137721875","5.5255","5.81349","1.2","17332","174","thing","Verso","1","6","20","20","20","2025","2,3,4","2","8+","No necessary in-game text","","","","","","standalone","","","","",""
"A világ csodái","365258","0","0","0","1","0","0","0","0","0","0","0","1","","","","","","137374644","7.00356","7.61744","2.2573","481","10798","thing","World Wonders","1","5","70","70","50","2023","1,2,3,4","3","10+","No necessary in-game text","","","","","","standalone","","Gém Klub Kft.; MeepleBR; MUNDUS","Hungarian","2023","Hungarian edition"
"Virágvásár","417518","0","0","0","1","0","0","0","0","0","0","0","1","","","","","","137721966","5.6627","7.28691","1.25","6986","771","thing","Floristry","2","2","20","20","15","2025","2","2","8+","","","","","","","standalone","","Gém Klub Kft.; UP Games","Hungarian","2025","Hungarian edition"
"Viticulture Essential Edition","183394","0","0","0","1","0","0","0","0","0","0","0","1","","","","","","137721975","7.81325","7.96413","2.8957","43","75580","thing","Viticulture Essential Edition","1","6","90","90","45","2015","1,2,3,4,5","3,4","12+","Moderate in-game text - needs crib sheet or paste ups","","","","","","standalone","","","","",""
"Viticulture World: Cooperative Expansion","360226","0","0","0","1","0","0","0","0","0","0","0","3","","","","","","137721998","6.45407","7.67049","3.1739","0","9180","thing","Viticulture World: Cooperative Expansion","1","6","120","120","60","2022","1,2,3,4","2","12+","Moderate in-game text - needs crib sheet or paste ups","","","","","","expansion","","","","",""
"Viticulture: Tuscany Essential Edition","202174","0","0","0","1","0","0","0","0","0","0","0","1","","","","","","137722026","8.00314","8.53872","3.2575","0","31997","thing","Viticulture: Tuscany Essential Edition","1","6","150","150","60","2016","1,2,3,4,5,6","4","12+","Moderate in-game text - needs crib sheet or paste ups","","","","","","expansion","","","","",""
"Volle Kanne!","438195","0","0","0","1","1","0","0","0","0","0","0","1","","","","","","137465422","5.52537","6.59672","1.5","17367","153","thing","Volle Kanne!","1","4","20","20","20","2025","","","","","","","","","","standalone","","","","",""
"The Voyages of Marco Polo","171623","0","0","0","1","0","0","0","0","0","0","0","1","","","","","","137717797","7.54922","7.76793","3.1784","114","27686","thing","The Voyages of Marco Polo","2","4","100","100","40","2015","2,3,4","4","12+","No necessary in-game text","","","","","","standalone","","","","",""
"Wandering Towers","355483","0","0","0","1","0","0","0","0","0","0","0","1","","","","","","137721827","6.7916","7.34425","1.5862","751","10710","thing","Wandering Towers","2","6","30","30","30","2022","3,4,5,6","4,5","6+","No necessary in-game text","","","","","","standalone","","","","",""
"War of the Ring: The Card Game","362944","0","0","0","1","0","0","0","0","0","0","0","3","","","","","","137466235","6.84493","7.61855","2.98","686","10497","thing","War of the Ring: The Card Game","2","4","120","120","90","2022","2,4","4","12+","Extensive use of text - massive conversion needed to be playable","","","","","","standalone","","","","",""
"Wavelength","262543","0","0","0","1","0","0","0","0","0","0","0","1","","","","","","137466693","6.97981","7.21437","1.1199","509","30204","thing","Wavelength","2","12","45","45","30","2019","4,5,6,7,8,9,10,11,12","6,8","10+","Moderate in-game text - needs crib sheet or paste ups","","","","","","standalone","","","","",""
"We're Sinking!","340910","0","0","0","1","1","0","0","0","0","0","0","1","","","","","","137722075","5.60353","7.17257","2.25","9000","473","thing","We're Sinking!","3","6","90","90","45","2024","4,5,6","5,6","10+","","","","","","","standalone","","","","",""
"Welcome to Everdell","375852","0","0","0","1","0","0","0","0","0","0","0","3","","","","","","137465044","6.35455","7.52006","1.8769","1666","5463","thing","Welcome to Everdell","1","4","30","30","30","2022","1,2,3,4","3","8+","Moderate in-game text - needs crib sheet or paste ups","","","","","","standalone","","","","",""
"Welcome To...","233867","0","0","0","1","1","0","0","0","0","0","0","1","","","","","","137467820","7.35524","7.51234","1.8416","204","53349","thing","Welcome To...","1","100","25","25","25","2018","1,2,3,4,5,6,7,8,9,10,11","3,4","10+","No necessary in-game text","","","","","","standalone","","","","",""
"Western Legends","232405","0","0","0","1","0","0","0","0","0","0","0","1","","","","","","137721755","7.22145","7.60462","2.8527","281","19628","thing","Western Legends","2","6","90","90","60","2018","3,4,5","4","12+","Moderate in-game text - needs crib sheet or paste ups","","","","","","standalone","","","","",""
"The White Castle Duel","438936","0","0","0","1","0","0","0","0","0","0","0","3","","","","","","138640616","5.75145","7.88293","2.8571","5300","1442","thing","The White Castle Duel","2","2","40","40","20","2025","2","2","10+","No necessary in-game text","","","","","","standalone","","","","",""
"Who the F*ck?","403128","0","0","0","1","0","0","0","0","0","0","0","3","","","","","","137722161","5.56337","6.82654","1.2","11601","290","thing","Who the F*ck?","3","8","20","20","20","2024","3,4,5,6","5","8+","Moderate in-game text - needs crib sheet or paste ups","","","","","","standalone","","","","",""
"Wilmot's Warehouse","424975","0","0","0","1","0","0","0","0","0","0","0","1","","","","","","137722188","6.18148","7.54585","1.1905","2257","2227","thing","Wilmot's Warehouse","2","6","30","30","30","2024","2,3,4,5,6","4","6+","Moderate in-game text - needs crib sheet or paste ups","","","","","","standalone","","","","",""
"Wingspan","266192","0","0","0","1","0","0","0","0","0","0","0","1","","","","","","137465287","7.85539","8.00718","2.475","38","171318","thing","Wingspan","1","5","70","70","40","2019","1,2,3,4","3","10+","Extensive use of text - massive conversion needed to be playable","","","","","","standalone","","","","",""
"Wingspan Asia","366161","0","0","0","1","0","0","0","0","0","0","0","1","","","","","","137465290","7.60975","8.22495","2.6587","94","31699","thing","Wingspan Asia","1","2","70","70","40","2022","1,2","2","10+","Extensive use of text - massive conversion needed to be playable","","","","","","standalone","","","","",""
"The Witcher: Old World","331106","0","0","0","1","0","0","0","0","0","0","0","1","","","","","","137721058","7.1595","7.90178","2.8843","334","16425","thing","The Witcher: Old World","1","5","150","150","90","2023","1,2,3","2,3","12+","Extensive use of text - massive conversion needed to be playable","","","","","","standalone","","","","",""
"Wonderland's War","227935","0","0","0","1","0","0","0","0","0","0","0","1","","","","","","137464381","7.49023","8.04512","3.0464","137","15686","thing","Wonderland's War","2","5","125","125","45","2022","3,4,5","4","12+","Moderate in-game text - needs crib sheet or paste ups","","","","","","standalone","","","","",""
"Wondrous Creatures","400366","0","0","0","1","0","0","0","0","0","0","0","1","","","","","","137464376","7.08255","8.0663","3.019","405","8203","thing","Wondrous Creatures","1","4","80","80","40","2024","1,2,3,4","2,3","12+","Moderate in-game text - needs crib sheet or paste ups","","","","","","standalone","","","","",""
"World of Warcraft: Wrath of the Lich King","342848","0","0","0","1","0","0","0","0","0","0","0","1","","","","","","137722204","6.56002","7.37912","2.2874","1156","9719","thing","World of Warcraft: Wrath of the Lich King","1","5","60","60","45","2021","1,2,3,4,5","3","8+","Some necessary text - easily memorized or small crib sheet","","","","","","standalone","","","","",""
"Wuzzled!","401018","0","0","0","1","1","0","0","0","0","0","0","1","","","","","","137722212","0","6.04","0","0","16","thing","Wuzzled!","2","4","20","20","10","2023","","","","","","","","","","standalone","","","","",""
"Wyrmspan","410201","0","0","0","1","0","0","0","0","0","0","0","1","","","","","","137472700","7.50748","7.96872","2.8083","128","28595","thing","Wyrmspan","1","5","90","90","90","2024","1,2,3,4","3","12+","Moderate in-game text - needs crib sheet or paste ups","","","","","","standalone","","","","",""
"Az X bolygó nyomában","279537","0","0","0","1","0","0","0","0","0","0","0","1","","","","","","137460534","7.5556","7.90812","2.4332","110","25833","thing","The Search for Planet X","1","4","75","75","60","2022","1,2,3,4","2,3","12+","Extensive use of text - massive conversion needed to be playable","","","","","","standalone","","Gém Klub Kft.","Hungarian","2022","Hungarian edition"
"Yeti Snack!","423231","0","0","0","1","1","0","0","0","0","0","0","1","","","","","","137722275","0","6.58571","0","0","41","thing","Yeti Snack!","2","4","30","30","15","2024","","","","","","","","","","standalone","","","","",""
"Yogi","224271","0","0","0","1","0","0","0","0","0","0","0","1","","","","","","137467482","5.68845","6.34033","1.2222","6395","2083","thing","Yogi","3","12","20","20","15","2017","3,4,5,6,7,8,9,10","5,6,7,8","5+","Moderate in-game text - needs crib sheet or paste ups","","","","","","standalone","","","","",""
"Yogi Guru","257841","0","0","0","1","0","0","0","0","0","0","0","1","","","","","","137467484","5.54092","6.31316","1","14184","437","thing","Yogi Guru","3","10","20","20","10","2019","2,3,4,5,6,7,8,9,10","4,5,6,7,8","10+","Moderate in-game text - needs crib sheet or paste ups","","","","","","standalone","","","","",""
"Yokai Pagoda","394127","0","0","0","1","0","0","0","0","0","0","0","1","","","","","","137722287","5.96724","7.64533","1.2222","3297","1591","thing","Yokai Pagoda","2","5","15","15","10","2023","2,3,4,5","2,3","8+","No necessary in-game text","","","","","","standalone","","","","",""
"Yokohama","196340","0","0","0","1","0","0","0","0","0","0","0","1","","","","","","137722290","7.44362","7.79632","3.2794","152","18585","thing","Yokohama","2","4","90","90","90","2016","2,3,4","3","12+","Some necessary text - easily memorized or small crib sheet","","","","","","standalone","","","","",""
"Zombie Kittens","362202","0","0","0","1","0","0","0","0","0","0","0","1","","","","","","137722300","5.78472","6.54911","1.2222","4870","5970","thing","Zombie Kittens","2","5","15","15","15","2022","3,4,5","4,5","10+","Some necessary text - easily memorized or small crib sheet","","","","","","standalone","","","","",""
"Zoomino","411936","0","0","0","1","0","0","0","0","0","0","0","1","","","","","","137722309","0","6.38","0","0","43","thing","Zoomino","2","4","10","10","10","2024","","","","","","","","","","standalone","","","","",""
"Zoople","358375","0","0","0","1","1","0","0","0","0","0","0","1","","","","","","137722319","5.52583","6.38108","1.3333","17240","103","thing","Zoople","2","4","30","30","10","2022","2,3,4","3,4","","","","","","","","standalone","","","","",""
"Zsémbes öregek","423169","0","0","0","1","0","0","0","0","0","0","0","1","","","","","","137722362","0","3.89091","1","0","52","thing","Grumpy Old Men","3","8","30","30","20","2025","6,7,8","5,6","6+","","","","","","","standalone","","Gém Klub Kft.","Hungarian","2025","Hungarian edition"
"Zungenbrecher: Raus mit der Sprache!","440294","0","0","0","1","1","0","0","0","0","0","0","3","","","","","","138485519","0","7","0","0","6","thing","Zungenbrecher: Raus mit der Sprache!","3","8","30","30","30","2023","","","","","","","","","","standalone","","","","",""
