objectname,objectid,rating,numplays,weight,own,fortrade,want,wanttobuy,wanttoplay,prevowned,preordered,wishlist,wishlistpriority,wishlistcomment,comment,conditiontext,haspartslist,wantpartslist,collid,baverage,average,avgweight,rank,numowned,objecttype,originalname,minplayers,maxplayers,playingtime,maxplaytime,minplaytime,yearpublished,bggrecplayers,bggbestplayers,bggrecagerange,bgglanguagedependence,publisherid,imageid,year,language,other,itemtype,barcode,version_publishers,version_languages,version_yearpublished,version_nickname
"3 Wishes","198836","0","0","0","1","0","0","0","0","0","0","0","3","","","","","","95907405","5.4551","5.39719","1.1538","28962","2375","thing","3 Wishes","3","5","5","5","3","2016","3,4,5","3","8+","Some necessary text - easily memorized or small crib sheet","","","","","","standalone","","","","",""
"3000 Scoundrels","367525","0","0","0","1","0","0","0","0","0","0","0","3","","","","","","104204021","5.74316","6.33447","2.25","5406","2145","thing","3000 Scoundrels","2","4","90","90","60","2022","2,3,4","3","12+","Moderate in-game text - needs crib sheet or paste ups","","","","","","standalone","","","","",""
"4Mation","329175","0","0","0","1","0","0","0","0","0","0","0","3","","","","","","85439452","5.5367","6.55435","1","14892","209","thing","4Mation","2","2","10","10","10","2021","2","2","8+","","","","","","","standalone","","","","",""
"7 csoda","68448","0","0","0","1","0","0","0","0","0","0","0","3","","","","","","70536169","7.55396","7.66622","2.3149","111","152287","thing","7 Wonders","2","7","30","30","30","2010","3,4,5,6,7","4,5","10+","No necessary in-game text","","","","","","standalone","","","","",""
"7 Csoda Párbaj","173346","0","0","0","1","0","0","0","0","0","0","0","3","","","","","","70536171","7.9576","8.08188","2.2273","21","177590","thing","7 Wonders Duel","2","2","30","30","30","2015","2","2","10+","No necessary in-game text","","","","","","standalone","","","","",""
"7 Csoda Párbaj: Panteon","202976","0","0","0","1","0","0","0","0","0","0","0","3","","","","","","85439486","7.62981","7.99966","2.3207","0","49730","thing","7 Wonders Duel: Pantheon","2","2","30","30","30","2016","2","2","10+","No necessary in-game text","","","","","","expansion","","","","",""
"7 csoda: Armada","247315","0","0","0","1","0","0","0","0","0","0","0","3","","","","","","85439468","6.81368","7.9684","2.7541","0","10506","thing","7 Wonders: Armada","3","7","40","40","40","2018","3,4,5,6,7","5","10+","No necessary in-game text","","","","","","expansion","","","","",""
"7 Csoda:Vezetők","92539","0","0","0","1","0","0","0","0","0","0","0","3","","","","","","85439475","7.46899","7.81585","2.2751","0","36976","thing","7 Wonders: Leaders","2","7","40","40","40","2011","3,4,5,6,7","4,5","10+","No necessary in-game text","","","","","","expansion","","","","",""
"7 Wonders Duel: Agora","309116","0","0","0","1","0","0","0","0","0","0","0","3","","","","","","95907416","7.25737","8.06996","2.8898","0","22686","thing","7 Wonders Duel: Agora","2","2","30","30","30","2020","2","2","12+","No necessary in-game text","","","","","","expansion","","","","",""
"80 nap alatt a Föld körül","204599","0","0","0","0","0","0","0","0","0","0","0","3","","","","","","85439503","5.68905","6.39528","1.625","6385","1325","thing","Around the World in 80 Days","2","6","60","60","45","2016","2,3,4,5,6","4","10+","Moderate in-game text - needs crib sheet or paste ups","","","","","","standalone","","","","",""
"A kis herceg-Az én kis bolygóm","134453","0","0","0","1","0","0","0","0","0","0","0","3","","","","","","70531828","6.3627","6.88809","1.5792","1643","5110","thing","The Little Prince: Make Me a Planet","2","5","25","25","25","2013","2,3,4,5","2,4","8+","No necessary in-game text","","","","","","standalone","","","","",""
"A Mars terraformálása","167791","0","0","0","1","0","0","0","0","0","0","0","3","","","","","","70532847","8.19287","8.34237","3.2659","8","153864","thing","Terraforming Mars","1","5","120","120","120","2016","1,2,3,4","3","12+","Extensive use of text - massive conversion needed to be playable","","","","","","standalone","","","","",""
"A nyugati királyság építőmesterei","236457","0","0","0","1","0","0","0","0","0","0","0","3","","","","","","70532855","7.51773","7.71232","2.7577","124","43607","thing","Architects of the West Kingdom","1","5","80","80","60","2018","1,2,3,4,5","4","10+","Some necessary text - easily memorized or small crib sheet","","","","","","standalone","","","","",""
"A Nyugati királyság építőmesterei: A kézművesek kora","285235","0","0","0","1","0","0","0","0","0","0","0","3","","","","","","85439513","6.85588","8.05667","2.8592","0","12092","thing","Architects of the West Kingdom: Age of Artisans","1","6","80","80","60","2020","1,2,3,4,5,6","4","10+","No necessary in-game text","","","","","","expansion","","","","",""
"A nyugati királyság krónikái","296152","0","0","0","1","0","0","0","0","0","0","0","3","","","","","","85439537","6.02634","7.60352","3.3","0","7644","thing","The West Kingdom Tomesaga","2","6","240","240","60","2020","2,3","3","","","","","","","","expansion","","","","",""
"A Nyugati Királyság Lovagjai","266810","0","0","0","1","0","0","0","0","0","0","0","3","","","","","","85439516","7.66328","7.9593","3.7143","77","32060","thing","Paladins of the West Kingdom","1","4","120","120","90","2019","1,2,3","2","14+","Some necessary text - easily memorized or small crib sheet","","","","","","standalone","","","","",""
"A nyugati királyság várgrófjai","296151","0","0","0","1","0","0","0","0","0","0","0","3","","","","","","85439529","7.373","7.8051","3.4549","192","21667","thing","Viscounts of the West Kingdom","1","4","90","90","60","2020","1,2,3,4","3","12+","No necessary in-game text","","","","","","standalone","","","","",""
"A rettegés éjszakája: Vérfarkas","147949","0","0","0","1","0","0","0","0","0","0","0","3","","","","","","85441756","6.85855","7.03436","1.3803","666","57301","thing","One Night Ultimate Werewolf","3","10","10","10","10","2014","4,5,6,7,8,9,10","6,7,8","10+","No necessary in-game text","","","","","","standalone","","","","",""
"A Tiltott Fellegek","245271","0","0","0","1","0","0","0","0","0","0","0","3","","","","","","70535999","6.01523","6.36913","2.5484","3014","11905","thing","Forbidden Sky","2","5","60","60","60","2018","1,2,3,4,5","3,4","8+","Some necessary text - easily memorized or small crib sheet","","","","","","standalone","","","","",""
"A Tiltott Sivatag","136063","0","0","0","1","0","0","0","0","0","0","0","3","","","","","","70535996","6.91652","7.06394","2.0398","595","57703","thing","Forbidden Desert","2","5","45","45","45","2013","1,2,3,4,5","4","8+","Some necessary text - easily memorized or small crib sheet","","","","","","standalone","","","","",""
"A Tiltott Sziget","65244","0","0","0","1","0","0","0","0","0","0","0","3","","","","","","70535991","6.64322","6.75197","1.7391","1002","98713","thing","Forbidden Island","2","4","30","30","30","2010","1,2,3,4","4","8+","Some necessary text - easily memorized or small crib sheet","","","","","","standalone","","","","",""
"A titkos ajtó","6558","0","0","0","1","0","0","0","0","0","0","0","3","","","","","","85439661","5.56325","6.08529","1.0606","11617","693","thing","The Secret Door","1","8","20","20","20","1991","1,2,3,4,5","3","4–8","No necessary in-game text","","","","","","standalone","","","","",""
"A Világ Története","235591","0","0","0","1","0","0","0","0","0","0","0","3","","","","","","73945923","6.00566","7.31264","2.5938","3077","1910","thing","History of the World","3","6","180","180","120","2018","3,4,5,6","5","12+","Moderate in-game text - needs crib sheet or paste ups","","","","","","standalone","","","","",""
"A Watergate-ügy","274364","0","0","0","1","0","0","0","0","0","0","0","3","","","","","","85439549","7.39183","7.73105","2.2749","179","24113","thing","Watergate","2","2","60","60","30","2019","2","2","12+","Extensive use of text - massive conversion needed to be playable","","","","","","standalone","","","","",""
"Abszolút megvadult betűk","328484","0","0","0","1","0","0","0","0","0","0","0","3","","","","","","85439557","5.52087","7.41429","2.5","18630","60","thing","Abszolút megvadult betűk","1","6","60","60","45","2020","1,2,3,4,5","3,4","8","Unplayable in another language","","","","","","standalone","","","","",""
"Activity Crime","288422","0","0","0","1","0","0","0","0","0","0","0","3","","","","","","95907468","0","6.83333","0","0","71","thing","Activity Crime","3","8","60","0","60","2019","","","","","","","","","","standalone","","","","",""
"Agent Undercover","166384","0","0","0","1","0","0","0","0","0","0","0","3","","","","","","70536017","6.60671","6.74568","1.23","1060","30580","thing","Spyfall","3","8","15","15","15","2014","4,5,6,7,8","6","12+","Some necessary text - easily memorized or small crib sheet","","","","","","standalone","","","","",""
"Agricola","31260","0","0","0","1","0","0","0","0","0","0","0","3","","","","","","70532860","7.72963","7.86079","3.6352","62","89072","thing","Agricola","1","5","150","150","30","2007","1,2,3,4,5","3,4","12+","Extensive use of text - massive conversion needed to be playable","","","","","","standalone","","","","",""
"Álarcosbál","139030","0","0","0","1","0","0","0","0","0","0","0","3","","","","","","70532871","6.33322","6.55308","1.5301","1729","17746","thing","Mascarade","2","13","30","30","30","2013","4,5,6,7,8,9,10,11","6,7,8","10+","No necessary in-game text","","","","","","standalone","","","","",""
"Alhambra","6249","0","0","0","1","0","0","0","0","0","0","0","3","","","","","","70532875","6.90758","7.0346","2.0986","603","44901","thing","Alhambra","2","6","60","60","45","2003","2,3,4,5","3","8+","No necessary in-game text","","","","","","standalone","","","","",""
"Állati Árverés","408938","0","0","0","1","0","0","0","0","0","0","0","3","","","","","","132149436","0","8","0","0","4","thing","Állati Árverés","2","8","60","60","45","2020","","","","","","","","","","standalone","","(Self-Published)","Hungarian","2020","Hungarian edition"
"Allegra","316407","0","0","0","1","0","0","0","0","0","0","0","3","","","","","","132149449","5.57302","6.35116","1.5","10833","766","thing","Allegra","2","6","40","40","30","2020","3,4,5,6","4","10+","","","","","","","standalone","","","","",""
"Álmodj hát!","232980","0","0","0","1","0","0","0","0","0","0","0","3","","","","","","70532927","5.69475","6.75549","1","6262","1046","thing","Dream On!","2","8","20","20","15","2017","2,3,4,5,6","4,5,6","6","No necessary in-game text","","","","","","standalone","","","","",""
"Álmodj Velem!","198454","0","0","0","1","0","0","0","0","0","0","0","3","","","","","","70532901","6.50366","6.93064","1.1889","1285","11047","thing","When I Dream","4","10","40","40","20","2016","4,5,6,7,8,9,10","6","8+","Unplayable in another language","","","","","","standalone","","","","",""
"Álomház","194880","0","0","0","1","0","0","0","0","0","0","0","3","","","","","","70532896","6.50792","6.85985","1.6548","1273","11976","thing","Dream Home","2","4","30","30","30","2016","2,3,4","3,4","6+","Some necessary text - easily memorized or small crib sheet","","","","","","standalone","","","","",""
"Anachrony","185343","0","0","0","1","0","0","0","0","0","0","0","3","","","","","","95907489","7.73654","8.04657","4","59","26378","thing","Anachrony","1","4","120","120","30","2017","1,2,3,4","3","14+","No necessary in-game text","","","","","","standalone","","","","",""
"Anachrony: Exosuit Commander Pack","218791","0","0","0","1","0","0","0","0","0","0","0","3","","","","","","95907508","6.84592","8.53378","3.6667","0","8354","thing","Anachrony: Exosuit Commander Pack","1","4","120","120","60","2017","2,3,4","3","12+","No necessary in-game text","","","","","","expansion","","","","",""
"Ankh'or: A Nílus-völgy kalmárjai","271530","0","0","0","1","0","0","0","0","0","0","0","3","","","","","","70532893","6.00718","6.886","1.7568","3065","3382","thing","Ankh'or","2","4","30","30","30","2019","2,3,4","2","8+","No necessary in-game text","","","","","","standalone","","","","",""
"Aranyásók","9220","0","0","0","1","0","0","0","0","0","0","0","3","","","","","","70532882","6.41398","6.54066","1.3182","1516","64514","thing","Saboteur","3","10","30","30","30","2004","5,6,7,8,9,10","7,8","8+","No necessary in-game text","","","","","","standalone","","","","",""
"Aranyásók: Az Elfeledett Bányák","245214","0","0","0","1","0","0","0","0","0","0","0","3","","","","","","70532887","5.68666","6.32185","2.05","6444","2830","thing","Saboteur: The Lost Mines","3","9","45","45","45","2018","4,5,6,7,8,9","6","8+","No necessary in-game text","","","","","","standalone","","","","",""
"Arborétum","140934","0","0","0","1","0","0","0","0","0","0","0","3","","","","","","70533001","7.06863","7.25317","2.1123","421","41862","thing","Arboretum","2","4","30","30","30","2015","2,3,4","2","10+","No necessary in-game text","","","","","","standalone","","","","",""
"Ark Nova","342942","0","0","0","1","0","0","0","0","0","0","0","3","","","","","","95907531","8.35125","8.53953","3.7899","3","82525","thing","Ark Nova","1","4","150","150","90","2021","1,2,3","2","12+","Extensive use of text - massive conversion needed to be playable","","","","","","standalone","","","","",""
"Arnak elveszett romjai","312484","0","0","0","1","0","0","0","0","0","0","0","3","","","","","","85439616","7.90635","8.07513","2.9333","30","81224","thing","Lost Ruins of Arnak","1","4","120","120","30","2020","1,2,3,4","3","10+","Moderate in-game text - needs crib sheet or paste ups","","","","","","standalone","","","","",""
"Art Gallery","369395","0","0","0","1","0","0","0","0","0","0","0","3","","","","","","132149541","5.61585","6.91767","2.0476","8450","522","thing","Art Gallery","2","6","75","75","45","2023","2,3,4,5,6","4","10+","No necessary in-game text","","","","","","standalone","","","","",""
"Át a sivatagon","503","0","0","0","1","0","0","0","0","0","0","0","3","","","","","","70532995","6.95293","7.17037","2.1645","547","19823","thing","Through the Desert","2","5","45","45","45","1998","2,3,4,5","3","8+","No necessary in-game text","","","","","","standalone","","","","",""
"Atlantica","245629","0","0","0","1","0","0","0","0","0","0","0","3","","","","","","70532987","5.58783","6.81028","1.8182","9852","419","thing","Atlantica","2","5","35","0","35","2018","2,3,4,5","4","8+","No necessary in-game text","","","","","","standalone","","","","",""
"Avalon","128882","0","0","0","1","0","0","0","0","0","0","0","3","","","","","","70532981","7.30733","7.49654","1.7364","228","52946","thing","The Resistance: Avalon","5","10","30","30","30","2012","5,6,7,8,9,10","7,8","12+","Some necessary text - easily memorized or small crib sheet","","","","","","standalone","","","","",""
"Ave, Cézár!","338957","0","0","0","1","0","0","0","0","0","0","0","3","","","","","","132149555","6.75958","7.52269","1.9492","797","7044","thing","Caesar!: Seize Rome in 20 Minutes!","1","2","20","20","20","2024","1,2","2","10+","No necessary in-game text","","","","","","standalone","","Reflexshop","Hungarian","2024","Hungarian edition"
"Axio","219475","0","0","0","1","0","0","0","0","0","0","0","3","","","","","","85439699","5.74242","6.75412","1.6111","5419","972","thing","Axio","1","4","45","45","30","2017","2,3,4","2","8+","No necessary in-game text","","","","","","standalone","","","","",""
"Az elvarázsolt labirintus","41916","0","0","0","1","0","0","0","0","0","0","0","3","","","","","","70532967","6.43103","6.81453","1.2091","1469","12744","thing","The Magic Labyrinth","2","4","30","30","20","2009","2,3,4","3,4","4+","No necessary in-game text","","","","","","standalone","","","","",""
"Azul","230802","0","0","0","1","0","0","0","0","0","0","0","3","","","","","","70532962","7.61162","7.72138","1.7741","92","173438","thing","Azul","2","4","45","45","30","2017","2,3,4","2","8+","No necessary in-game text","","","","","","standalone","","","","",""
"Azul: A királyi pavilon","287954","0","0","0","1","0","0","0","0","0","0","0","3","","","","","","73945893","7.3044","7.57591","2.0728","230","31633","thing","Azul: Summer Pavilion","2","4","45","45","30","2019","2,3,4","2,3","8+","No necessary in-game text","","","","","","standalone","","","","",""
"Azul: Master Chocolatier","363247","0","0","0","1","0","0","0","0","0","0","0","3","","","","","","104204107","6.79512","7.86975","1.7662","746","7563","thing","Azul: Master Chocolatier","2","4","45","45","30","2022","2,3,4","2,3","8+","No necessary in-game text","","","","","","standalone","","","","",""
"Azul: Queen's Garden","346965","0","0","0","1","0","0","0","0","0","0","0","3","","","","","","95907618","6.85398","7.44229","2.9224","674","13086","thing","Azul: Queen's Garden","2","4","60","60","45","2021","2,3,4","2","12+","No necessary in-game text","","","","","","standalone","","","","",""
"Azul: Sintra üvegcsodái","256226","0","0","0","1","0","0","0","0","0","0","0","3","","","","","","70533744","6.99767","7.28751","2.01","489","24482","thing","Azul: Stained Glass of Sintra","2","4","45","45","30","2018","2,3,4","3","8+","No necessary in-game text","","","","","","standalone","","","","",""
"Azután","281946","0","0","0","1","0","0","0","0","0","0","0","3","","","","","","85439912","6.36762","7.46616","2.8642","1632","6777","thing","Aftermath","1","4","120","120","60","2019","1,2,3,4","2","10+","Extensive use of text - massive conversion needed to be playable","","","","","","standalone","","","","",""
"Bagh Chal","315","0","0","0","1","0","0","0","0","0","0","0","3","","","","","","132149749","5.62283","6.19994","2.28","8172","1331","thing","Bagh Chal","2","2","20","20","20","1000","2","2","6+","No necessary in-game text","","","","","","standalone","","","","",""
"Banán Buli Balhé","402747","0","0","0","1","0","0","0","0","0","0","0","3","","","","","","132311570","5.54144","6.4521","1","14114","317","thing","Mamie Moule Maki","2","8","30","30","15","2025","4,5,6,8","5,6,8","12","","","","","","","standalone","","Gém Klub Kft.","Hungarian","2025","Hungarian edition"
"Bananagrams","27225","0","0","0","1","0","0","0","0","0","0","0","3","","","","","","104204122","6.21765","6.41557","1.2887","2121","29083","thing","Bananagrams","1","8","15","15","15","2006","2,3,4,5,6","3,4,5","8+","No necessary in-game text","","","","","","standalone","","","","",""
"Bandida","299571","0","0","0","1","0","0","0","0","0","0","0","3","","","","","","104204126","5.88184","6.47766","1.4737","3913","4872","thing","Bandida","1","4","15","15","15","2020","1,2,3,4","2,3","8+","No necessary in-game text","","","","","","standalone","","","","",""
"Bandido","191925","0","0","0","1","0","0","0","0","0","0","0","3","","","","","","104204131","6.12364","6.40219","1.1217","2503","13349","thing","Bandido","1","4","15","15","10","2016","1,2,3,4","2","6+","No necessary in-game text","","","","","","standalone","","","","",""
"BANG!","3955","0","0","0","1","0","0","0","0","0","0","0","3","","","","","","70533747","6.32034","6.48688","1.6332","1770","45291","thing","BANG!","4","7","40","40","20","2002","5,6,7","7","10+","Some necessary text - easily memorized or small crib sheet","","","","","","standalone","","","","",""
"BANG! A kockajáték","143741","0","0","0","1","0","0","0","0","0","0","0","3","","","","","","70533753","6.72515","6.88137","1.2799","851","42121","thing","BANG! The Dice Game","3","8","15","15","15","2013","5,6,7,8","6,7","8+","Some necessary text - easily memorized or small crib sheet","","","","","","standalone","","","","",""
"BANG! A párbaj","182094","0","0","0","1","0","0","0","0","0","0","0","3","","","","","","70533762","5.78562","6.39553","1.913","4863","3861","thing","BANG! The Duel","2","2","30","30","30","2015","2","2","10+","Extensive use of text - massive conversion needed to be playable","","","","","","standalone","","","","",""
"BANG! Dodge City","9653","0","0","0","1","0","0","0","0","0","0","0","3","","","","","","70533749","6.3643","6.8671","1.6476","0","9419","thing","BANG! Dodge City","3","8","40","40","20","2004","5,6,7,8","7,8","10+","Some necessary text - easily memorized or small crib sheet","","","","","","expansion","","","","",""
"Barakka","262291","0","0","0","1","0","0","0","0","0","0","0","3","","","","","","85439957","5.52155","6.50308","1.3333","18439","138","thing","Barakka","1","2","20","20","15","2021","1,2","2","8+","No necessary in-game text","","","","","","standalone","","","","",""
"Barrage","251247","0","0","0","1","0","0","0","0","0","0","0","3","","","","","","95907827","7.84023","8.14098","4.1151","39","25272","thing","Barrage","1","4","180","180","90","2019","2,3,4","4","14+","No necessary in-game text","","","","","","standalone","","","","",""
"Bastille","259038","0","0","0","1","0","0","0","0","0","0","0","3","","","","","","70533768","5.75593","7.0935","2.5","5236","900","thing","Bastille","3","4","60","60","60","2018","3,4","4","10+","No necessary in-game text","","","","","","standalone","","","","",""
"Beez: Mééz","299592","0","0","0","1","0","0","0","0","0","0","0","3","","","","","","85439968","6.0358","6.69881","1.7895","2916","4741","thing","Beez","2","4","45","45","30","2020","2,3,4","3","8+","Some necessary text - easily memorized or small crib sheet","","","","","","standalone","","","","",""
"Betyárvilág","433344","0","0","0","1","0","0","0","0","0","0","0","3","","","","","","132149819","0","6.28421","2","0","41","thing","Betyárvilág","3","8","60","60","30","2024","3,4,5,6,7,8","4,5","10+","","","","","","","standalone","","","","",""
"Birodalmi Telepesek","154203","0","0","0","1","0","0","0","0","0","0","0","3","","","","","","132149845","7.10522","7.29548","2.7721","384","34076","thing","Imperial Settlers","1","4","90","90","45","2015","1,2,3,4","2","10+","Moderate in-game text - needs crib sheet or paste ups","","","","","","standalone","","Gém Klub Kft.","Hungarian","2015","Hungarian edition"
"Biss 20","318195","0","0","0","1","0","0","0","0","0","0","0","3","","","","","","104204390","5.80182","6.89671","1.1875","4667","1541","thing","Biss 20","2","8","20","20","20","2020","2,3,4,5,6","4,5","6+","No necessary in-game text","","","","","","standalone","","","","",""
"Bitoku","323612","0","0","0","1","0","0","0","0","0","0","0","3","","","","","","104204141","7.19893","7.79308","3.7655","300","14625","thing","Bitoku","1","4","120","120","120","2021","1,2,3,4","3","12+","No necessary in-game text","","","","","","standalone","","","","",""
"Blood Rage","170216","0","0","0","1","0","0","0","0","0","0","0","3","","","","","","70533772","7.73103","7.90534","2.8822","60","60748","thing","Blood Rage","2","4","90","90","60","2015","3,4","4","12+","Moderate in-game text - needs crib sheet or paste ups","","","","","","standalone","","","","",""
"Bloom Town","284291","0","0","0","1","0","0","0","0","0","0","0","3","","","","","","85440017","5.69296","6.39416","1.7692","6293","1104","thing","Bloom Town","2","4","40","40","30","2019","1,2,3,4","2","8+","No necessary in-game text","","","","","","standalone","","","","",""
"Blue Banana","288424","0","0","0","1","0","0","0","0","0","0","0","3","","","","","","70533779","5.59805","6.69096","1.5","9275","475","thing","Blue Banana","2","5","20","0","20","2019","2,3,4,5","3,4","","No necessary in-game text","","","","","","standalone","","","","",""
"Bohnanza","11","0","0","0","1","0","0","0","0","0","0","0","3","","","","","","95907623","6.95904","7.07685","1.6681","541","80439","thing","Bohnanza","2","7","45","45","45","1997","3,4,5,6,7","4,5","8+","No necessary in-game text","","","","","","standalone","","","","",""
"Bohnkick","21631","0","0","0","1","0","0","0","0","0","0","0","3","","","","","","95907669","5.48977","5.29172","1.5625","26878","666","thing","Bohnkick","2","4","45","45","45","2006","2,4","2","6+","No necessary in-game text","","","","","","standalone","","","","",""
"Bonszai","366994","0","0","0","1","0","0","0","0","0","0","0","3","","","","","","132149893","6.47611","7.17838","1.8022","1352","5973","thing","Bonsai","1","4","40","40","40","2023","1,2,3,4","3","8+","No necessary in-game text","","","","","","standalone","","Gém Klub Kft.","Hungarian","2023","Hungarian editon"
"Braintopia Beyond","251481","0","0","0","1","0","0","0","0","0","0","0","3","","","","","","70535058","5.64071","6.38064","1.2","7570","1399","thing","Braintopia Beyond","2","6","15","15","15","2018","2,3,4,5,6","4","8+","No necessary in-game text","","","","","","standalone","","","","",""
"Braintopia Kids","203265","0","0","0","1","0","0","0","0","0","0","0","3","","","","","","70535063","5.55174","6.25184","1","12739","639","thing","Braintopia Kids","2","6","30","30","15","2016","4","4","5–8","No necessary in-game text","","","","","","standalone","","","","",""
"Brass: Birmingham","224517","0","0","0","1","0","0","0","0","0","0","0","3","","","","","","85440027","8.39917","8.57155","3.8665","1","78757","thing","Brass: Birmingham","2","4","120","120","60","2018","2,3,4","3,4","14+","No necessary in-game text","","","","","","standalone","","","","",""
"Bravo!","285894","0","0","0","1","0","0","0","0","0","0","0","3","","","","","","95908608","6.20377","7.17727","1.8409","2178","4771","thing","Bravo!","1","6","20","20","20","2019","1,2,3,4,5,6","2","8+","No necessary in-game text","","","","","","standalone","","","","",""
"Brazil: Imperial","249277","0","0","0","1","0","0","0","0","0","0","0","3","","","","","","104204151","6.67556","7.52707","2.9948","934","7065","thing","Brazil: Imperial","1","4","100","100","100","2021","2,3,4","4","12+","Moderate in-game text - needs crib sheet or paste ups","","","","","","standalone","","","","",""
"Brothers","246812","0","0","0","1","0","0","0","0","0","0","0","3","","","","","","95907678","5.56388","6.26251","1.1111","11562","480","thing","Brothers","2","4","15","15","10","2018","2","2","6","No necessary in-game text","","","","","","standalone","","","","",""
"Bubblee Pop","192343","0","0","0","1","0","0","0","0","0","0","0","3","","","","","","85440030","5.75576","6.16641","1.3182","5241","1943","thing","Bubblee Pop","1","2","20","20","20","2016","2","2","8+","No necessary in-game text","","","","","","standalone","","","","",""
"Bullshit","376861","0","0","0","1","0","0","0","0","0","0","0","3","","","","","","104204182","0","5","0","0","27","thing","Bullshit","3","99","30","30","30","2022","","","","","","","","","","standalone","","","","",""
"Bűnjelek: Gyilkosság Hongkongban","156129","0","0","0","1","0","0","0","0","0","0","0","3","","","","","","70533776","7.22237","7.42621","1.5861","278","36992","thing","Deception: Murder in Hong Kong","4","12","20","20","20","2014","5,6,7,8,9,10,11,12","6,7,8","12+","Moderate in-game text - needs crib sheet or paste ups","","","","","","standalone","","","","",""
"Bűnügyi Krónikák","239188","0","0","0","1","0","0","0","0","0","0","0","3","","","","","","70533775","7.16562","7.54529","2.06","332","40737","thing","Chronicles of Crime","1","4","90","90","60","2018","1,2,3","2","12+","Extensive use of text - massive conversion needed to be playable","","","","","","standalone","","","","",""
"Burgle Bros.","172081","0","0","0","1","0","0","0","0","0","0","0","3","","","","","","95907693","7.08295","7.4137","2.3161","404","19196","thing","Burgle Bros.","1","4","90","90","45","2015","1,2,3,4","3","10+","Moderate in-game text - needs crib sheet or paste ups","","","","","","standalone","","","","",""
"Ca$h 'n Guns: Second Edition","155362","0","0","0","1","0","0","0","0","0","0","0","3","","","","","","70533877","6.61962","6.81067","1.2487","1040","23451","thing","Ca$h 'n Guns: Second Edition","4","8","30","30","30","2014","4,5,6,7,8","6,7,8","8+","Some necessary text - easily memorized or small crib sheet","","","","","","standalone","","","","",""
"Ca$h 'n Guns: Second Edition – More Ca$h 'n More Guns","181228","0","0","0","1","0","0","0","0","0","0","0","3","","","","","","95907704","5.97295","7.24522","1.4667","0","3887","thing","Ca$h 'n Guns: Second Edition – More Ca$h 'n More Guns","4","8","30","0","30","2015","4,5,6,7,8","6,7,8","10+","No necessary in-game text","","","","","","expansion","","","","",""
"Café","284936","0","0","0","1","0","0","0","0","0","0","0","3","","","","","","104204194","6.53093","7.17162","2.0661","1219","7782","thing","Café","1","4","45","45","20","2020","1,2,3,4","2","10+","No necessary in-game text","","","","","","standalone","","","","",""
"Calavera","269041","0","0","0","1","0","0","0","0","0","0","0","3","","","","","","85440046","5.87662","6.78068","1.0769","3952","2191","thing","Calavera","2","4","20","20","20","2019","2,3,4","3","8+","No necessary in-game text","","","","","","standalone","","","","",""
"Camel Up (Second Edition)","260605","0","0","0","1","0","0","0","0","0","0","0","3","","","","","","70533791","7.25041","7.55076","1.5069","263","28635","thing","Camel Up (Second Edition)","3","8","45","45","30","2018","3,4,5,6,7,8","5,6","8+","No necessary in-game text","","","","","","standalone","","","","",""
"Canopy","295607","0","0","0","1","0","0","0","0","0","0","0","3","","","","","","95908518","6.57579","7.25988","2.037","1130","9605","thing","Canopy","1","4","30","30","30","2021","1,2,3","2","10+","Moderate in-game text - needs crib sheet or paste ups","","","","","","standalone","","","","",""
"Canvas","290236","0","0","0","1","0","0","0","0","0","0","0","3","","","","","","95907719","6.92823","7.20638","1.7249","576","30358","thing","Canvas","1","5","30","30","30","2021","1,2,3,4,5","3,4","8+","Some necessary text - easily memorized or small crib sheet","","","","","","standalone","","","","",""
"Captain Sonar","171131","0","0","0","1","0","0","0","0","0","0","0","3","","","","","","70533798","7.29092","7.50388","2.1952","238","33024","thing","Captain Sonar","2","8","60","60","45","2016","6,7,8","8","12+","No necessary in-game text","","","","","","standalone","","","","",""
"Caravanserai","405542","0","0","0","1","0","0","0","0","0","0","0","3","","","","","","132149974","5.53673","7.47636","3","14886","67","thing","Caravanserai","2","4","75","75","75","2024","3,4","3","","No necessary in-game text","","","","","","standalone","","Private Moon Studios","English; Hungarian","2024","English/Hungarian edition"
"Carcassonne","822","0","0","0","1","0","0","0","0","0","0","0","3","","","","","","70533804","7.29578","7.4134","1.8863","236","215913","thing","Carcassonne","2","5","45","45","30","2000","2,3,4,5","2","8+","No necessary in-game text","","","","","","standalone","","","","",""
"Carcassonne: Amazonas","206940","0","0","0","1","0","0","0","0","0","0","0","3","","","","","","70533856","6.24901","7.02448","1.8868","1993","5040","thing","Carcassonne: Amazonas","2","5","35","35","35","2016","2,3,4,5","4","6+","No necessary in-game text","","","","","","standalone","","","","",""
"Carcassonne: Aranyláz","163370","0","0","0","1","0","0","0","0","0","0","0","3","","","","","","70533846","6.18148","7.13476","1.9242","2256","3537","thing","Carcassonne: Gold Rush","2","5","35","35","35","2014","2,3,4","3","8+","No necessary in-game text","","","","","","standalone","","","","",""
"Carcassonne: Expansion 1 – Inns & Cathedrals","2993","0","0","0","1","0","0","0","0","0","0","0","3","","","","","","95907744","7.39472","7.64103","1.926","0","52705","thing","Carcassonne: Expansion 1 – Inns & Cathedrals","2","6","60","60","60","2002","2,3,4,5,6","2,3","8+","No necessary in-game text","","","","","","expansion","","","","",""
"Carcassonne: Folyó","2591","0","0","0","1","0","0","0","0","0","0","0","3","","","","","","70533834","6.72015","7.03663","1.6899","0","23288","thing","Carcassonne: The River","2","5","45","45","30","2001","2,3,4,5","3","8+","No necessary in-game text","","","","","","expansion","","","","",""
"Carcassonne: Hunters and Gatherers","4390","0","0","0","1","0","0","0","0","0","0","0","3","","","","","","95907735","6.85569","7.13344","1.9216","671","19091","thing","Carcassonne: Hunters and Gatherers","2","5","40","40","35","2002","2,3,4,5","2,3","8+","No necessary in-game text","","","","","","standalone","","","","",""
"Carcassonne: Safari","256065","0","0","0","1","0","0","0","0","0","0","0","3","","","","","","70533863","5.95574","7.01151","1.8077","3385","2844","thing","Carcassonne: Safari","2","5","35","35","35","2018","2,3,4,5","4","8+","No necessary in-game text","","","","","","standalone","","","","",""
"Cartagena","224031","0","0","0","1","0","0","0","0","0","0","0","3","","","","","","70533869","5.86636","6.70659","1.4348","4043","2292","thing","Cartagena","2","5","45","45","30","2017","2,3,4,5","4","6+","No necessary in-game text","","","","","","standalone","","","","",""
"Cascadia","295947","0","0","0","1","0","0","0","0","0","0","0","3","","","","","","95907757","7.74356","7.90258","1.8477","56","85486","thing","Cascadia","1","4","45","45","30","2021","1,2,3,4","2,3","8+","Some necessary text - easily memorized or small crib sheet","","","","","","standalone","","","","",""
"Cat Lady","228504","0","0","0","1","0","0","0","0","0","0","0","3","","","","","","95907763","6.56412","6.98615","1.3728","1149","12213","thing","Cat Lady","2","4","30","30","15","2017","2,3,4","2","8+","Some necessary text - easily memorized or small crib sheet","","","","","","standalone","","","","",""
"CATAN","13","0","0","0","1","0","0","0","0","0","0","0","3","","","","","","70533888","6.90587","7.09083","2.2856","604","230804","thing","CATAN","3","4","120","120","60","1995","3,4","4","8+","Some necessary text - easily memorized or small crib sheet","","","","","","standalone","","","","",""
"Century: A Kelet Csodái","242574","0","0","0","1","0","0","0","0","0","0","0","3","","","","","","70533900","6.7133","7.10396","2.1027","867","15548","thing","Century: Eastern Wonders","2","4","45","45","30","2018","2,3,4","4","8+","No necessary in-game text","","","","","","standalone","","","","",""
"Century: Egy Új Világ!","270970","0","0","0","1","0","0","0","0","0","0","0","3","","","","","","70533905","6.73222","7.28492","2.1226","837","12148","thing","Century: A New World","2","4","45","45","30","2019","2,3,4","3","8+","No necessary in-game text","","","","","","standalone","","","","",""
"Century: Fűszerút","209685","0","0","0","1","0","0","0","0","0","0","0","3","","","","","","70533892","7.11054","7.29609","1.8018","374","34666","thing","Century: Spice Road","2","5","45","45","30","2017","2,3,4,5","3,4","8+","No necessary in-game text","","","","","","standalone","","","","",""
"Chachapoya","262520","0","0","0","1","0","0","0","0","0","0","0","3","","","","","","85440110","5.61583","7.13316","1.8125","8451","348","thing","Chachapoya","2","4","45","45","30","2019","2,3,4","2,3","8+","No necessary in-game text","","","","","","standalone","","","","",""
"Chachapoya: A Yapalocté Expedíció","312222","0","0","0","1","0","0","0","0","0","0","0","3","","","","","","85440117","5.5362","7.87308","2.5","0","153","thing","Chachapoya: A Yapalocté Expedíció","2","4","30","30","25","2020","","","","","","","","","","expansion","","","","",""
"Cheating Moth","105593","0","0","0","1","0","0","0","0","0","0","0","3","","","","","","132150136","6.09491","6.40586","1.142","2631","15123","thing","Cheating Moth","3","5","30","30","30","2011","3,4,5","5","6+","No necessary in-game text","","","","","","standalone","","","","",""
"Cica, pizza, taco, gida, sajt: Fordulatos fordítás","341876","0","0","0","1","0","0","0","0","0","0","0","3","","","","","","132150038","5.71787","6.91586","1","5817","1894","thing","Taco Back Goat Cheese Pizza","2","8","10","10","10","2023","3,4,5,6,7,8","5,6","10–18","No necessary in-game text","","","","","","standalone","","Gém Klub Kft.","Hungarian","2023","Hungarian edition"
"Cinderella","308572","0","0","0","1","0","0","0","0","0","0","0","3","","","","","","95907915","5.49594","5.51042","0","25809","138","thing","Cinderella","1","4","20","20","10","2019","","","3–6","","","","","","","standalone","","","","",""
"Citadella","205398","0","0","0","1","0","0","0","0","0","0","0","3","","","","","","70533929","6.94625","7.23606","2.0595","558","30780","thing","Citadels","2","8","60","60","30","2016","3,4,5,6,7","5","8+","Moderate in-game text - needs crib sheet or paste ups","","","","","","standalone","","","","",""
"Claim","233961","0","0","0","1","0","0","0","0","0","0","0","3","","","","","","85440137","6.46413","6.90494","1.6489","1377","12443","thing","Claim","2","2","25","25","25","2017","2","2","8+","No necessary in-game text","","","","","","standalone","","","","",""
"Claim 2","249763","0","0","0","1","0","0","0","0","0","0","0","3","","","","","","85440152","6.17624","6.93579","1.6222","2272","6640","thing","Claim 2","2","2","25","25","25","2018","2","2","10+","No necessary in-game text","","","","","","standalone","","","","",""
"Cliffhanger","31506","0","0","0","1","0","0","0","0","0","0","0","3","","","","","","95908001","5.76414","6.18912","1.2177","5126","2536","thing","Cliffhanger","3","6","15","15","15","2007","3,4,5,6","4,5,6","8+","No necessary in-game text","","","","","","standalone","","","","",""
"Coffee Rush","377061","0","0","0","1","0","0","0","0","0","0","0","3","","","","","","132150069","6.44425","7.11078","1.813","1438","9277","thing","Coffee Rush","2","4","30","30","30","2023","2,3,4","3","8+","No necessary in-game text","","","","","","standalone","","","","",""
"Color Code","342211","0","0","0","1","0","0","0","0","0","0","0","3","","","","","","132150076","5.50466","5.7568","1","23648","264","thing","Color Code","2","6","30","30","30","2021","4,5,6","4,5,6","6+","","","","","","","standalone","","","","",""
"Colorado","247900","0","0","0","1","0","0","0","0","0","0","0","3","","","","","","85440167","0","6.51389","1","0","35","thing","Colorado","2","4","0","0","0","2017","","","","No necessary in-game text","","","","","","standalone","","","","",""
"Colt Express","158899","0","0","0","1","0","0","0","0","0","0","0","3","","","","","","70535037","6.95271","7.09689","1.8344","548","50086","thing","Colt Express","2","6","40","40","40","2014","3,4,5,6","5,6","8+","No necessary in-game text","","","","","","standalone","","","","",""
"Concept","147151","0","0","0","1","0","0","0","0","0","0","0","3","","","","","","70535044","6.58689","6.74574","1.3768","1110","36377","thing","Concept","4","12","40","40","40","2013","3,4,5,6,7,8,9,10,11,12","6","10+","Extensive use of text - massive conversion needed to be playable","","","","","","standalone","","","","",""
"Concept Kids Állatok","247314","0","0","0","1","0","0","0","0","0","0","0","3","","","","","","70535048","6.02585","7.04587","1.1818","2965","3056","thing","Concept Kids: Animals","2","12","20","20","20","2018","2,3,4,5,6,7","4","4+","No necessary in-game text","","","","","","standalone","","","","",""
"Concordia","124361","0","0","0","1","0","0","0","0","0","0","0","3","","","","","","85440186","7.92998","8.08204","2.9867","26","50211","thing","Concordia","2","5","100","100","100","2013","2,3,4,5","4","12+","Moderate in-game text - needs crib sheet or paste ups","","","","","","standalone","","","","",""
"Concordia: Britannia / Germania","165023","0","0","0","1","0","0","0","0","0","0","0","3","","","","","","85440203","6.62718","8.08046","3.0469","0","7487","thing","Concordia: Britannia / Germania","2","5","90","90","90","2014","2,3,4,5","4","12+","No necessary in-game text","","","","","","expansion","","","","",""
"Copenhagen","269595","0","0","0","1","0","0","0","0","0","0","0","3","","","","","","70535052","6.4252","6.93292","1.6854","1482","5413","thing","Copenhagen","2","4","40","40","20","2019","2,3,4","4","6+","No necessary in-game text","","","","","","standalone","","","","",""
"Creature Comforts","304051","0","0","0","1","0","0","0","0","0","0","0","3","","","","","","95907994","6.84456","7.42543","2.3568","688","12702","thing","Creature Comforts","1","5","45","45","45","2022","1,2,3,4","2","10+","Moderate in-game text - needs crib sheet or paste ups","","","","","","standalone","","","","",""
"The Crew: The Quest for Planet Nine","284083","0","0","0","1","0","0","0","0","0","0","0","3","","","","","","95908888","7.62652","7.76553","1.9616","88","90131","thing","The Crew: The Quest for Planet Nine","2","5","20","20","20","2019","3,4,5","4","10+","No necessary in-game text","","","","","","standalone","","","","",""
"Crime Zoom: Nagyító alatt – Az utolsó kártyalap","294235","0","0","0","1","0","0","0","0","0","0","0","3","","","","","","132150105","5.68469","6.61685","1.1875","6485","1105","thing","Crime Zoom: His Last Card","1","6","60","60","60","2021","1,2,3","1,2","14+","Extensive use of text - massive conversion needed to be playable","","","","","","standalone","","Aurora; Gém Klub Kft.","Hungarian","2021","Hungarian edition"
"Cross Clues","300753","0","0","0","1","0","0","0","0","0","0","0","3","","","","","","95908857","6.58857","7.20176","1.0783","1104","8815","thing","Cross Clues","2","6","10","10","5","2020","2,3,4,5,6","4","8+","Unplayable in another language","","","","","","standalone","","","","",""
"Csak egy","254640","0","0","0","1","0","0","0","0","0","0","0","3","","","","","","70535081","7.43971","7.59801","1.0356","155","57089","thing","Just One","3","7","60","60","20","2018","4,5,6,7","6,7","8+","Unplayable in another language","","","","","","standalone","","","","",""
"Csapasd a ritmust!","37728","0","0","0","1","0","0","0","0","0","0","0","3","","","","","","70535086","5.77457","6.26232","1.0595","4995","2912","thing","Rock the Beat","4","12","30","30","30","2008","4,5,6,7,8,9,10,11,12","8,9,10","8+","Some necessary text - easily memorized or small crib sheet","","","","","","standalone","","","","",""
"Csatacsirkék","350637","0","0","0","1","0","0","0","0","0","0","0","3","","","","","","132150144","5.7644","7.2639","1.4444","5122","1286","thing","Regroup! Chicken Army","2","4","20","20","10","2024","2,3,4","3,4","6+","No necessary in-game text","","","","","","standalone","","Gém Klub Kft.","Hungarian","2024","Hungarian edition"
"Csillagvadászok","254088","0","0","0","1","0","0","0","0","0","0","0","3","","","","","","70535089","5.80278","6.65807","1.4286","4655","1242","thing","Gravity Superstar","2","6","30","30","15","2018","2,3,4,5,6","4","6+","No necessary in-game text","","","","","","standalone","","","","",""
"Csodaország csatái","227935","0","0","0","1","0","0","0","0","0","0","0","3","","","","","","132150155","7.49012","8.04479","3.0467","137","15648","thing","Wonderland's War","2","5","125","125","45","2023","3,4,5","4","12+","Moderate in-game text - needs crib sheet or paste ups","","","","","","standalone","","Gém Klub Kft.","Hungarian","2023","Hungarian edition"
"Csótánypóker","11971","0","0","0","1","0","0","0","0","0","0","0","3","","","","","","70535093","6.60229","6.80363","1.0986","1069","27765","thing","Cockroach Poker","2","6","20","20","20","2004","3,4,5,6","5","6+","No necessary in-game text","","","","","","standalone","","","","",""
"Csótánysaláta","32341","0","0","0","1","0","0","0","0","0","0","0","3","","","","","","70535098","5.85931","6.14145","1.1348","4109","6838","thing","Cockroach Salad","2","6","20","20","10","2007","3,4,5,6","4,5","6+","No necessary in-game text","","","","","","standalone","","","","",""
"Cube Duel","301444","0","0","0","1","0","0","0","0","0","0","0","3","","","","","","132151190","0","6.82414","0","0","84","thing","Cube Duel","1","2","0","0","0","2020","","","","","","","","","","standalone","","","","",""
"Cucc!","400752","0","0","0","1","0","0","0","0","0","0","0","3","","","","","","132614885","5.64013","6.89426","1","7592","1169","thing","Piles! A Fast-Paced Free-For-All","2","8","10","10","10","2025","3,4,5,6,7,8","4,5,6","6","","","","","","","standalone","","Gém Klub Kft.","Hungarian","2025","Hungarian edition"
"Cuvée","400211","0","0","0","1","0","0","0","0","0","0","0","3","","","","","","132150113","5.56784","7.3989","3.5","11241","121","thing","Cuvée","2","4","90","90","90","2023","2,3,4","2","12+","Some necessary text - easily memorized or small crib sheet","","","","","","standalone","","Private Moon Studios","Hungarian","2023","Hungarian edition"
"CV","143986","0","0","0","1","0","0","0","0","0","0","0","3","","","","","","70535070","6.27155","6.56603","1.8448","1920","8456","thing","CV","2","4","60","60","60","2013","2,3,4","2","10+","Some necessary text - easily memorized or small crib sheet","","","","","","standalone","","","","",""
"CV Pocket","229453","0","0","0","1","0","0","0","0","0","0","0","3","","","","","","85440240","5.60649","6.29843","1.2857","8875","636","thing","CV Pocket","2","4","30","30","20","2017","2,3,4","3,4","6+","No necessary in-game text","","","","","","standalone","","","","",""
"Darwin nyomában","376683","0","0","0","1","0","0","0","0","0","0","0","3","","","","","","132150194","6.49542","7.34799","1.6814","1305","5008","thing","In the Footsteps of Darwin","2","5","30","30","20","2023","2,3,4,5","3,4","6+","No necessary in-game text","","","","","","standalone","","Gém Klub Kft.","Hungarian","2023","Hungarian edition"
"Destinies","285192","0","0","0","1","0","0","0","0","0","0","0","3","","","","","","104204666","7.09638","7.67045","1.9275","392","18068","thing","Destinies","1","3","150","150","90","2021","1,2,3","2","10+","Extensive use of text - massive conversion needed to be playable","","","","","","standalone","","","","",""
"Detektív Klub","256788","0","0","0","1","0","0","0","0","0","0","0","3","","","","","","85440269","6.7227","7.36889","1.2468","855","7884","thing","Detective Club","4","8","45","45","45","2018","5,6,7,8","6,7","10+","No necessary in-game text","","","","","","standalone","","","","",""
"Dice Forge: A sors kovácsai","194594","0","0","0","1","0","0","0","0","0","0","0","3","","","","","","70535111","7.00932","7.2152","1.9718","477","37677","thing","Dice Forge","2","4","45","45","45","2017","2,3,4","4","8+","No necessary in-game text","","","","","","standalone","","","","",""
"Dice Town","40793","0","0","0","1","0","0","0","0","0","0","0","3","","","","","","95907805","6.55537","6.87389","1.6875","1166","10214","thing","Dice Town","2","5","45","45","45","2009","3,4,5","4,5","8+","Some necessary text - easily memorized or small crib sheet","","","","","","standalone","","","","",""
"Discover: Lands Unknown","258244","0","0","0","1","0","0","0","0","0","0","0","3","","","","","","95907807","5.59347","5.77788","2.4571","9492","6570","thing","Discover: Lands Unknown","1","4","120","120","60","2018","1,2,3,4","2,3","8+","Extensive use of text - massive conversion needed to be playable","","","","","","standalone","","","","",""
"Dixit","39856","0","0","0","1","0","0","0","0","0","0","0","3","","","","","","70535112","7.07177","7.1864","1.193","416","104843","thing","Dixit","3","6","30","30","30","2008","4,5,6","5,6","8+","No necessary in-game text","","","","","","standalone","","","","",""
"Dixit: Odyssey","92828","0","0","0","1","0","0","0","0","0","0","0","3","","","","","","70535117","7.15079","7.38459","1.1637","342","34016","thing","Dixit: Odyssey","3","12","30","30","30","2011","4,5,6,7,8,9,10,11,12","6","8+","No necessary in-game text","","","","","","standalone","","","","",""
"Dobble","63268","0","0","0","1","0","0","0","0","0","0","0","3","","","","","","70535123","6.36733","6.53218","1.0388","1633","47896","thing","Spot it!","2","8","15","15","15","2009","2,3,4,5,6,7","4,5","4+","No necessary in-game text","","","","","","standalone","","","","",""
"Dobble Connect","381429","0","0","0","1","0","0","0","0","0","0","0","3","","","","","","132150212","5.59562","6.23074","1.1429","9394","847","thing","Dobble Connect","2","8","15","15","15","2023","2,3,4,6","3","6+","No necessary in-game text","","","","","","standalone","","Gém Klub Kft.","Hungarian","2023","Hungarian edition"
"Dobble: Disney Edition","382419","0","0","0","1","0","0","0","0","0","0","0","3","","","","","","132150224","5.62624","7.06188","1","8042","1121","thing","Spot it! Disney 100 Years of Wonder","2","8","15","15","15","2024","2,3,4,5,6,7,8","4,5","6+","No necessary in-game text","","","","","","standalone","","Gém Klub Kft.; Hobby Japan; Kaissa Chess & Games; Nordic Games ehf","Greek; Hungarian; Icelandic; Japanese","2024","Icelandic/Japanse/Hungarian/Greek edition 2024"
"Dobd a témát!","271756","0","0","0","1","0","0","0","0","0","0","0","3","","","","","","70535125","5.54467","6.1809","1","13647","485","thing","Dice Academy","2","6","15","15","15","2019","3,4,5,6","5,6","8+","","","","","","","standalone","","","","",""
"Dominion","36218","0","0","0","1","0","0","0","0","0","0","0","3","","","","","","70535130","7.47516","7.59725","2.3456","142","127951","thing","Dominion","2","4","30","30","30","2008","2,3,4","3","10+","Moderate in-game text - needs crib sheet or paste ups","","","","","","standalone","","","","",""
"Dominion: Intrika","40834","0","0","0","1","0","0","0","0","0","0","0","3","","","","","","70535132","7.50413","7.68647","2.4114","132","50813","thing","Dominion: Intrigue","2","6","30","30","30","2009","2,3,4","3","10+","Moderate in-game text - needs crib sheet or paste ups","","","","","","standalone","","","","",""
"Downforce","215311","0","0","0","1","0","0","0","0","0","0","0","3","","","","","","85440304","7.0025","7.26307","1.7321","483","20067","thing","Downforce","2","6","40","40","20","2017","2,3,4,5,6","3,6","8+","Some necessary text - easily memorized or small crib sheet","","","","","","standalone","","","","",""
"Downforce: Veszélyes kitérő","242213","0","0","0","1","0","0","0","0","0","0","0","3","","","","","","85440312","6.45698","7.79794","1.84","0","5599","thing","Downforce: Danger Circuit","2","6","40","40","20","2018","2,3,4,5,6","3,6","6+","Moderate in-game text - needs crib sheet or paste ups","","","","","","expansion","","","","",""
"Draftosaurus","264055","0","0","0","1","0","0","0","0","0","0","0","3","","","","","","95907821","6.859","7.08562","1.2534","664","26694","thing","Draftosaurus","2","5","15","15","15","2019","2,3,4,5","4","6+","No necessary in-game text","","","","","","standalone","","","","",""
"Dragon Inferno","346937","0","0","0","1","0","0","0","0","0","0","0","3","","","","","","132309568","5.51945","6.60109","0","19033","151","thing","Dragon Inferno","2","2","20","20","10","2021","","","6–12","","","","","","","standalone","","Smart Games EU","Danish; Dutch; English; Finnish; French; German; Greek; Italian; Norwegian; Portuguese; Spanish; Swedish","2021","Multilingual first edition"
"Dragonheart","66171","0","0","0","1","0","0","0","0","0","0","0","3","","","","","","104204314","6.10897","6.49583","1.359","2566","3813","thing","Dragonheart","2","2","30","30","30","2010","2","2","8+","No necessary in-game text","","","","","","standalone","","","","",""
"Drakula dühe","20963","0","0","0","1","0","0","0","0","0","0","0","3","","","","","","73946103","6.72281","7.08234","2.9543","854","10032","thing","Fury of Dracula (Second Edition)","2","5","180","180","120","2005","2,3,4,5","5","12+","Extensive use of text - massive conversion needed to be playable","","","","","","standalone","","","","",""
"Dream Home: 156 Sunny Street","232291","0","0","0","1","0","0","0","0","0","0","0","3","","","","","","104204071","6.00713","7.25493","1.6875","0","3452","thing","Dream Home: 156 Sunny Street","1","6","30","30","30","2017","2,3,4,5,6","4,6","6+","Some necessary text - easily memorized or small crib sheet","","","","","","expansion","","","","",""
"Drink Drank Drunk","293559","0","0","0","1","0","0","0","0","0","0","0","3","","","","","","104204315","5.50672","6.60857","1","23021","135","thing","Drink Drank Drunk","3","20","200","200","20","2017","","","","","","","","","","standalone","","","","",""
"Dual Powers: Revolution 1917","241987","0","0","0","1","0","0","0","0","0","0","0","3","","","","","","104204493","6.09524","7.40403","2.25","2630","2161","thing","Dual Powers: Revolution 1917","1","2","60","60","30","2018","1,2","2","10+","No necessary in-game text","","","","","","standalone","","","","",""
"A dübörgő derby","351040","0","0","0","1","0","0","0","0","0","0","0","3","","","","","","132149108","7.05774","7.52671","1.3025","432","15239","thing","Ready Set Bet","2","9","60","60","45","2023","4,5,6,7,8,9","6,7,8","10+","Some necessary text - easily memorized or small crib sheet","","","","","","standalone","","Reflexshop","Hungarian","2023","Hungarian edition"
"Dudab","165414","0","0","0","1","0","0","0","0","0","0","0","3","","","","","","70535135","5.497","5.41613","1.5","25575","170","thing","Dudab","2","6","30","30","30","2014","2,3,4,5,6","4","8+","No necessary in-game text","","","","","","standalone","","","","",""
"Dűlőre jutunk","412527","0","0","0","1","0","0","0","0","0","0","0","3","","","","","","132150253","5.54842","7.768","2.1429","13148","182","thing","Dűlőre jutunk","1","4","40","40","30","2024","1,2,3,4","2,3,4","6+","No necessary in-game text","","","","","","standalone","","Gém Klub Kft.","Hungarian","2024","Hungarian edition"
"Dűne: Homokba temetett titkok","329713","0","0","0","1","0","0","0","0","0","0","0","3","","","","","","132150279","5.37823","5.03173","1.3913","29440","2928","thing","Dune: House Secrets","1","4","180","180","90","2022","1,2,3,4","2","12+","Unplayable in another language","","","","","","standalone","","Reflexshop","Hungarian","2022","Hungarian edition"
"Dune: Imperium","316554","0","0","0","1","0","0","0","0","0","0","0","3","","","","","","95907836","8.22223","8.41358","3.0716","6","74331","thing","Dune: Imperium","1","4","120","120","60","2020","1,2,3,4","3,4","12+","Moderate in-game text - needs crib sheet or paste ups","","","","","","standalone","","","","",""
"Dűne: Impérium – Az Ix felemelkedése","342031","0","0","0","1","0","0","0","0","0","0","0","3","","","","","","132150289","8.08611","8.80567","3.2184","0","27639","thing","Dune: Imperium – Rise of Ix","1","4","120","120","60","2022","1,2,3,4","3,4","12+","Moderate in-game text - needs crib sheet or paste ups","","","","","","expansion","","Dire Wolf; Reflexshop","Hungarian","2022","Hungarian edition"
"Dűne: Impérium – Halhatatlanság","367466","0","0","0","1","0","0","0","0","0","0","0","3","","","","","","132150292","7.49089","8.54965","3.3333","0","18113","thing","Dune: Imperium – Immortality","1","4","120","120","60","2023","1,2,3,4","3,4","12+","Moderate in-game text - needs crib sheet or paste ups","","","","","","expansion","","Dire Wolf; Reflexshop","Hungarian","2023","Hungarian edition"
"Dungeons & Dragons: Rock Paper Wizard","207062","0","0","0","1","0","0","0","0","0","0","0","3","","","","","","70535814","5.91831","6.54447","1.3226","3645","3794","thing","Dungeons & Dragons: Rock Paper Wizard","3","6","30","30","30","2016","3,4,5,6","5,6","8+","Moderate in-game text - needs crib sheet or paste ups","","","","","","standalone","","","","",""
"Earth","350184","0","0","0","1","0","0","0","0","0","0","0","3","","","","","","108077034","7.35642","7.62874","2.9044","202","32368","thing","Earth","1","5","90","90","45","2023","1,2,3,4","2,3","12+","Moderate in-game text - needs crib sheet or paste ups","","","","","","standalone","","","","",""
"Az égbolt vándorai","362986","0","0","0","1","0","0","0","0","0","0","0","3","","","","","","132149564","6.53067","7.32627","2.6694","1220","6060","thing","Tribes of the Wind","2","5","90","90","40","2023","2,3,4","3","10+","No necessary in-game text","","","","","","standalone","","Gém Klub Kft.","Hungarian","2023","Hungarian edition"
"Egri Csillagok 1552","375445","0","0","0","1","0","0","0","0","0","0","0","3","","","","","","132150299","0","6.28947","2","0","35","thing","Egri Csillagok 1552","4","6","120","120","60","2022","5","5","","Extensive use of text - massive conversion needed to be playable","","","","","","standalone","","Korona Games","Hungarian","2022","Hungarian edition"
"Egyszer volt...","357270","0","0","0","1","0","0","0","0","0","0","0","3","","","","","","95907858","0","5.89286","1","0","33","thing","Egyszer volt...","2","5","60","60","45","2021","","","","","","","","","","standalone","","","","",""
"EladLak!","172","0","0","0","1","0","0","0","0","0","0","0","3","","","","","","85440337","7.13742","7.26405","1.251","354","42666","thing","For Sale","3","6","30","30","30","1997","3,4,5,6","5","8+","No necessary in-game text","","","","","","standalone","","","","",""
"Az elhagyatott könyvtár","300023","0","0","0","1","0","0","0","0","0","0","0","3","","","","","","132149569","5.53884","5.95737","1.8","14526","504","thing","Die verlassene Bibliothek","1","4","75","75","60","2020","1,2","2","10+","Moderate in-game text - needs crib sheet or paste ups","","","","","","standalone","","moses. Verlag GmbH; Reflexshop","Hungarian","2020","Hungarian edition"
"Elveszett Városok","50","0","0","0","1","0","0","0","0","0","0","0","3","","","","","","70535138","7.14908","7.25435","1.4747","344","74116","thing","Lost Cities","2","2","30","30","30","1999","2","2","8+","No necessary in-game text","","","","","","standalone","","","","",""
"Elvetemült veteményes","302260","0","0","0","1","0","0","0","0","0","0","0","3","","","","","","85440389","6.26865","6.58302","1.2568","1930","10198","thing","Abandon All Artichokes","2","4","20","20","20","2020","2,3,4","4","8+","Moderate in-game text - needs crib sheet or paste ups","","","","","","standalone","","","","",""
"Enciklopédia","351526","0","0","0","1","0","0","0","0","0","0","0","3","","","","","","132150318","6.49935","7.32822","3.0397","1295","6622","thing","Encyclopedia","1","4","120","120","60","2022","1,2,3,4","3","12+","No necessary in-game text","","","","","","standalone","","Gém Klub Kft.; Holy Grail Games","Hungarian","2022","Hungarian edition"
"Endeavor: Age of Sail","233398","0","0","0","1","0","0","0","0","0","0","0","3","","","","","","104204325","7.37114","7.8538","2.8491","195","12801","thing","Endeavor: Age of Sail","2","5","90","90","60","2018","2,3,4,5","4","12+","Some necessary text - easily memorized or small crib sheet","","","","","","standalone","","","","",""
"Equinox","329450","0","0","0","1","0","0","0","0","0","0","0","3","","","","","","104204329","6.06226","6.68954","2.0377","2786","4764","thing","Equinox","2","5","60","60","40","2021","2,3,4","3","10+","No necessary in-game text","","","","","","standalone","","","","",""
"Era: Medieval Age","270971","0","0","0","1","0","0","0","0","0","0","0","3","","","","","","95907870","6.57965","7.18954","2.271","1122","7143","thing","Era: Medieval Age","1","4","60","60","45","2019","1,2,3,4","2,4","8+","Some necessary text - easily memorized or small crib sheet","","","","","","standalone","","","","",""
"Az erdő","391163","0","0","0","1","0","0","0","0","0","0","0","3","","","","","","132311515","7.42347","7.72873","2.1991","160","32065","thing","Forest Shuffle","2","5","60","60","40","2023","2,3,4","2","10+","Moderate in-game text - needs crib sheet or paste ups","","","","","","standalone","","Gém Klub Kft.","Hungarian","2023","Hungarian edition"
"Az erdő: Alpok","412576","0","0","0","1","0","0","0","0","0","0","0","3","","","","","","132311524","6.93612","8.20564","2.1081","0","12419","thing","Forest Shuffle: Alpine","2","5","60","60","60","2024","2,3,4","2","10+","Some necessary text - easily memorized or small crib sheet","","","","","","expansion","","Gém Klub Kft.","Hungarian","2024","Hungarian edition"
"Az erdő: Cserjék","424129","0","0","0","1","0","0","0","0","0","0","0","3","","","","","","132311519","6.6484","8.12168","2.0345","0","10240","thing","Forest Shuffle: Woodland Edge","2","5","60","60","60","2025","2,3,4","2","10+","Moderate in-game text - needs crib sheet or paste ups","","","","","","expansion","","Gém Klub Kft.","Hungarian","2025","Hungarian edition"
"Észvesztő Útvesztő","174093","0","0","0","1","0","0","0","0","0","0","0","3","","","","","","70535141","5.62121","6.45528","1.5714","8232","638","thing","Maze Racers","2","4","20","20","20","2015","2","2","5+","No necessary in-game text","","","","","","standalone","","","","",""
"Ethnos","206718","0","0","0","1","0","0","0","0","0","0","0","3","","","","","","70535148","7.16851","7.45769","2.1118","326","16536","thing","Ethnos","2","6","60","60","45","2017","2,3,4,5,6","4","10+","Some necessary text - easily memorized or small crib sheet","","","","","","standalone","","","","",""
"Everdell – Az Örökfa árnyékában","199792","0","0","0","1","0","0","0","0","0","0","0","3","","","","","","70535151","7.81633","7.99169","2.8271","41","99426","thing","Everdell","1","4","80","80","40","2018","1,2,3,4","3","10+","Extensive use of text - massive conversion needed to be playable","","","","","","standalone","","","","",""
"Everdell: Spirecrest","289056","0","0","0","1","0","0","0","0","0","0","0","3","","","","","","95907871","7.22282","8.27772","2.9529","0","15212","thing","Everdell: Spirecrest","1","4","100","100","40","2020","1,2,3,4","2","12+","Moderate in-game text - needs crib sheet or paste ups","","","","","","expansion","","","","",""
"EXIT: A játék - A titokzatos múzeum","244918","0","0","0","1","0","0","0","0","0","0","0","3","","","","","","73946042","6.37179","7.0885","2.1136","1622","5394","thing","EXIT: The Game – The Mysterious Museum","1","4","90","90","45","2018","1,2,3","2","10+","Unplayable in another language","","","","","","standalone","","","","",""
"EXIT: A játék – A fáraó sírkamrája","203416","0","0","0","1","0","0","0","0","0","0","0","3","","","","","","73946036","6.7317","7.13504","2.7273","841","12524","thing","EXIT: The Game – The Pharaoh's Tomb","1","6","90","90","45","2016","1,2,3,4","2","12+","Unplayable in another language","","","","","","standalone","","","","",""
"Exit: Az elsüllyedt kincs","226518","0","0","0","1","0","0","0","0","0","0","0","3","","","","","","73946137","6.43951","7.03038","1.8","1451","7247","thing","EXIT: The Game – The Sunken Treasure","1","4","90","90","45","2017","1,2,3","2","10+","Unplayable in another language","","","","","","standalone","","","","",""
"Exploding Kittens: Imploding Kittens","204053","0","0","0","1","0","0","0","0","0","0","0","3","","","","","","104204136","6.40797","6.98023","1.1034","0","22023","thing","Exploding Kittens: Imploding Kittens","2","6","15","0","15","2016","3,4,5,6","4,5","8+","Some necessary text - easily memorized or small crib sheet","","","","","","expansion","","","","",""
"Exploding Minions","341164","0","0","0","1","0","0","0","0","0","0","0","3","","","","","","104204526","5.69594","6.42205","1","6233","2916","thing","Exploding Minions","2","5","15","15","15","2021","2,3,4,5","4,5","6+","Some necessary text - easily memorized or small crib sheet","","","","","","standalone","","","","",""
"Fae","249670","0","0","0","1","0","0","0","0","0","0","0","3","","","","","","95907876","5.75363","6.63901","1.7143","5272","1151","thing","Fae","2","4","30","30","30","2018","2,3,4","3","8+","No necessary in-game text","","","","","","standalone","","","","",""
"Fall of Rome","260428","0","0","0","1","0","0","0","0","0","0","0","3","","","","","","95908661","7.0368","7.59781","2.491","451","13006","thing","Fall of Rome","1","5","60","60","45","2018","1,2,3,4,5","3","10+","Moderate in-game text - needs crib sheet or paste ups","","","","","","standalone","","","","",""
"Farkasok","368058","0","0","0","1","0","0","0","0","0","0","0","3","","","","","","132150352","6.61865","7.26589","2.8239","1044","7648","thing","The Wolves","2","5","75","75","75","2023","2,3,4","3","12+","Some necessary text - easily memorized or small crib sheet","","","","","","standalone","","Vagabund","Hungarian","2023","Hungarian edition"
"Fedőnevek","178900","0","0","0","1","0","0","0","0","0","0","0","3","","","","","","85440415","7.43367","7.52923","1.2572","159","173141","thing","Codenames","2","8","15","15","15","2015","4,5,6,7,8","6,8","10+","Unplayable in another language","","","","","","standalone","","","","",""
"Fedőnevek: Képekkel","198773","0","0","0","1","0","0","0","0","0","0","0","3","","","","","","70535157","7.00199","7.17991","1.2398","484","43918","thing","Codenames: Pictures","2","8","15","15","15","2016","4,5,6,7,8","6","8+","No necessary in-game text","","","","","","standalone","","","","",""
"A fehér várkastély","371942","0","0","0","1","0","0","0","0","0","0","0","3","","","","","","132149163","7.66605","7.98966","3.0512","76","34355","thing","The White Castle","1","4","80","80","80","2024","1,2,3,4","3","12+","No necessary in-game text","","","","","","standalone","","Reflexshop","Hungarian","2024","Hungarian edition"
"Fekete történetek","18803","0","0","0","1","0","0","0","0","0","0","0","3","","","","","","73946065","5.80687","5.98965","1.2569","4601","10384","thing","Black Stories","2","99","20","20","20","2004","3,4,5,6,7,8,9,10,11","4,5,6","12+","Extensive use of text - massive conversion needed to be playable","","","","","","standalone","","","","",""
"Fekete történetek Megtörtént esetek","57052","0","0","0","1","0","0","0","0","0","0","0","3","","","","","","132150369","5.52033","5.66911","1.2667","18797","2043","thing","Black Stories: Real Crime Edition","2","99","20","20","20","2018","2,3,4,5,6,7,8,9","4,5,6","12+","Unplayable in another language","","","","","","standalone","","Reflexshop","Hungarian","2018","Hungarian edition"
"Felhőváros","313963","0","0","0","1","0","0","0","0","0","0","0","3","","","","","","85440428","5.87736","6.44747","1.2745","3943","2572","thing","Cloud City","2","4","60","60","30","2020","2,3,4","2","6+","No necessary in-game text","","","","","","standalone","","","","",""
"Fesztáv","266192","0","0","0","1","0","0","0","0","0","0","0","3","","","","","","70535158","7.85559","8.00735","2.4751","38","171145","thing","Wingspan","1","5","70","70","40","2019","1,2,3,4","3","10+","Extensive use of text - massive conversion needed to be playable","","","","","","standalone","","","","",""
"Die Fiesen 7","186302","0","0","0","1","0","0","0","0","0","0","0","3","","","","","","104204061","5.7245","6.37622","1.05","5706","2147","thing","Die Fiesen 7","2","6","25","25","15","2015","3,4,5,6","5","8+","No necessary in-game text","","","","","","standalone","","","","",""
"Fiesta de los Muertos","285253","0","0","0","1","0","0","0","0","0","0","0","3","","","","","","132150405","6.12382","6.9812","1.1","2502","3466","thing","Fiesta de los Muertos","4","8","15","15","15","2023","4,5,6,7,8","6,7,8","10+","Moderate in-game text - needs crib sheet or paste ups","","","","","","standalone","","Gém Klub Kft.","Hungarian","2023","Hungarian edition"
"Firkafutam","334379","0","0","0","1","0","0","0","0","0","0","0","3","","","","","","132150412","5.98119","7.30526","1","3223","1556","thing","Doodle Dash","3","7","20","20","15","2023","4,5,6,7","5,6,7","8+","Moderate in-game text - needs crib sheet or paste ups","","","","","","standalone","","Chilifox Games; Gém Klub Kft.","Hungarian","2023","Hungarian edition"
"Firkaland","136991","0","0","0","1","0","0","0","0","0","0","0","3","","","","","","70535161","6.50737","6.86588","1.1875","1276","10577","thing","Loony Quest","2","5","30","30","20","2015","2,3,4,5","4","6+","No necessary in-game text","","","","","","standalone","","","","",""
"First Martians: Adventures on the Red Planet","192455","0","0","0","1","0","0","0","0","0","0","0","3","","","","","","85440448","5.97143","6.35833","4.1579","3283","11458","thing","First Martians: Adventures on the Red Planet","1","4","90","90","60","2017","1,2,3,4","1","14+","Extensive use of text - massive conversion needed to be playable","","","","","","standalone","","","","",""
"Five Tribes: Naquala dzsinnjei","157354","0","0","0","1","0","0","0","0","0","0","0","3","","","","","","70535173","7.61097","7.76491","2.8378","93","58437","thing","Five Tribes: The Djinns of Naqala","2","4","80","80","40","2014","2,3,4","2","12+","No necessary in-game text","","","","","","standalone","","","","",""
"Flags around the World","273919","0","0","0","1","0","0","0","0","0","0","0","3","","","","","","95909127","0","5.94759","0","0","105","thing","Flags around the World","2","6","60","60","45","2014","","","10+","","","","","","","standalone","","","","",""
"Flamecraft","336986","0","0","0","1","0","0","0","0","0","0","0","3","","","","","","104204417","7.09417","7.38632","2.1857","395","41044","thing","Flamecraft","1","5","60","60","60","2022","1,2,3,4,5","3","8+","Moderate in-game text - needs crib sheet or paste ups","","","","","","standalone","","","","",""
"Flash Point: Fire Rescue","100901","0","0","0","1","0","0","0","0","0","0","0","3","","","","","","70535181","6.97179","7.14789","2.1976","523","40316","thing","Flash Point: Fire Rescue","2","6","45","45","45","2011","1,2,3,4,5,6","4","8+","Some necessary text - easily memorized or small crib sheet","","","","","","standalone","","","","",""
"Flourish","312618","0","0","0","1","0","0","0","0","0","0","0","3","","","","","","95907483","5.958","6.67224","1.8511","3368","3952","thing","Flourish","1","7","60","60","20","2021","1,2,3,4,5,6,7","4","8+","No necessary in-game text","","","","","","standalone","","","","",""
"Formafogó","258314","0","0","0","1","0","0","0","0","0","0","0","3","","","","","","85440584","0","6.79167","0","0","24","thing","Go Figure","2","6","30","30","15","2018","","","","","","","","","","standalone","","","","",""
"Four Gardens","296043","0","0","0","1","0","0","0","0","0","0","0","3","","","","","","95908626","6.07483","6.89983","2.2642","2726","3624","thing","Four Gardens","2","4","45","45","45","2020","2,3,4","2","8+","No necessary in-game text","","","","","","standalone","","","","",""
"Foztogatók","258636","0","0","0","1","0","0","0","0","0","0","0","3","","","","","","85440588","5.61298","7.06163","1.5","8572","487","thing","Looterz: Rigor Mortis","2","6","40","40","30","2018","2,3,4,5,6","4","10+","Moderate in-game text - needs crib sheet or paste ups","","","","","","standalone","","","","",""
"Framework","353152","0","0","0","1","0","0","0","0","0","0","0","3","","","","","","95907890","6.11801","7.01469","1.7778","2532","1890","thing","Framework","1","4","30","30","30","2022","1,2,3,4","2","8+","No necessary in-game text","","","","","","standalone","","","","",""
"Frász-karikatúra","283212","0","0","0","1","0","0","0","0","0","0","0","3","","","","","","132150452","6.03074","7.07677","1.0741","2942","2934","thing","MonsDRAWsity","3","8","30","30","5","2025","4,5,6,7,8","6","6+","No necessary in-game text","","","","","","standalone","","Reflexshop","Hungarian","2025","Hungarian edition"
"Fröccs","321506","0","0","0","1","0","0","0","0","0","0","0","3","","","","","","85440645","5.6189","6.73277","1.52","8327","842","thing","Fröccs","2","6","30","30","30","2020","2,3,4,5,6","3,4","10+","Some necessary text - easily memorized or small crib sheet","","","","","","standalone","","","","",""
"Froggit","301442","0","0","0","1","0","0","0","0","0","0","0","3","","","","","","132151167","5.52507","6.48594","1.5","17445","165","thing","Froggit","2","6","20","20","20","2020","","","4+","","","","","","","standalone","","","","",""
"Fruit Passion","176678","0","0","0","1","0","0","0","0","0","0","0","3","","","","","","85440679","5.55391","6.82","2.1667","12499","295","thing","Fruit Passion","1","5","25","25","25","2015","1,2,3,4,5","3,4","6+","No necessary in-game text","","","","","","standalone","","","","",""
"Fun Facts","370164","0","0","0","1","0","0","0","0","0","0","0","3","","","","","","104204373","6.35486","7.04319","1.0357","1664","5262","thing","Fun Facts","4","8","30","30","30","2022","4,5,6,7,8","6,7,8","8+","Extensive use of text - massive conversion needed to be playable","","","","","","standalone","","","","",""
"Furnace","318084","0","0","0","1","0","0","0","0","0","0","0","3","","","","","","95907458","7.08291","7.39157","2.322","405","19210","thing","Furnace","2","4","60","60","30","2020","2,3,4","3,4","10+","Some necessary text - easily memorized or small crib sheet","","","","","","standalone","","","","",""
"Fxszfej haverok","306142","0","0","0","1","0","0","0","0","0","0","0","3","","","","","","132150461","5.47177","5.33539","1","28437","558","thing","Shitty Friends","3","22","40","40","20","2024","3,4,5,6,7,8,9,10,11,12,13,14,15","6,9,10,11","16+","Unplayable in another language","","","","","","standalone","","Bureau de Juegos; Reflexshop","Hungarian","2024","Hungarian edition"
"G.E.C. - Gátlástalan Elvetemültségek Cenzúrázatlanul","256640","0","0","0","1","0","0","0","0","0","0","0","3","","","","","","132150472","5.52617","6.00591","1","17166","772","thing","H.D.P.: Hasta Donde Puedas","4","12","90","90","30","2024","4,5,6,7,8,9,10","5,6,7,8","16+","Unplayable in another language","","","","","","standalone","","Bureau de Juegos; Reflexshop","Hungarian","2024","Hungarian edition"
"Galaxy Trucker","31481","0","0","0","1","0","0","0","0","0","0","0","3","","","","","","70535215","7.18931","7.32699","2.3292","310","39675","thing","Galaxy Trucker","2","4","60","60","60","2007","2,3,4","4","10+","Some necessary text - easily memorized or small crib sheet","","","","","","standalone","","","","",""
"Ganz Schön Clever","244522","0","0","0","1","0","0","0","0","0","0","0","3","","","","","","70535203","7.3667","7.55637","1.8562","197","44855","thing","That's Pretty Clever!","1","4","30","30","30","2018","1,2,3,4","2","8+","No necessary in-game text","","","","","","standalone","","","","",""
"Get on Board: New York & London","347013","0","0","0","1","0","0","0","0","0","0","0","3","","","","","","104204337","6.3513","6.94976","1.8906","1675","6011","thing","Get on Board: New York & London","2","5","30","30","30","2022","2,3,4,5","3","8+","No necessary in-game text","","","","","","standalone","","","","",""
"God of War: A kártyajáték","278120","0","0","0","1","0","0","0","0","0","0","0","3","","","","","","132150491","5.79816","6.5408","2.5172","4712","3239","thing","God of War: The Card Game","1","4","180","180","90","2020","1,2,3,4","2","10+","Extensive use of text - massive conversion needed to be playable","","","","","","standalone","","CMON Global Limited; Delta Vision Publishing","Hungarian","2020","Hungarian edition"
"Gombaszedés az elvarázsolt erdőben","307380","0","0","0","1","0","0","0","0","0","0","0","3","","","","","","85440663","0","4.1875","1","0","14","thing","Granna Mushrooming in The Magic Forest","2","4","0","0","0","2017","2,3,4","4","4–6","","","","","","","standalone","","","","",""
"Gonzaga","57163","0","0","0","1","0","0","0","0","0","0","0","3","","","","","","85440667","5.79783","6.59757","2.4699","4716","1141","thing","Gonzaga","2","4","60","60","30","2009","2,3,4","4","8+","No necessary in-game text","","","","","","standalone","","","","",""
"El Grande","93","0","0","0","1","0","0","0","0","0","0","0","3","","","","","","132150305","7.58879","7.76649","2.9373","99","34007","thing","El Grande","2","5","120","120","60","2024","3,4,5","5","12+","Moderate in-game text - needs crib sheet or paste ups","","","","","","standalone","","Gém Klub Kft.","Hungarian","2024","Hungarian edition"
"The Great Dalmuti","929","0","0","0","1","0","0","0","0","0","0","0","3","","","","","","70535949","6.31004","6.59526","1.2847","1795","15468","thing","The Great Dalmuti","4","8","60","60","60","1995","5,6,7,8","6,7","8+","No necessary in-game text","","","","","","standalone","","","","",""
"Gulyás","372882","0","0","0","1","0","0","0","0","0","0","0","3","","","","","","104204342","0","7.36364","2","0","21","thing","Gulyás","2","4","30","30","15","2022","","","","","","","","","","standalone","","","","",""
"Gyémántvadászok","15512","0","0","0","1","0","0","0","0","0","0","0","3","","","","","","85440673","6.70707","6.84598","1.1155","883","31724","thing","Diamant","3","8","40","40","20","2005","3,4,5,6,7,8","6,7,8","6+","No necessary in-game text","","","","","","standalone","","","","",""
"Gyűrűháború: A kártyajáték","362944","0","0","0","1","0","0","0","0","0","0","0","3","","","","","","132150523","6.84666","7.62036","2.9865","686","10489","thing","War of the Ring: The Card Game","2","4","120","120","90","2023","2,4","4","12+","Extensive use of text - massive conversion needed to be playable","","","","","","standalone","","Gém Klub Kft.","Hungarian","2023","Hungarian edition"
"A Gyűrűk Ura: Párbaj Középföldéért","421006","0","0","0","1","0","0","0","0","0","0","0","3","","","","","","132149231","7.91525","8.35993","2.0647","29","32637","thing","The Lord of the Rings: Duel for Middle-earth","2","2","30","30","30","2024","2","2","10+","No necessary in-game text","","","","","","standalone","","Gém Klub Kft.","Hungarian","2024","Hungarian edition"
"Hadara","269144","0","0","0","1","0","0","0","0","0","0","0","3","","","","","","70535223","6.94227","7.38547","2.2087","562","9442","thing","Hadara","2","5","60","60","45","2019","2,3,4,5","4,5","10+","No necessary in-game text","","","","","","standalone","","","","",""
"Hadrian's Wall","304783","0","0","0","1","0","0","0","0","0","0","0","3","","","","","","95907906","7.41433","7.89092","3.1671","164","16889","thing","Hadrian's Wall","1","6","60","60","30","2021","1,2,3","1","12+","Some necessary text - easily memorized or small crib sheet","","","","","","standalone","","","","",""
"Halfogócska","8203","0","0","0","1","0","0","0","0","0","0","0","3","","","","","","70535225","6.57492","6.70048","1.446","1131","29820","thing","Hey, That's My Fish!","2","4","20","20","20","2003","2,3,4","3","6+","No necessary in-game text","","","","","","standalone","","","","",""
"Hallatlan","359893","0","0","0","1","0","0","0","0","0","0","0","3","","","","","","132150537","5.9174","6.73759","1","3653","3382","thing","Sounds Fishy","4","10","30","30","30","2023","5,6,7,8,9,10","6,7,8,9","10+","Extensive use of text - massive conversion needed to be playable","","","","","","standalone","","Reflexshop","Hungarian","2023","Hungarian edition"
"Halloween","374585","0","0","0","1","0","0","0","0","0","0","0","3","","","","","","132151681","0","5.44444","2","0","27","thing","Halloween","2","8","30","30","20","2022","6","6","","","","","","","","standalone","","","","",""
"Hammhalom","371055","0","0","0","1","0","0","0","0","0","0","0","3","","","","","","132311586","5.61878","6.48487","1","8332","766","thing","Buffet Boss","1","5","25","25","15","2025","2,3,4,5","3,4","","","","","","","","standalone","","Reflexshop","Hungarian","2025","Hungarian edition"
"Hanabi","98778","0","0","0","1","0","0","0","0","0","0","0","3","","","","","","70535258","6.92393","7.03084","1.6917","583","88371","thing","Hanabi","2","5","25","25","25","2010","2,3,4,5","4","10+","No necessary in-game text","","","","","","standalone","","","","",""
"Hanamikoji","158600","0","0","0","1","0","0","0","0","0","0","0","3","","","","","","70535270","7.22783","7.45575","1.6771","275","34117","thing","Hanamikoji","2","2","15","15","15","2013","2","2","8+","No necessary in-game text","","","","","","standalone","","","","",""
"Happy Little Dinosaurs","325414","0","0","0","1","0","0","0","0","0","0","0","3","","","","","","95907675","5.80773","6.16207","1.3387","4594","13372","thing","Happy Little Dinosaurs","2","4","60","60","30","2021","3,4","4","8+","Extensive use of text - massive conversion needed to be playable","","","","","","standalone","","","","",""
"Haramiau szelencéje","364008","0","0","0","1","0","0","0","0","0","0","0","3","","","","","","132150571","5.76246","6.91341","1.25","5148","1229","thing","Maudit Mot Dit","3","6","30","30","30","2023","3,4,5,6","4,5","10+","Extensive use of text - massive conversion needed to be playable","","","","","","standalone","","Reflexshop","Hungarian","2023","Hungarian edition"
"Harmónia","414317","0","0","0","1","0","0","0","0","0","0","0","3","","","","","","132150577","7.70794","8.02334","2.0136","67","38350","thing","Harmonies","1","4","45","45","30","2024","1,2,3,4","2,3","8+","No necessary in-game text","","","","","","standalone","","Gém Klub Kft.; Libellud","Hungarian","2024","Hungarian edition"
"Harry Potter: A halálfalók felemelkedése","283211","0","0","0","1","0","0","0","0","0","0","0","3","","","","","","85440800","5.92814","6.89463","2.3333","3575","3373","thing","Harry Potter: Death Eaters Rising","2","4","90","90","45","2019","2,3","3","10+","Moderate in-game text - needs crib sheet or paste ups","","","","","","standalone","","","","",""
"Harry Potter: Hogwarts Battle","199042","0","0","0","1","0","0","0","0","0","0","0","3","","","","","","95907944","7.05945","7.34612","2.0879","430","44161","thing","Harry Potter: Hogwarts Battle","2","4","60","60","30","2016","2,3,4","2,4","8+","Moderate in-game text - needs crib sheet or paste ups","","","","","","standalone","","","","",""
"Harry Potter: Hogwarts Battle – Defence Against the Dark Arts","254192","0","0","0","1","0","0","0","0","0","0","0","3","","","","","","95907948","6.32442","7.13142","1.7925","1752","7827","thing","Harry Potter: Hogwarts Battle – Defence Against the Dark Arts","2","2","60","60","30","2019","2","2","10+","Extensive use of text - massive conversion needed to be playable","","","","","","standalone","","","","",""
"Heat: Pedal to the Metal","366013","0","0","0","1","0","0","0","0","0","0","0","3","","","","","","108077043","7.79378","8.00631","2.2023","45","53754","thing","Heat: Pedal to the Metal","1","6","60","60","30","2022","1,2,3,4,5,6","5,6","8+","No necessary in-game text","","","","","","standalone","","","","",""
"Heaven & Ale - Mennyei ser","227789","0","0","0","1","0","0","0","0","0","0","0","3","","","","","","70535281","7.10646","7.53316","3.1735","381","11799","thing","Heaven & Ale","2","4","90","90","60","2017","2,3,4","4","12+","No necessary in-game text","","","","","","standalone","","","","",""
"Hellapagos","224272","0","0","0","1","0","0","0","0","0","0","0","3","","","","","","70535289","6.11992","6.57167","1.3516","2521","7976","thing","Hellapagos","3","12","20","20","20","2017","5,6,7,8,9,10,11,12","7,8,9","12+","Some necessary text - easily memorized or small crib sheet","","","","","","standalone","","","","",""
"Hello Dino","245694","0","0","0","1","0","0","0","0","0","0","0","3","","","","","","70535321","0","5.94118","0","0","34","thing","Hello Dino","2","4","15","0","15","2018","","","","","","","","","","standalone","","","","",""
"A Herceg Nyer!","373787","0","0","0","1","0","0","0","0","0","0","0","3","","","","","","104204041","5.53085","7.1963","2","16040","135","thing","A Herceg Nyer!","1","5","30","30","30","2022","2,3,4,5","4","8+","Some necessary text - easily memorized or small crib sheet","","","","","","standalone","","","","",""
"Herd Mentality","311322","0","0","0","1","0","0","0","0","0","0","0","3","","","","","","105100432","6.12185","6.62144","1","2512","8457","thing","Herd Mentality","4","20","30","30","20","2020","5,6,7,8,9,10,11,12,13,14,15","7,8","10+","Moderate in-game text - needs crib sheet or paste ups","","","","","","standalone","","","","",""
"Here to Slay","299252","0","0","0","1","0","0","0","0","0","0","0","3","","","","","","95907625","6.42096","6.88182","1.6809","1493","23478","thing","Here to Slay","2","6","60","60","30","2020","2,3,4,5","3,4","10+","Moderate in-game text - needs crib sheet or paste ups","","","","","","standalone","","","","",""
"Hexpanse","204143","0","0","0","1","0","0","0","0","0","0","0","3","","","","","","132150614","5.55302","6.43963","2.25","12596","591","thing","Hexpanse","2","4","60","60","30","2017","2,4","2","10+","No necessary in-game text","","","","","","standalone","","Korona Games","English","2017","English Captain edition"
"Hidden Leaders","320718","0","0","0","1","0","0","0","0","0","0","0","3","","","","","","95909057","6.20428","6.72836","1.8111","2173","6909","thing","Hidden Leaders","2","6","40","40","20","2022","3,4,5","4","10+","Moderate in-game text - needs crib sheet or paste ups","","","","","","standalone","","","","",""
"Hipp Hopp Hippo","339489","0","0","0","1","0","0","0","0","0","0","0","3","","","","","","85440819","0","7.03571","0","0","35","thing","Hipp Hopp Hippo","2","4","15","15","15","2020","","","","","","","","","","standalone","","","","",""
"Histrio","182120","0","0","0","1","0","0","0","0","0","0","0","3","","","","","","85440828","5.86083","6.53865","2.1667","4089","2667","thing","Histrio","2","5","40","40","40","2016","3,4,5","3,4","8+","Moderate in-game text - needs crib sheet or paste ups","","","","","","standalone","","","","",""
"Hive","2655","0","0","0","1","0","0","0","0","0","0","0","3","","","","","","70535326","7.16966","7.3174","2.3149","325","56422","thing","Hive","2","2","20","20","20","2001","2","2","8+","No necessary in-game text","","","","","","standalone","","","","",""
"Hive: Katicabogár","70704","0","0","0","1","0","0","0","0","0","0","0","3","","","","","","85440842","6.63594","7.60974","2.1739","0","9685","thing","Hive: The Ladybug","2","2","20","20","20","2010","2","2","10+","No necessary in-game text","","","","","","expansion","","","","",""
"Hive: Pincebogár ","139666","0","0","0","1","0","0","0","0","0","0","0","3","","","","","","85440836","6.72845","7.72469","2.4205","0","12451","thing","Hive: The Pillbug","2","2","20","20","20","2013","2","2","10+","No necessary in-game text","","","","","","expansion","","","","",""
"Hive: Szúnyog","30323","0","0","0","1","0","0","0","0","0","0","0","3","","","","","","85440839","6.72907","7.56559","2.242","0","11141","thing","Hive: The Mosquito","2","2","20","20","20","2007","2","2","8+","No necessary in-game text","","","","","","expansion","","","","",""
"Hoarders","281417","0","0","0","1","0","0","0","0","0","0","0","3","","","","","","85440855","5.50229","5.54566","1.0714","24293","683","thing","Hoarders","3","6","15","15","10","2019","3,4,5,6","6","6+","","","","","","","standalone","","","","",""
"A holnap társadalma","334986","0","0","0","1","0","0","0","0","0","0","0","3","","","","","","132311564","6.99471","7.68826","2.858","493","9656","thing","Daybreak","1","4","120","120","60","2025","1,2,3,4","2","10+","Moderate in-game text - needs crib sheet or paste ups","","","","","","standalone","","Gém Klub Kft.","Hungarian","2025","Hungarian edition"
"Holtak tele: Válaszúton","150376","0","0","0","1","0","0","0","0","0","0","0","3","","","","","","70535301","7.27818","7.44464","3.0133","247","68476","thing","Dead of Winter: A Crossroads Game","2","5","120","120","60","2014","3,4,5","4","12+","Extensive use of text - massive conversion needed to be playable","","","","","","standalone","","","","",""
"Homokcsapda","396655","0","0","0","1","0","0","0","0","0","0","0","3","","","","","","132150636","5.71068","6.66624","1.0769","5949","1085","thing","Quicksand","1","7","15","15","15","2024","2,3,4,5","2,4","8+","No necessary in-game text","","","","","","standalone","","Horrible Guild; Reflexshop","Hungarian","2024","Hungarian edition"
"Honfoglaló","56244","0","0","0","1","0","0","0","0","0","0","0","3","","","","","","70535304","5.49991","5.62768","1.8333","24897","253","thing","Honfoglaló","2","10","0","0","0","2012","2,3","3","","Extensive use of text - massive conversion needed to be playable","","","","","","standalone","","","","",""
"Hősök útja","238992","0","0","0","1","0","0","0","0","0","0","0","3","","","","","","85440876","6.6012","7.05487","2.0059","1070","13855","thing","Call to Adventure","1","4","60","60","30","2019","1,2,3,4","3","10+","Moderate in-game text - needs crib sheet or paste ups","","","","","","standalone","","","","",""
"House Flippers","282341","0","0","0","1","0","0","0","0","0","0","0","3","","","","","","85440874","5.49786","5.62264","1","25385","168","thing","House Flippers","2","4","15","15","10","2019","","","","","","","","","","standalone","","","","",""
"Hullámhossz","262543","0","0","0","1","0","0","0","0","0","0","0","3","","","","","","85440878","6.9798","7.21418","1.1199","509","30136","thing","Wavelength","2","12","45","45","30","2019","4,5,6,7,8,9,10,11,12","6,8","10+","Moderate in-game text - needs crib sheet or paste ups","","","","","","standalone","","","","",""
"hupp","355433","0","0","0","1","0","0","0","0","0","0","0","3","","","","","","132150648","6.48442","7.05082","1.3736","1329","7775","thing","boop.","2","2","30","30","20","2023","2","2","8+","No necessary in-game text","","","","","","standalone","","Gém Klub Kft.; Smirk & Dagger Games","Hungarian","2023","Hungarian edition"
"ICECOOL","177524","0","0","0","1","0","0","0","0","0","0","0","3","","","","","","70535339","6.55396","6.78313","1.0582","1172","20095","thing","ICECOOL","2","4","30","30","30","2016","2,3,4","4","5+","No necessary in-game text","","","","","","standalone","","","","",""
"Időfutár","184390","0","0","0","1","0","0","0","0","0","0","0","3","","","","","","104204355","0","5.96875","2","0","28","thing","Időfutár","2","6","90","90","60","2015","2,3,4,5,6","4","8","Unplayable in another language","","","","","","standalone","","","","",""
"Igen?","257991","0","0","0","1","0","0","0","0","0","0","0","3","","","","","","70535358","5.56725","6.24153","1","11291","636","thing","Igen?","2","6","60","60","30","2018","3,4,5,6","4","10+","Unplayable in another language","","","","","","standalone","","","","",""
"Igen? És...","289720","0","0","0","1","0","0","0","0","0","0","0","3","","","","","","70535359","5.50058","5.73933","1","24744","186","thing","Igen? És...","2","6","45","45","20","2019","3,4,5,6","5,6","14+","Unplayable in another language","","","","","","standalone","","","","",""
"Igenis, sötét nagyúr!","18723","0","0","0","1","0","0","0","0","0","0","0","3","","","","","","70535349","5.64078","5.83252","1.2821","7569","6522","thing","Aye, Dark Overlord! The Red Box","4","16","30","30","30","2005","4,5,6,7,8","5","8+","Some necessary text - easily memorized or small crib sheet","","","","","","standalone","","","","",""
"iKNOW","130680","0","0","0","1","0","0","0","0","0","0","0","3","","","","","","95907972","5.7815","6.35529","1.4167","4906","2361","thing","iKNOW","2","6","60","60","60","2012","3,4,5,6","5,6","14+","Extensive use of text - massive conversion needed to be playable","","","","","","standalone","","","","",""
"Imagine","191894","0","0","0","1","0","0","0","0","0","0","0","3","","","","","","70535370","6.32513","6.80915","1.0612","1748","8805","thing","Imagine","3","8","20","20","20","2015","3,4,5,6,7,8","4,5,6","8+","Moderate in-game text - needs crib sheet or paste ups","","","","","","standalone","","","","",""
"Imhotep","191862","0","0","0","1","0","0","0","0","0","0","0","3","","","","","","95907979","6.90274","7.12611","2.0111","608","23112","thing","Imhotep","2","4","40","40","40","2016","2,3,4","4","10+","Some necessary text - easily memorized or small crib sheet","","","","","","standalone","","","","",""
"Imperium: Classics","318184","0","0","0","1","0","0","0","0","0","0","0","3","","","","","","104204370","7.15365","7.68375","3.6098","339","16630","thing","Imperium: Classics","1","4","160","160","40","2021","1,2","1,2","14+","Extensive use of text - massive conversion needed to be playable","","","","","","standalone","","","","",""
"Indián Nyár","233678","0","0","0","1","0","0","0","0","0","0","0","3","","","","","","85440914","6.29436","6.75554","2.1529","1843","7031","thing","Indian Summer","1","4","60","60","15","2017","1,2,3,4","3","8+","No necessary in-game text","","","","","","standalone","","","","",""
"Intrikák háza","402283","0","0","0","1","0","0","0","0","0","0","0","3","","","","","","132614890","6.52397","7.26104","1.2989","1235","6762","thing","Courtisans","2","5","30","30","20","2024","2,3,4,5","4","8+","Some necessary text - easily memorized or small crib sheet","","","","","","standalone","","Reflexshop","Hungarian","2024","Hungarian edition"
"Invisible","244460","0","0","0","1","0","0","0","0","0","0","0","3","","","","","","70535374","5.51066","6.28898","1","21778","142","thing","Invisible","2","10","20","20","10","2018","","","5","No necessary in-game text","","","","","","standalone","","","","",""
"Irány a dicsőség!","246816","0","0","0","1","0","0","0","0","0","0","0","3","","","","","","73946098","5.99978","7.14344","1.931","3117","1899","thing","Tales of Glory","2","5","45","45","30","2018","2,3,4,5","3","8+","No necessary in-game text","","","","","","standalone","","","","",""
"Isla Dorada","68182","0","0","0","1","0","0","0","0","0","0","0","3","","","","","","70535378","6.12163","6.71277","2.16","2514","3365","thing","Isla Dorada","3","6","90","90","60","2010","3,4,5,6","4,5","8+","No necessary in-game text","","","","","","standalone","","","","",""
"Az ismeretlen bolygó","258779","0","0","0","1","0","0","0","0","0","0","0","3","","","","","","132149729","7.40046","7.76771","2.25","172","18972","thing","Planet Unknown","1","6","80","80","60","2022","1,2,3,4,5,6","4","10+","Moderate in-game text - needs crib sheet or paste ups","","","","","","standalone","","Gém Klub Kft.","Hungarian","2022","Hungarian edition"
"Istanbul","148949","0","0","0","1","0","0","0","0","0","0","0","3","","","","","","95907981","7.37614","7.53791","2.5831","188","38413","thing","Istanbul","2","5","60","60","40","2014","2,3,4,5","4","10+","No necessary in-game text","","","","","","standalone","","","","",""
"Istanbul: Mocha & Baksheesh","172505","0","0","0","1","0","0","0","0","0","0","0","3","","","","","","95907985","6.90416","7.89158","2.7379","0","10200","thing","Istanbul: Mocha & Baksheesh","2","5","60","60","40","2015","2,3,4,5","4","10+","Some necessary text - easily memorized or small crib sheet","","","","","","expansion","","","","",""
"It's a Wonderful World","271324","0","0","0","1","0","0","0","0","0","0","0","3","","","","","","95907845","7.39135","7.63468","2.3277","180","28897","thing","It's a Wonderful World","1","5","45","45","45","2019","1,2,3,4,5","4","10+","No necessary in-game text","","","","","","standalone","","","","",""
"It's a Wonderful World: Corruption & Ascension","298851","0","0","0","1","0","0","0","0","0","0","0","3","","","","","","95907850","6.6901","8.13214","2.6098","0","9123","thing","It's a Wonderful World: Corruption & Ascension","1","7","45","45","45","2020","1,2,3,4,5,6,7","3,4,5","12+","No necessary in-game text","","","","","","expansion","","","","",""
"It's Obvious","338747","0","0","0","1","0","0","0","0","0","0","0","3","","","","","","104204473","5.53175","6.20948","1.25","15863","236","thing","It's Obvious","3","6","30","30","20","2021","4","4","","No necessary in-game text","","","","","","standalone","","","","",""
"Jaipur","54043","0","0","0","1","0","0","0","0","0","0","0","3","","","","","","70535383","7.364","7.48159","1.4647","199","92231","thing","Jaipur","2","2","30","30","30","2009","2","2","8+","No necessary in-game text","","","","","","standalone","","","","",""
"A Jelszó: Vérfarkas","219215","0","0","0","1","0","0","0","0","0","0","0","3","","","","","","132149260","6.6496","7.10725","1.1573","989","10548","thing","Werewords","4","10","10","10","10","2024","4,5,6,7,8,9,10","6,7","8+","Extensive use of text - massive conversion needed to be playable","","","","","","standalone","","Reflexshop","Hungarian","2024","Hungarian edition"
"Jeruzsálem: Anno Domini","371972","0","0","0","1","0","0","0","0","0","0","0","3","","","","","","132150789","6.33247","7.5102","3.114","1731","4262","thing","Ierusalem: Anno Domini","1","4","90","90","90","2023","1,2,3,4","4","12+","No necessary in-game text","","","","","","standalone","","Devir; Vagabund","Hungarian","2023","Hungarian edition"
"Jógi","224271","0","0","0","1","0","0","0","0","0","0","0","3","","","","","","132150847","5.68912","6.34198","1.2222","6383","2082","thing","Yogi","3","12","20","20","15","2017","3,4,5,6,7,8,9,10","5,6,7,8","5+","Moderate in-game text - needs crib sheet or paste ups","","","","","","standalone","","Gém Klub Kft.","Hungarian","2017","Hungarian edition"
"Joking Hazard","193621","0","0","0","1","0","0","0","0","0","0","0","3","","","","","","132150869","5.95489","6.22219","1.0206","3394","16933","thing","Joking Hazard","3","10","90","90","30","2024","3,4,5,6,7","5","16+","Extensive use of text - massive conversion needed to be playable","","","","","","standalone","","Gém Klub Kft.","Hungarian","2024","Hungarian edition"
"Jórvík","193739","0","0","0","1","0","0","0","0","0","0","0","3","","","","","","132150875","6.14497","6.77844","2.3562","2406","4429","thing","Jórvík","2","5","90","90","45","2017","2,3,4,5","4","12+","No necessary in-game text","","","","","","standalone","","Piatnik","Hungarian","2017","Hungarian edition"
"Jungle Speed","8098","0","0","0","1","0","0","0","0","0","0","0","3","","","","","","95907998","6.24869","6.45593","1.1294","1995","23676","thing","Jungle Speed","2","10","10","10","10","1997","3,4,5,6,7,8,10","5,6","6+","No necessary in-game text","","","","","","standalone","","","","",""
"Kakaó","171499","0","0","0","1","0","0","0","0","0","0","0","3","","","","","","70533787","6.78397","7.07162","1.8225","764","14651","thing","Cacao","2","4","45","45","45","2015","2,3,4","3","8+","No necessary in-game text","","","","","","standalone","","","","",""
"Kaméleon","227072","0","0","0","1","0","0","0","0","0","0","0","3","","","","","","70535389","6.16925","6.51745","1.0562","2304","14181","thing","The Chameleon","3","8","15","15","15","2017","4,5,6,7,8","6,7","10+","Extensive use of text - massive conversion needed to be playable","","","","","","standalone","","","","",""
"Kanaloa","316525","0","0","0","1","0","0","0","0","0","0","0","3","","","","","","85440934","5.51927","6.24375","1","19089","128","thing","Kanaloa","3","5","25","25","20","2020","3,4,5","5","","","","","","","","standalone","","","","",""
"Kaotikus prototípus","157723","0","0","0","1","0","0","0","0","0","0","0","3","","","","","","132150897","5.499","5.6305","1.0625","0","2276","thing","We Didn't Playtest This at All with Chaos Pack Expansion","2","10","10","10","10","2024","3,4,5,6,7,8,9","5,6","12+","Unplayable in another language","","","","","","standalone","","Reflexshop","Hungarian","2024","Hungarian edition"
"Kapocsváros","421199","0","0","0","1","0","0","0","0","0","0","0","3","","","","","","132150905","5.89885","7.13774","1.0556","3797","1361","thing","Link City","2","6","30","30","30","2024","3,4,5,6","3","8+","Moderate in-game text - needs crib sheet or paste ups","","","","","","standalone","","Gém Klub Kft.","Hungarian","2024","Hungarian edition"
"Karak","241477","0","0","0","1","0","0","0","0","0","0","0","3","","","","","","104204380","6.44193","7.17237","1.2949","1442","8536","thing","Karak","2","5","45","45","45","2017","2,3,4,5","3,4","5+","No necessary in-game text","","","","","","standalone","","","","",""
"Kariba","84732","0","0","0","1","0","0","0","0","0","0","0","3","","","","","","104204383","6.26847","7.02746","1.061","1931","5627","thing","Kariba","2","4","15","15","15","2010","2,3,4","2","6+","No necessary in-game text","","","","","","standalone","","","","",""
"Kartográfusok","263918","0","0","0","1","0","0","0","0","0","0","0","3","","","","","","73946123","7.39717","7.56252","1.8865","175","59867","thing","Cartographers","1","100","45","45","30","2019","1,2,3,4,5,6,7,8","3,4","8+","Some necessary text - easily memorized or small crib sheet","","","","","","standalone","","","","",""
"Keltis","34585","0","0","0","1","0","0","0","0","0","0","0","3","","","","","","70535391","6.17449","6.42637","1.6393","2283","9182","thing","Keltis","2","4","30","30","30","2008","2,3,4","3","8+","No necessary in-game text","","","","","","standalone","","","","",""
"Képérzék","284108","0","0","0","1","0","0","0","0","0","0","0","3","","","","","","73946110","6.56555","7.2273","1.0357","1145","6425","thing","Pictures","3","5","30","30","20","2019","3,4,5","5","6+","No necessary in-game text","","","","","","standalone","","","","",""
"Kereszt és Félhold","351393","0","0","0","1","0","0","0","0","0","0","0","3","","","","","","95908008","0","8.43182","3.5","0","37","thing","Kereszt és Félhold","2","4","120","120","120","2022","2,4","2","12+","","","","","","","standalone","","","","",""
"Kill Kim","392806","0","0","0","1","0","0","0","0","0","0","0","3","","","","","","132150979","5.50747","6.11842","2","22780","102","thing","Kill Kim","5","10","30","30","20","2024","","","","","","","","","","standalone","","Reflexshop","Hungarian","2024","Hungarian edition"
"Kill The Unicorns - Táltosból szalonna","204602","0","0","0","1","0","0","0","0","0","0","0","3","","","","","","85440956","5.72862","6.82243","1.7727","5651","2381","thing","Kill The Unicorns","3","6","45","45","25","2019","3,4,5,6","4,5","8+","Some necessary text - easily memorized or small crib sheet","","","","","","standalone","","","","",""
"Kincsvadász","182189","0","0","0","1","0","0","0","0","0","0","0","3","","","","","","70535405","6.22488","6.74718","1.8929","2093","5521","thing","Treasure Hunter","2","6","40","40","40","2015","3,4,5,6","4","8+","No necessary in-game text","","","","","","standalone","","","","",""
"Kingdomino","204583","0","0","0","1","0","0","0","0","0","0","0","3","","","","","","70535408","7.17405","7.29236","1.2334","324","88411","thing","Kingdomino","2","4","25","25","15","2016","2,3,4","2,4","6+","No necessary in-game text","","","","","","standalone","","","","",""
"Kingdomino Origins","340041","0","0","0","1","0","0","0","0","0","0","0","3","","","","","","95908019","6.58117","7.46486","1.913","1117","6883","thing","Kingdomino Origins","2","4","40","40","20","2021","2,3,4","2,4","8+","No necessary in-game text","","","","","","standalone","","","","",""
"Kingdomino: Age of Giants","240909","0","0","0","1","0","0","0","0","0","0","0","3","","","","","","95908015","6.42184","7.16696","1.6591","0","11828","thing","Kingdomino: Age of Giants","2","5","20","20","15","2018","2,3,4,5","5","8+","No necessary in-game text","","","","","","expansion","","","","",""
"Királyi áru","183840","0","0","0","1","0","0","0","0","0","0","0","3","","","","","","70535409","6.74709","6.99325","2.2972","819","25396","thing","Oh My Goods!","2","4","30","30","30","2015","2,3,4","2","10+","No necessary in-game text","","","","","","standalone","","","","",""
"A kis herceg-Az én kis bolygóm","134453","0","0","0","1","0","0","0","0","0","0","0","3","","","","","","132149291","6.3627","6.88809","1.5792","1643","5110","thing","The Little Prince: Make Me a Planet","2","5","25","25","25","2015","2,3,4,5","2,4","8+","No necessary in-game text","","","","","","standalone","","Gém Klub Kft.","Hungarian","2015","Hungarian second edition"
"Kitchen Rush","223953","0","0","0","1","0","0","0","0","0","0","0","3","","","","","","85440982","6.59185","7.21383","2.1758","1097","7036","thing","Kitchen Rush","1","4","45","45","30","2017","1,2,3,4","4","10+","Some necessary text - easily memorized or small crib sheet","","","","","","standalone","","","","",""
"Kitchen Rush: Hozhatok desszertet?","249201","0","0","0","1","0","0","0","0","0","0","0","3","","","","","","85440990","5.68506","7.60729","2.6667","0","1705","thing","Kitchen Rush: Piece of Cake","1","4","45","45","30","2018","2,3,4","4","12+","Some necessary text - easily memorized or small crib sheet","","","","","","expansion","","","","",""
"Klank!: Lopakodj és arass zajos sikert!","201808","0","0","0","1","0","0","0","0","0","0","0","3","","","","","","70535450","7.60138","7.76547","2.2312","96","60607","thing","Clank!: A Deck-Building Adventure","2","4","60","60","30","2016","2,3,4","3","8+","Moderate in-game text - needs crib sheet or paste ups","","","","","","standalone","","","","",""
"KLASK","165722","0","0","0","1","0","0","0","0","0","0","0","3","","","","","","95908023","7.26","7.62627","1.0478","256","17062","thing","KLASK","2","2","10","10","10","2014","2","2","6+","No necessary in-game text","","","","","","standalone","","","","",""
"Kluster","277458","0","0","0","1","0","0","0","0","0","0","0","3","","","","","","132151000","6.15436","6.57479","1.0092","2359","9548","thing","Kluster","1","4","20","20","10","2018","2,3,4","3","6+","No necessary in-game text","","","","","","standalone","","","","",""
"Knit Wit","191982","0","0","0","1","0","0","0","0","0","0","0","3","","","","","","85440998","5.68472","6.04048","1.7368","6483","2515","thing","Knit Wit","2","8","15","15","15","2016","3,4,5,6,7,8","6","8+","Extensive use of text - massive conversion needed to be playable","","","","","","standalone","","","","",""
"KocKanári","245476","0","0","0","1","0","0","0","0","0","0","0","3","","","","","","85441003","6.56741","6.90566","1.3204","1141","12439","thing","CuBirds","2","5","20","20","20","2018","2,3,4,5","3","8+","No necessary in-game text","","","","","","standalone","","","","",""
"Kódfejtő","225694","0","0","0","1","0","0","0","0","0","0","0","3","","","","","","70535441","7.5456","7.76555","1.8316","115","43499","thing","Decrypto","3","8","45","45","15","2018","4,5,6,7,8","4,6","10+","Unplayable in another language","","","","","","standalone","","","","",""
"Kódok harca","227466","0","0","0","1","0","0","0","0","0","0","0","3","","","","","","85441011","6.20599","7.05811","1.7234","2166","3313","thing","Break the Code","2","4","15","15","15","2017","2,3,4","2","12+","Moderate in-game text - needs crib sheet or paste ups","","","","","","standalone","","","","",""
"Korokon át: A civilizáció új története","182028","0","0","0","1","0","0","0","0","0","0","0","3","","","","","","70535427","8.02335","8.2548","4.44","16","39433","thing","Through the Ages: A New Story of Civilization","2","4","120","120","120","2015","2,3,4","3","14+","Extensive use of text - massive conversion needed to be playable","","","","","","standalone","","","","",""
"Köszöntünk... álmaid városában!","233867","0","0","0","1","0","0","0","0","0","0","0","3","","","","","","70535437","7.35601","7.51246","1.8414","203","53324","thing","Welcome To...","1","100","25","25","25","2018","1,2,3,4,5,6,7,8,9,10,11","3,4","10+","No necessary in-game text","","","","","","standalone","","","","",""
"Következő megálló: London","353545","0","0","0","1","0","0","0","0","0","0","0","3","","","","","","132151076","6.92415","7.42431","1.4875","581","12089","thing","Next Station: London","1","4","30","30","25","2022","1,2,3,4","2,4","8+","No necessary in-game text","","","","","","standalone","","Gém Klub Kft.","Hungarian","2022","Hungarian edition"
"Középkor","403754","0","0","0","1","0","0","0","0","0","0","0","3","","","","","","132151083","6.40542","7.19898","2.0421","1538","4017","thing","Middle Ages","2","5","30","30","30","2024","2,3,4,5","3","10+","No necessary in-game text","","","","","","standalone","","Gém Klub Kft.; Studio H","Hungarian","2024","Hungarian edition"
"Kozmopolip","362020","0","0","0","1","0","0","0","0","0","0","0","3","","","","","","132151049","6.28218","7.19276","2.2075","1884","4533","thing","Cosmoctopus","1","4","90","90","60","2024","2,3,4","2","10+","Some necessary text - easily memorized or small crib sheet","","","","","","standalone","","Gém Klub Kft.; Lucky Duck Games","Hungarian","2024","Hungarian edition"
"Kulcskérdés","347112","0","0","0","1","0","0","0","0","0","0","0","3","","","","","","132151092","6.11379","7.30051","1.1786","2545","2170","thing","Secret Identity","3","8","40","40","20","2022","4,5,6,7,8","6,7,8","10+","No necessary in-game text","","","","","","standalone","","Funnyfox; Gém Klub Kft.","Hungarian","2022","Hungarian first edition"
"Kuruzslók Quedlinburgban","244521","0","0","0","1","0","0","0","0","0","0","0","3","","","","","","70535418","7.66905","7.80577","1.9416","75","89884","thing","Quacks","2","4","45","45","45","2018","2,3,4","4","8+","Moderate in-game text - needs crib sheet or paste ups","","","","","","standalone","","","","",""
"Kuruzslók Quedlinburgban: A javasasszonyok","269259","0","0","0","1","0","0","0","0","0","0","0","3","","","","","","85441026","7.36583","8.00129","2.0105","0","28411","thing","The Quacks of Quedlinburg: The Herb Witches","2","5","45","45","45","2019","2,3,4,5","3,4,5","8+","Moderate in-game text - needs crib sheet or paste ups","","","","","","expansion","","","","",""
"Kutyavilág kártyajáték","321957","0","0","0","1","0","0","0","0","0","0","0","3","","","","","","85441029","0","5.13636","2","0","43","thing","Kutyavilág kártyajáték","2","6","20","0","20","2019","2,3,4","3","","No necessary in-game text","","","","","","standalone","","","","",""
"Kütyük","246192","0","0","0","1","0","0","0","0","0","0","0","3","","","","","","70535424","7.07468","7.36501","2.0476","413","18290","thing","Gizmos","2","4","50","50","40","2018","2,3,4","3","8+","No necessary in-game text","","","","","","standalone","","","","",""
"Kwatro","119632","0","0","0","1","0","0","0","0","0","0","0","3","","","","","","73946052","5.77532","6.14583","1.9","4985","6224","thing","IOTA","2","4","30","30","30","2012","2,3,4","3","8+","No necessary in-game text","","","","","","standalone","","","","",""
"Lajka","325242","0","0","0","1","0","0","0","0","0","0","0","3","","","","","","95908479","0","6.35","1","0","19","thing","Lajka","2","4","30","30","15","2020","","","","No necessary in-game text","","","","","","standalone","","","","",""
"Lapzárta","352574","0","0","0","1","0","0","0","0","0","0","0","3","","","","","","132158125","6.59893","7.31854","2.0946","1073","8868","thing","Fit to Print","1","6","30","30","15","2024","1,2,3,4,5,6","4","10+","Some necessary text - easily memorized or small crib sheet","","","","","","standalone","","Gém Klub Kft.","Hungarian","2024","Hungarian edition"
"Last Message","331059","0","0","0","1","0","0","0","0","0","0","0","3","","","","","","95908615","5.87436","6.62983","1.0769","3975","2542","thing","Last Message","3","8","15","15","15","2021","3,4,5","4","8+","No necessary in-game text","","","","","","standalone","","","","",""
"Left Right Dilemma","370235","0","0","0","1","0","0","0","0","0","0","0","3","","","","","","104204117","5.54685","5.95563","1","13372","649","thing","Left Right Dilemma","3","6","30","30","30","2022","3,4,5,6","4,5,6","18+","","","","","","","standalone","","","","",""
"Légy résen!","158392","0","0","0","1","0","0","0","0","0","0","0","3","","","","","","70535455","5.69497","6.1195","1.234","6255","2691","thing","Stay Away!","4","12","60","60","15","2014","5,6,7,8,9,10,11","6,7,8","10+","Moderate in-game text - needs crib sheet or paste ups","","","","","","standalone","","","","",""
"Lélekpillangó","290000","0","0","0","1","0","0","0","0","0","0","0","3","","","","","","70535459","0","4.81818","1","0","23","thing","Lélekpillangó","2","6","60","60","15","2013","","","","","","","","","","standalone","","","","",""
"Lemming","153004","0","0","0","1","0","0","0","0","0","0","0","3","","","","","","85441052","5.69725","6.58804","1.4091","6205","593","thing","Lemminge: Wer Springt Zuerst?","2","5","30","30","30","2014","2,3,4,5","4,5","8+","No necessary in-game text","","","","","","standalone","","","","",""
"Leo","191538","0","0","0","1","0","0","0","0","0","0","0","3","","","","","","70535461","5.93868","6.68131","1.1429","3502","2470","thing","Leo","2","5","30","30","30","2016","2,3,4,5","5","5+","No necessary in-game text","","","","","","standalone","","","","",""
"Lépten-nyomon: Amszterdam","246297","0","0","0","1","0","0","0","0","0","0","0","3","","","","","","70535465","5.99478","6.567","1.3","3143","4966","thing","Shadows: Amsterdam","2","8","20","20","20","2018","2,4,5,6,8","6","8+","No necessary in-game text","","","","","","standalone","","","","",""
"Lighthouse Run","158971","0","0","0","1","0","0","0","0","0","0","0","3","","","","","","70535476","5.61474","6.53303","1.3333","8490","483","thing","Lighthouse Run","2","4","25","25","20","2018","2,3,4","4","6+","No necessary in-game text","","","","","","standalone","","","","",""
"Ligretto","943","0","0","0","0","0","0","0","0","0","0","0","3","","","","","","85441078","5.91936","6.18887","1.1683","3641","11727","thing","Ligretto","2","4","10","10","10","1988","3,4","4","6+","No necessary in-game text","","","","","","standalone","","","","",""
"Ligretto Dice","55835","0","0","0","0","0","0","0","0","0","0","0","3","","","","","","85441070","5.54962","5.79942","1.04","12983","925","thing","Ligretto Dice","2","4","20","20","20","2009","2,3,4","4","5+","No necessary in-game text","","","","","","standalone","","","","",""
"Living Forest","328479","0","0","0","1","0","0","0","0","0","0","0","3","","","","","","95907839","6.79712","7.23309","2.2125","741","12905","thing","Living Forest","1","4","40","40","40","2021","2,3,4","3","10+","No necessary in-game text","","","","","","standalone","","","","",""
"Llamaland","330038","0","0","0","1","0","0","0","0","0","0","0","3","","","","","","104204415","6.43176","7.27554","2.0303","1467","5370","thing","Llamaland","2","4","45","45","45","2021","2,3,4","2","8+","No necessary in-game text","","","","","","standalone","","","","",""
"Llamasters: The Party Game","337998","0","0","0","1","0","0","0","0","0","0","0","3","","","","","","104204422","5.50456","8.12245","1.7895","23668","92","thing","Llamasters: The Party Game","2","5","30","30","10","2021","2,3,4,5","4,5","8+","","","","","","","standalone","","","","",""
"Lost Ruins of Arnak: Expedition Leaders","341254","0","0","0","1","0","0","0","0","0","0","0","3","","","","","","104204100","7.99128","8.69964","3.1058","0","32959","thing","Lost Ruins of Arnak: Expedition Leaders","1","4","120","120","30","2021","1,2,3,4","3","12+","Moderate in-game text - needs crib sheet or paste ups","","","","","","expansion","","","","",""
"LUNA Capital","323613","0","0","0","1","0","0","0","0","0","0","0","3","","","","","","105100402","6.19118","7.07641","2.2353","2227","4952","thing","LUNA Capital","1","4","45","45","45","2021","1,2,3,4","2","10+","No necessary in-game text","","","","","","standalone","","","","",""
"Lupos","301099","0","0","0","1","0","0","0","0","0","0","0","3","","","","","","85441084","5.536","6.41848","1.25","15027","361","thing","Lupos","1","5","30","30","30","2020","1,2,3,4","1,2","5+","No necessary in-game text","","","","","","standalone","","","","",""
"Luxor","245643","0","0","0","1","0","0","0","0","0","0","0","3","","","","","","70535481","6.64443","7.19957","1.9054","1000","6675","thing","Luxor","2","4","45","45","45","2018","2,3,4","3,4","8+","No necessary in-game text","","","","","","standalone","","","","",""
"Macskák szigete","281259","0","0","0","1","0","0","0","0","0","0","0","3","","","","","","85441092","7.38343","7.63072","2.355","184","42001","thing","The Isle of Cats","1","4","90","90","60","2019","1,2,3,4","3","8+","Moderate in-game text - needs crib sheet or paste ups","","","","","","standalone","","","","",""
"Magic Maze","209778","0","0","0","1","0","0","0","0","0","0","0","3","","","","","","70535494","6.78059","6.94052","1.7488","770","37158","thing","Magic Maze","1","8","15","15","15","2017","2,3,4,5,6","4","8+","No necessary in-game text","","","","","","standalone","","","","",""
"Mágikus erdő","383405","0","0","0","1","0","0","0","0","0","0","0","3","","","","","","132158228","0","6.66667","2","0","14","thing","Mágikus erdő","2","4","30","30","30","2022","3,4","4","","","","","","","","standalone","","Pagony játék","Hungarian","2022","Hungarian edition"
"Mágikus tekercsek","198455","0","0","0","1","0","0","0","0","0","0","0","3","","","","","","85441102","5.64163","6.53896","1.625","7552","801","thing","Mystic ScROLLS","2","4","15","15","15","2017","2,3,4","2","6+","Some necessary text - easily memorized or small crib sheet","","","","","","standalone","","","","",""
"Magyar népmesék: A társasjáték","217095","0","0","0","1","0","0","0","0","0","0","0","3","","","","","","70535500","5.51314","6.45585","2.4286","20966","170","thing","Magyar népmesék: A társasjáték","2","6","45","45","25","2015","3,4,5,6","3","5–10","","","","","","","standalone","","","","",""
"Mandala","264241","0","0","0","1","0","0","0","0","0","0","0","3","","","","","","104204430","6.9584","7.45214","1.78","543","11363","thing","Mandala","2","2","20","20","20","2019","2","2","10+","No necessary in-game text","","","","","","standalone","","","","",""
"Mandala Stones","317504","0","0","0","1","0","0","0","0","0","0","0","3","","","","","","95908535","6.13292","6.84308","1.8308","2460","5368","thing","Mandala Stones","2","4","30","30","30","2021","2,3,4","2","8+","Some necessary text - easily memorized or small crib sheet","","","","","","standalone","","","","",""
"Marabunta","403265","0","0","0","1","0","0","0","0","0","0","0","3","","","","","","132158287","6.18326","7.46065","2.1818","2252","2980","thing","Marabunta","2","2","30","30","30","2024","2","2","8+","No necessary in-game text","","","","","","standalone","","Gém Klub Kft.","Hungarian","2024","Hungarian edition"
"Marco Polo Kereskedő: Világutazó játék","171623","0","0","0","1","0","0","0","0","0","0","0","3","","","","","","70535510","7.54998","7.7678","3.1784","113","27679","thing","The Voyages of Marco Polo","2","4","100","100","40","2015","2,3,4","4","12+","No necessary in-game text","","","","","","standalone","","","","",""
"Mariposas","297978","0","0","0","1","0","0","0","0","0","0","0","3","","","","","","85441113","6.36146","6.75581","2.2025","1646","11920","thing","Mariposas","2","5","75","75","45","2020","2,3,4,5","3,4","10+","Some necessary text - easily memorized or small crib sheet","","","","","","standalone","","","","",""
"A Mars terraformálása: Kockajáték","296108","0","0","0","1","0","0","0","0","0","0","0","3","","","","","","132149297","6.60008","7.32008","2.4098","1071","9318","thing","Terraforming Mars: The Dice Game","1","4","45","45","45","2023","1,2,3,4","2","10+","Some necessary text - easily memorized or small crib sheet","","","","","","standalone","","Reflexshop","Hungarian","2023","Hungarian edition"
"Marvel Zombies: A Zombicide Game","351817","0","0","0","1","0","0","0","0","0","0","0","3","","","","","","132158766","6.69372","7.94128","2.4098","909","8136","thing","Marvel Zombies: A Zombicide Game","1","6","60","60","60","2023","1,2,3,4,5,6","2,4","10+","Moderate in-game text - needs crib sheet or paste ups","","","","","","standalone","","","","",""
"Második esély","265683","0","0","0","1","0","0","0","0","0","0","0","3","","","","","","73945908","6.05102","6.65256","1.1489","2853","4008","thing","Second Chance","1","6","15","15","10","2019","1,2,3,4,5,6","2,3,4","8+","No necessary in-game text","","","","","","standalone","","","","",""
"Match Madness","204498","0","0","0","1","0","0","0","0","0","0","0","3","","","","","","132158787","5.6118","6.2569","1.0714","8641","1211","thing","Match Madness","1","4","20","20","10","2018","1,2,3,4","2,3","6+","No necessary in-game text","","","","","","standalone","","FoxMind; Reflexshop","Hungarian","2018","Hungarian edition"
"Mátyás","261117","0","0","0","1","0","0","0","0","0","0","0","3","","","","","","85441121","0","5.96111","3","0","52","thing","Mátyás","2","4","120","120","60","2018","2,3,4","3,4","12+","","","","","","","standalone","","","","",""
"Mea Culpa","203624","0","0","0","1","0","0","0","0","0","0","0","3","","","","","","95908544","5.58561","6.20199","3.0769","9994","509","thing","Mea Culpa","2","4","90","90","90","2016","3,4","4","12+","No necessary in-game text","","","","","","standalone","","","","",""
"Meadow","314491","0","0","0","1","0","0","0","0","0","0","0","3","","","","","","95909133","7.3344","7.70871","2.2525","213","24510","thing","Meadow","1","4","90","90","60","2021","1,2,3,4","2","10+","No necessary in-game text","","","","","","standalone","","","","",""
"Meeple Circus","193214","0","0","0","1","0","0","0","0","0","0","0","3","","","","","","73946106","6.58824","7.01551","1.4087","1106","10144","thing","Meeple Circus","2","5","45","45","45","2017","2,3,4,5","4,5","6+","Some necessary text - easily memorized or small crib sheet","","","","","","standalone","","","","",""
"Memoarrr!","230383","0","0","0","1","0","0","0","0","0","0","0","3","","","","","","85441129","6.21521","6.88571","1.22","2128","5018","thing","Memoarrr!","2","4","20","20","10","2017","2,3,4","4","5+","No necessary in-game text","","","","","","standalone","","","","",""
"Memoir '44","10630","0","0","0","1","0","0","0","0","0","0","0","3","","","","","","104204437","7.33426","7.53248","2.2735","214","42543","thing","Memoir '44","2","8","60","60","30","2004","2","2","8+","Moderate in-game text - needs crib sheet or paste ups","","","","","","standalone","","","","",""
"Memorinth","298018","0","0","0","1","0","0","0","0","0","0","0","3","","","","","","73945904","5.49945","5.56063","1.2","25010","292","thing","Memorinth","2","4","30","30","15","2020","2,3,4","2","6–16","","","","","","","standalone","","","","",""
"Menekülés a vulkánszigetről","425428","0","0","0","1","0","0","0","0","0","0","0","3","","","","","","132158944","6.45875","7.43015","1.4516","1394","6043","thing","Survive The Island","2","5","45","45","45","2024","2,3,4,5","4","6+","Some necessary text - easily memorized or small crib sheet","","","","","","standalone","","Zygomatic","Hungarian","2024","Hungarian edition"
"Mercado","244794","0","0","0","1","0","0","0","0","0","0","0","3","","","","","","70535518","5.72224","6.52606","1.7895","5746","1585","thing","Mercado","2","4","30","30","30","2018","2,3,4","4","8+","No necessary in-game text","","","","","","standalone","","","","",""
"Messina 1347","238799","0","0","0","1","0","0","0","0","0","0","0","3","","","","","","104204446","6.73026","7.50895","3.599","844","6982","thing","Messina 1347","1","4","140","140","60","2021","1,2,3,4","3","12+","No necessary in-game text","","","","","","standalone","","","","",""
"Metro","559","0","0","0","1","0","0","0","0","0","0","0","3","","","","","","70535522","6.12448","6.36752","1.6845","2499","8610","thing","Metro","2","6","30","30","30","1997","2,3,4,5,6","2","8+","No necessary in-game text","","","","","","standalone","","","","",""
"Metro X","248861","0","0","0","1","0","0","0","0","0","0","0","3","","","","","","85441150","6.26339","7.09274","1.7407","1943","3918","thing","Metro X","1","6","20","20","20","2018","1,2,3,4,5,6","1,2","10+","No necessary in-game text","","","","","","standalone","","","","",""
"Micsoda Pech #!?","12942","0","0","0","1","0","0","0","0","0","0","0","3","","","","","","70535602","6.95392","7.07996","1.1311","544","44765","thing","No Thanks!","3","7","20","20","20","2004","3,4,5,6,7","4,5","8+","No necessary in-game text","","","","","","standalone","","","","",""
"The Mind","244992","0","0","0","1","0","0","0","0","0","0","0","3","","","","","","70535960","6.60366","6.72799","1.0753","1062","66020","thing","The Mind","2","4","20","20","20","2018","2,3,4","4","8+","No necessary in-game text","","","","","","standalone","","","","",""
"The Mind Extreme","287607","0","0","0","1","0","0","0","0","0","0","0","3","","","","","","95908893","5.99995","6.89079","1.3421","3114","4226","thing","The Mind Extreme","2","4","20","20","20","2019","2,3,4","4","10+","No necessary in-game text","","","","","","standalone","","","","",""
"Mind MGMT: A paranormális kémkedés „játéka""","284653","0","0","0","1","0","0","0","0","0","0","0","3","","","","","","132159055","7.18252","7.81195","2.9184","314","15464","thing","Mind MGMT: The Psychic Espionage “Game.”","1","5","60","60","60","2024","1,2,3,4,5","2,3","12+","Some necessary text - easily memorized or small crib sheet","","","","","","standalone","","Off the Page Games; Reflexshop","Hungarian","2024","Hungarian edition"
"Mists over Carcassonne","358124","0","0","0","1","0","0","0","0","0","0","0","3","","","","","","104204204","6.42397","7.29314","2.1455","1486","7333","thing","Mists over Carcassonne","1","5","35","35","35","2022","1,2,3,4","2","8+","No necessary in-game text","","","","","","standalone","","","","",""
"Mondrian","234137","0","0","0","1","0","0","0","0","0","0","0","3","","","","","","132159354","0","6.9152","0","0","74","thing","Mondrian","2","4","120","120","90","2019","","","","","","","","","","standalone","","","","",""
"Monopolis","371057","0","0","0","1","0","0","0","0","0","0","0","3","","","","","","104204452","5.52038","7.43226","2","18781","44","thing","Monopolis","2","4","60","60","60","2022","","","","","","","","","","standalone","","","","",""
"MONSTER PARK","270271","0","0","0","1","0","0","0","0","0","0","0","3","","","","","","85441167","5.50043","5.698","1","24775","72","thing","MONSTER PARK","2","4","40","40","20","2019","4","4","4+","","","","","","","standalone","","","","",""
"Morels","122298","0","0","0","1","0","0","0","0","0","0","0","3","","","","","","104204336","6.6583","6.97757","1.7383","968","18828","thing","Morels","2","2","30","30","30","2012","2","2","10+","No necessary in-game text","","","","","","standalone","","","","",""
"Mr. Jack","21763","0","0","0","1","0","0","0","0","0","0","0","3","","","","","","70535624","6.77141","6.96211","2.1689","783","25078","thing","Mr. Jack","2","2","30","30","30","2006","2","2","10+","No necessary in-game text","","","","","","standalone","","","","",""
"MS Batory","233094","0","0","0","1","0","0","0","0","0","0","0","3","","","","","","85441178","5.52462","5.96891","2","17577","278","thing","MS Batory","2","4","60","60","30","2017","2,3,4","2","","Some necessary text - easily memorized or small crib sheet","","","","","","standalone","","","","",""
"Mu Csacsi","21854","0","0","0","1","0","0","0","0","0","0","0","3","","","","","","73945916","5.59653","6.14615","1.2368","9352","528","thing","Los Mampfos","2","5","20","20","20","2006","2,3,4,5","3,4","5–10","No necessary in-game text","","","","","","standalone","","","","",""
"Műgyűjtők társasága","395375","0","0","0","1","0","0","0","0","0","0","0","3","","","","","","132159517","6.58822","7.49159","1.8625","1107","5999","thing","Art Society","2","4","60","60","30","2024","2,3,4","4","10+","No necessary in-game text","","","","","","standalone","","Gém Klub Kft.","Hungarian","2024","Hungarian edition"
"Múlt-Kor: A kocka el van vetve","291732","0","0","0","1","0","0","0","0","0","0","0","3","","","","","","73945944","0","7.46154","1.6667","0","28","thing","Múlt-Kor: A kocka el van vetve","3","6","60","60","30","2019","","","","Unplayable in another language","","","","","","standalone","","","","",""
"Munchkin","1927","0","0","0","1","0","0","0","0","0","0","0","3","","","","","","70535619","5.69226","5.87425","1.8161","6311","100351","thing","Munchkin","3","6","120","120","60","2001","3,4,5,6","4","10+","Extensive use of text - massive conversion needed to be playable","","","","","","standalone","","","","",""
"Múzsa: Sugallatok","252776","0","0","0","1","0","0","0","0","0","0","0","3","","","","","","70535612","5.69091","6.88398","1.125","6329","1187","thing","Muse: Awakenings","2","12","30","30","30","2018","4,5,6,7,8","6","8+","Moderate in-game text - needs crib sheet or paste ups","","","","","","standalone","","","","",""
"My First Matching Game","33058","0","0","0","1","0","0","0","0","0","0","0","3","","","","","","95907600","0","5","0","0","5","thing","My First Matching Game","1","4","15","15","15","1995","","","","","","","","","","standalone","","","","",""
"My Forest","268184","0","0","0","1","0","0","0","0","0","0","0","3","","","","","","95907608","0","6.25","0","0","10","thing","My Forest","2","4","20","20","20","2016","","","","","","","","","","standalone","","","","",""
"Mysterium","181304","0","0","0","1","0","0","0","0","0","0","0","3","","","","","","70535616","7.0552","7.19758","1.8893","435","81221","thing","Mysterium","2","7","42","42","42","2015","3,4,5,6,7","5,6","8+","No necessary in-game text","","","","","","standalone","","","","",""
"Mysterium Park","301767","0","0","0","1","0","0","0","0","0","0","0","3","","","","","","95908559","6.51704","7.01384","1.4375","1254","14335","thing","Mysterium Park","2","6","45","45","30","2020","2,3,4,5,6","4","8+","No necessary in-game text","","","","","","standalone","","","","",""
"Nagyon T-Rex!","289018","0","0","0","1","0","0","0","0","0","0","0","3","","","","","","85441193","5.52409","5.69419","1","17710","2701","thing","On a Scale of One to T-Rex","2","8","15","15","15","2019","4,5,6,7,8","6","6+","Moderate in-game text - needs crib sheet or paste ups","","","","","","standalone","","","","",""
"Navoria felfedezői","371932","0","0","0","1","0","0","0","0","0","0","0","3","","","","","","132311578","6.39035","7.53061","2.2436","1576","4127","thing","Explorers of Navoria","2","4","80","80","40","2024","2,3,4","3","10+","No necessary in-game text","","","","","","standalone","","Gém Klub Kft.","Hungarian","2024","Hungarian edition"
"Nekojima","359029","0","0","0","1","0","0","0","0","0","0","0","3","","","","","","132159605","6.22935","7.1813","1.0889","2076","4106","thing","Nekojima","1","5","30","30","15","2024","2,3,4,5","2","6+","No necessary in-game text","","","","","","standalone","","Gém Klub Kft.","Hungarian","2024","Hungarian edition"
"Nem én voltam!","241491","0","0","0","1","0","0","0","0","0","0","0","3","","","","","","70535631","5.90177","6.56435","1.025","3775","3766","thing","Who Did It?","3","6","15","15","15","2018","3,4,5,6","4,5","5+","No necessary in-game text","","","","","","standalone","","","","",""
"New York Királya","160499","0","0","0","1","0","0","0","0","0","0","0","3","","","","","","70535640","6.66003","6.86441","1.8717","965","27126","thing","King of New York","2","6","40","40","40","2014","3,4,5,6","4","8+","Moderate in-game text - needs crib sheet or paste ups","","","","","","standalone","","","","",""
"New York Zoo","300877","0","0","0","1","0","0","0","0","0","0","0","3","","","","","","95908605","6.6997","7.01512","1.9538","901","18013","thing","New York Zoo","1","5","60","60","30","2020","1,2,3,4","3","8+","No necessary in-game text","","","","","","standalone","","","","",""
"Niagara","13308","0","0","0","1","0","0","0","0","0","0","0","3","","","","","","70535647","6.23102","6.456","1.8346","2063","11495","thing","Niagara","3","5","45","45","30","2004","3,4,5","4,5","8+","No necessary in-game text","","","","","","standalone","","","","",""
"Nidavellir","293014","0","0","0","1","0","0","0","0","0","0","0","3","","","","","","85441201","7.2696","7.55831","2.1152","251","20268","thing","Nidavellir","2","5","45","45","45","2020","2,3,4,5","3","10+","No necessary in-game text","","","","","","standalone","","","","",""
"Northgard: Uncharted Lands","274124","0","0","0","1","0","0","0","0","0","0","0","3","","","","","","108077135","6.51949","7.58779","2.7549","1248","4551","thing","Northgard: Uncharted Lands","2","5","90","90","45","2022","2,3,4,5","4","12+","Moderate in-game text - needs crib sheet or paste ups","","","","","","standalone","","","","",""
"Nottingham bírája","157969","0","0","0","1","0","0","0","0","0","0","0","3","","","","","","70535656","6.91372","7.05072","1.6603","597","56275","thing","Sheriff of Nottingham","3","5","60","60","60","2014","3,4,5","5","8+","Some necessary text - easily memorized or small crib sheet","","","","","","standalone","","","","",""
"Nottingham bírája: Vidám fiúk","226065","0","0","0","1","0","0","0","0","0","0","0","3","","","","","","85441208","6.3921","7.52124","2","0","9304","thing","Sheriff of Nottingham: Merry Men","3","6","60","0","60","2017","3,4,5,6","5","8+","Moderate in-game text - needs crib sheet or paste ups","","","","","","expansion","","","","",""
"Nova Luna","284435","0","0","0","1","0","0","0","0","0","0","0","3","","","","","","85441215","6.89354","7.26171","1.8773","619","14274","thing","Nova Luna","1","4","60","60","30","2019","1,2,3,4","2","8+","No necessary in-game text","","","","","","standalone","","","","",""
"Nyet!","1107","0","0","0","1","0","0","0","0","0","0","0","3","","","","","","70535634","6.22992","6.78649","1.8932","2068","4950","thing","Nyet!","2","5","60","60","60","1997","3,4,5","4","10+","No necessary in-game text","","","","","","standalone","","","","",""
"Oceans","232414","0","0","0","1","0","0","0","0","0","0","0","3","","","","","","104204480","6.90145","7.40378","2.8494","611","13643","thing","Oceans","2","4","90","90","60","2020","2,3,4","3","10+","Moderate in-game text - needs crib sheet or paste ups","","","","","","standalone","","","","",""
"Offbeat","238529","0","0","0","1","0","0","0","0","0","0","0","3","","","","","","85441220","0","5.45455","0","0","30","thing","Offbeat","2","4","20","20","10","2017","","","","","","","","","","standalone","","","","",""
"OK Boomer!","313463","0","0","0","1","0","0","0","0","0","0","0","3","","","","","","132160024","5.46336","4.64592","1","28759","417","thing","OK Boomer!","2","8","60","60","30","2020","4,6,8","4,6","16+","","","","","","","standalone","","","","",""
"Old London Bridge","354273","0","0","0","1","0","0","0","0","0","0","0","3","","","","","","95908618","5.87106","7.14467","1.8966","4012","1117","thing","Old London Bridge","2","4","45","45","45","2022","2,3,4","4","8+","No necessary in-game text","","","","","","standalone","","","","",""
"Oltréé","293835","0","0","0","1","0","0","0","0","0","0","0","3","","","","","","104204486","6.42814","7.46118","2.2371","1478","5148","thing","Oltréé","2","4","60","60","60","2021","1,2,3,4","2","8+","Extensive use of text - massive conversion needed to be playable","","","","","","standalone","","","","",""
"OMFG!","318978","0","0","0","1","0","0","0","0","0","0","0","3","","","","","","132160043","0","5.25652","1","0","59","thing","OMFG!","3","8","60","60","30","2020","4,5,6,7","5,6","18+","","","","","","","standalone","","","","",""
"Onitama","160477","0","0","0","1","0","0","0","0","0","0","0","3","","","","","","70535662","7.14349","7.34183","1.6588","348","38092","thing","Onitama","2","2","20","20","15","2014","2","2","8+","No necessary in-game text","","","","","","standalone","","","","",""
"Orbito","383733","0","0","0","1","0","0","0","0","0","0","0","3","","","","","","132160057","5.59223","6.47663","1.2857","9554","675","thing","Orbito","2","2","10","10","10","2024","2","2","6+","No necessary in-game text","","","","","","standalone","","Reflexshop","Hungarian","2024","Hungarian edition"
"Oriflamme","287084","0","0","0","1","0","0","0","0","0","0","0","3","","","","","","95908622","6.55114","7.07878","1.6846","1174","8075","thing","Oriflamme","3","5","30","30","15","2019","3,4,5","4","10+","Some necessary text - easily memorized or small crib sheet","","","","","","standalone","","","","",""
"Ország-Város Betű-Téma","226256","0","0","0","1","0","0","0","0","0","0","0","3","","","","","","132160071","5.60479","6.76372","1.2","8947","425","thing","Password Express","2","10","20","20","15","2018","2,3,4,5,6,7,8,9,10","2,4,6,8","10+","Some necessary text - easily memorized or small crib sheet","","","","","","standalone","","Granna","Hungarian","2018","Hungarian edition"
"Őrült Lajos király két kastélya között","258036","0","0","0","1","0","0","0","0","0","0","0","3","","","","","","70535668","6.78994","7.22448","2.1883","755","11501","thing","Between Two Castles of Mad King Ludwig","2","7","60","60","45","2018","3,4,5,6,7","6","10+","No necessary in-game text","","","","","","standalone","","","","",""
"Ősi Jel","100423","0","0","0","1","0","0","0","0","0","0","0","3","","","","","","70535674","6.77954","6.96732","2.3441","772","43649","thing","Elder Sign","1","8","90","90","90","2011","1,2,3,4","4","12+","Some necessary text - easily memorized or small crib sheet","","","","","","standalone","","","","",""
"Othello","2389","0","0","0","1","0","0","0","0","0","0","0","3","","","","","","85441244","5.95351","6.15317","2.0717","3401","15797","thing","Othello","2","2","30","30","30","1883","2","2","8+","No necessary in-game text","","","","","","standalone","","","","",""
"Paint the Roses","253759","0","0","0","1","0","0","0","0","0","0","0","3","","","","","","105100471","6.39362","7.17427","2.4528","1565","4792","thing","Paint the Roses","2","5","70","70","50","2022","2,3,4,5","4","10+","Some necessary text - easily memorized or small crib sheet","","","","","","standalone","","","","",""
"Pandemic","30549","0","0","0","1","0","0","0","0","0","0","0","3","","","","","","70535680","7.41057","7.5193","2.3952","165","220198","thing","Pandemic","2","4","45","45","45","2008","1,2,3,4","4","10+","Some necessary text - easily memorized or small crib sheet","","","","","","standalone","","","","",""
"Pandemic: On the Brink","40849","0","0","0","1","0","0","0","0","0","0","0","3","","","","","","95908657","7.70037","8.03061","2.6531","0","53279","thing","Pandemic: On the Brink","2","5","45","45","45","2009","1,2,3,4,5","4","10+","Moderate in-game text - needs crib sheet or paste ups","","","","","","expansion","","","","",""
"Pandemic: Rapid Response","280789","0","0","0","1","0","0","0","0","0","0","0","3","","","","","","95908652","6.0763","6.55335","2.125","2719","9362","thing","Pandemic: Rapid Response","2","4","20","20","20","2019","2,3,4","2","10+","Some necessary text - easily memorized or small crib sheet","","","","","","standalone","","","","",""
"Panic Mansion","232045","0","0","0","1","0","0","0","0","0","0","0","3","","","","","","70535681","5.68621","6.12774","1.4167","6450","2303","thing","Shaky Manor","2","4","20","20","10","2017","2,3,4","4","6+","No necessary in-game text","","","","","","standalone","","","","",""
"Paper Dungeons: A Dungeon Scrawler Game","291962","0","0","0","1","0","0","0","0","0","0","0","3","","","","","","104204504","6.43","7.12476","2.1233","1473","7834","thing","Paper Dungeons: A Dungeon Scrawler Game","1","8","30","30","30","2020","1,2,3,4,5,6","3","10+","Moderate in-game text - needs crib sheet or paste ups","","","","","","standalone","","","","",""
"Parfum","172546","0","0","0","1","0","0","0","0","0","0","0","3","","","","","","70535689","5.89768","6.47536","2.1026","3809","3552","thing","Parfum","2","4","45","45","45","2015","2,3,4","3,4","8+","No necessary in-game text","","","","","","standalone","","","","",""
"Paris: La Cité de la Lumière","276498","0","0","0","1","0","0","0","0","0","0","0","3","","","","","","95908672","6.70427","7.23522","2.0136","891","12663","thing","Paris: La Cité de la Lumière","2","2","30","30","30","2019","2","2","8+","No necessary in-game text","","","","","","standalone","","","","",""
"Pass the Bomb: Chain Reaction","295124","0","0","0","1","0","0","0","0","0","0","0","3","","","","","","95908895","0","5.22727","1","0","36","thing","Pass the Bomb: Chain Reaction","3","12","15","15","15","2019","","","","","","","","","","standalone","","","","",""
"Pass the Bomb: Party Edition","63052","0","0","0","1","0","0","0","0","0","0","0","3","","","","","","95908908","5.5594","5.99097","1.0833","11957","1013","thing","Pass the Bomb: Party Edition","2","12","25","25","25","2007","4,5,6,7,8,9,10,11,12","7,8,9,10","10+","Unplayable in another language","","","","","","standalone","","","","",""
"Patchwork","163412","0","0","0","1","0","0","0","0","0","0","0","3","","","","","","85441265","7.47584","7.58286","1.5994","141","118660","thing","Patchwork","2","2","30","30","15","2014","2","2","6+","No necessary in-game text","","","","","","standalone","","","","",""
"Pencil Nose!","268839","0","0","0","1","0","0","0","0","0","0","0","3","","","","","","104204508","5.49475","5.24722","1","26083","108","thing","Pencil Nose!","4","20","30","30","20","2018","","","8","Extensive use of text - massive conversion needed to be playable","","","","","","standalone","","","","",""
"Pentago","19841","0","0","0","1","0","0","0","0","0","0","0","3","","","","","","70535694","6.01606","6.38784","1.8324","3007","7375","thing","Pentago","2","2","5","5","5","2005","2","2","8+","No necessary in-game text","","","","","","standalone","","","","",""
"Photosynthesis","218603","0","0","0","1","0","0","0","0","0","0","0","3","","","","","","70535698","6.77311","6.93818","2.2611","782","42247","thing","Photosynthesis","2","4","60","60","30","2017","2,3,4","3","10+","No necessary in-game text","","","","","","standalone","","","","",""
"Pia, ganja vagy idióta","193295","0","0","0","1","0","0","0","0","0","0","0","3","","","","","","132161124","5.3337","4.3118","1","29499","1686","thing","Drunk Stoned or Stupid: A Party Game","4","99","30","30","15","2023","4,5,6,7,8,9,10,11","6","16+","Extensive use of text - massive conversion needed to be playable","","","","","","standalone","","Reflexshop","Hungarian","2023","Hungarian edition"
"Pialógus","430887","0","0","0","1","0","0","0","0","0","0","0","3","","","","","","132161140","0","0","1","0","5","thing","Legless","3","99","60","60","30","0","","","","","","","","","","standalone","","Reflexshop","Hungarian","0","Hungarian edition"
"Pingvin légitársaság","369388","0","0","0","1","0","0","0","0","0","0","0","3","","","","","","132161171","5.73386","6.90944","1.3333","5574","1109","thing","Penguin Airlines","2","8","30","30","15","2024","2,4,6,8","4,6,8","8+","No necessary in-game text","","","","","","standalone","","Gém Klub Kft.","Hungarian","2024","Hungarian edition"
"Planet: Egy éledő világ a tenyeredben","252929","0","0","0","1","0","0","0","0","0","0","0","3","","","","","","70535707","6.29955","6.63455","1.5983","1823","11086","thing","Planet","2","4","45","45","30","2018","2,3,4","4","6+","No necessary in-game text","","","","","","standalone","","","","",""
"Port Royal","156009","0","0","0","1","0","0","0","0","0","0","0","3","","","","","","70535720","6.89594","7.10743","1.6281","617","27960","thing","Port Royal","2","5","50","50","20","2014","2,3,4,5","3,4","8+","No necessary in-game text","","","","","","standalone","","","","",""
"Port Royal: Big Box","331265","0","0","0","1","0","0","0","0","0","0","0","3","","","","","","95908686","6.73714","7.5391","1.7416","0","10192","thing","Port Royal: Big Box","1","5","50","50","20","2022","1,2,3,4,5","3,4","8+","Some necessary text - easily memorized or small crib sheet","","","","","","standalone","","","","",""
"Pöttyök","372559","0","0","0","1","0","0","0","0","0","0","0","3","","","","","","132161230","6.68167","7.13315","1.2815","926","12138","thing","Spots","1","4","30","30","25","2024","2,3,4","2,3","6+","Moderate in-game text - needs crib sheet or paste ups","","","","","","standalone","","Gém Klub Kft.","Hungarian","2024","Hungarian edition"
"Praga Caput Regni","308765","0","0","0","1","0","0","0","0","0","0","0","3","","","","","","95908692","7.38242","7.85269","3.73","185","15997","thing","Praga Caput Regni","1","4","150","150","45","2020","1,2,3,4","3","12+","No necessary in-game text","","","","","","standalone","","","","",""
"Project L","260180","0","0","0","1","0","0","0","0","0","0","0","3","","","","","","95908695","7.10783","7.45701","1.5534","378","21897","thing","Project L","1","4","40","40","20","2020","1,2,3,4","2,3","8+","No necessary in-game text","","","","","","standalone","","","","",""
"Quadropolis","176396","0","0","0","1","0","0","0","0","0","0","0","3","","","","","","95908698","6.94241","7.21439","2.2014","561","18675","thing","Quadropolis","2","4","60","60","30","2016","2,3,4","4","8+","No necessary in-game text","","","","","","standalone","","","","",""
"Quarto","681","0","0","0","1","0","0","0","0","0","0","0","3","","","","","","70535725","6.5672","6.9018","1.8763","1143","14700","thing","Quarto","2","2","20","20","20","1991","2","2","8+","No necessary in-game text","","","","","","standalone","","","","",""
"Queendomino","232043","0","0","0","1","0","0","0","0","0","0","0","3","","","","","","70535729","6.84429","7.14039","2.0704","690","23224","thing","Queendomino","2","4","25","25","25","2017","2,3,4","2","8+","No necessary in-game text","","","","","","standalone","","","","",""
"Quetzal","300700","0","0","0","1","0","0","0","0","0","0","0","3","","","","","","95908704","5.9395","6.78742","2.1591","3492","2209","thing","Quetzal","2","5","75","75","30","2020","2,3,4,5","3","10+","No necessary in-game text","","","","","","standalone","","","","",""
"Quinque","255027","0","0","0","1","0","0","0","0","0","0","0","3","","","","","","95908709","5.482","5.18209","2","27781","79","thing","Quinque","2","2","20","20","10","2018","2","2","8+","No necessary in-game text","","","","","","standalone","","","","",""
"Quoridor","624","0","0","0","1","0","0","0","0","0","0","0","3","","","","","","70535731","6.36176","6.64713","1.8237","1645","15254","thing","Quoridor","2","4","15","15","15","1997","2,4","2","8+","No necessary in-game text","","","","","","standalone","","","","",""
"Qwirkle","25669","0","0","0","1","0","0","0","0","0","0","0","3","","","","","","70535734","6.61332","6.77566","1.5829","1050","43122","thing","Qwirkle","2","4","45","45","45","2006","2,3,4","4","6+","No necessary in-game text","","","","","","standalone","","","","",""
"Radlands","329082","0","0","0","1","0","0","0","0","0","0","0","3","","","","","","104204555","7.36015","7.75941","2.2573","201","26706","thing","Radlands","2","2","40","40","20","2021","2","2","12+","Moderate in-game text - needs crib sheet or paste ups","","","","","","standalone","","","","",""
"Railroad Ink: Deep Blue Edition","245654","0","0","0","1","0","0","0","0","0","0","0","3","","","","","","95909042","6.89858","7.15267","1.4545","613","23007","thing","Railroad Ink: Deep Blue Edition","1","6","30","30","20","2018","1,2,3,4,5,6","2","8+","No necessary in-game text","","","","","","standalone","","","","",""
"Rainbow","341510","0","0","0","1","0","0","0","0","0","0","0","3","","","","","","132161305","5.55376","5.93659","1.0909","12513","744","thing","Rainbow","2","2","15","15","10","2022","2","2","6+","No necessary in-game text","","","","","","standalone","","Piatnik","Czech; German; Hungarian; Polish; Slovak","2022","CZE/GER/HUN/POL/SLO edition"
"Raise Your Goblets","202732","0","0","0","1","0","0","0","0","0","0","0","3","","","","","","95908713","5.73001","6.09588","1.375","5631","2890","thing","Raise Your Goblets","2","12","45","45","20","2016","4,5,6,8,10,12","6","8+","Some necessary text - easily memorized or small crib sheet","","","","","","standalone","","","","",""
"The Red Cathedral","227224","0","0","0","1","0","0","0","0","0","0","0","3","","","","","","95909075","7.33191","7.66862","2.8155","216","27394","thing","The Red Cathedral","1","4","80","80","80","2020","1,2,3,4","3","12+","No necessary in-game text","","","","","","standalone","","","","",""
"Reef","244228","0","0","0","1","0","0","0","0","0","0","0","3","","","","","","95908718","6.70644","7.00239","1.8182","888","15140","thing","Reef","2","4","45","45","30","2018","2,3,4","2","8+","No necessary in-game text","","","","","","standalone","","","","",""
"Renature","300001","0","0","0","1","0","0","0","0","0","0","0","3","","","","","","95908723","6.39197","7.09217","2.2267","1569","5241","thing","Renature","2","4","60","60","45","2020","2,3,4","3","10+","No necessary in-game text","","","","","","standalone","","","","",""
"Reworld","225163","0","0","0","1","0","0","0","0","0","0","0","3","","","","","","85441308","5.79093","6.63607","2.6415","4806","2058","thing","Reworld","2","4","90","90","50","2017","2,3,4","3","10+","No necessary in-game text","","","","","","standalone","","","","",""
"Rhino Hero Állati csete-paté","218333","0","0","0","1","0","0","0","0","0","0","0","3","","","","","","70535739","6.7074","7.21563","1.1","881","11258","thing","Rhino Hero: Super Battle","2","4","20","20","10","2017","2,3,4","3,4","5+","No necessary in-game text","","","","","","standalone","","","","",""
"Rizikó","181","0","0","0","1","0","0","0","0","0","0","0","3","","","","","","70535797","5.46574","5.60364","2.063","28672","65231","thing","Risk","2","6","120","120","120","1959","3,4,5,6","4","8+","No necessary in-game text","","","","","","standalone","","","","",""
"Robbanó cicák","172225","0","0","0","1","0","0","0","0","0","0","0","3","","","","","","70535806","5.88062","6.0659","1.08","3922","88303","thing","Exploding Kittens","2","5","15","15","15","2015","3,4,5","4,5","8+","Some necessary text - easily memorized or small crib sheet","","","","","","standalone","","","","",""
"Robbanó cicák: Partipakk","256804","0","0","0","1","0","0","0","0","0","0","0","3","","","","","","85441349","6.19228","7.06293","1.0667","2222","8387","thing","Exploding Kittens: Party Pack","2","10","15","15","15","2017","2,3,4,5,6,7,8,9,10","5,6","8+","Some necessary text - easily memorized or small crib sheet","","","","","","standalone","","","","",""
"Robinson Crusoe: Kalandok Az Elátkozott Szigeten","121921","0","0","0","1","0","0","0","0","0","0","0","3","","","","","","70535810","7.5535","7.72913","3.8255","112","74546","thing","Robinson Crusoe: Adventures on the Cursed Island","1","4","120","120","60","2012","1,2,3,4","1,2","12+","Extensive use of text - massive conversion needed to be playable","","","","","","standalone","","","","",""
"Rókanyomon","172931","0","0","0","1","0","0","0","0","0","0","0","3","","","","","","70535815","6.59652","7.13864","1.1014","1083","11450","thing","Outfoxed!","2","4","20","20","20","2014","2,3,4","3,4","4–10","No necessary in-game text","","","","","","standalone","","","","",""
"Rókavadászat","228141","0","0","0","1","0","0","0","0","0","0","0","3","","","","","","85441378","5.50445","5.88929","1","23705","99","thing","Fuchs du hast das Huhn gestohlen","2","4","25","25","15","2017","","","","","","","","","","standalone","","","","",""
"Roll Camera!: The Filmmaking Board Game","298102","0","0","0","1","0","0","0","0","0","0","0","3","","","","","","105100416","6.4575","7.39794","2.2133","1398","5472","thing","Roll Camera!: The Filmmaking Board Game","1","6","90","90","45","2021","1,2,3,4","3","10+","Extensive use of text - massive conversion needed to be playable","","","","","","standalone","","","","",""
"Roll Through the Ages: The Iron Age","150926","0","0","0","0","0","0","0","0","0","0","0","3","","","","","","95908057","5.90395","6.57858","2.2414","3755","2774","thing","Roll Through the Ages: The Iron Age","1","4","60","60","40","2014","1,2,3,4","2,3","10+","Moderate in-game text - needs crib sheet or paste ups","","","","","","standalone","","","","",""
"Roll Through the Ages: The Iron Age with Mediterranean Expansion","167828","0","0","0","1","0","0","0","0","0","0","0","3","","","","","","104204532","5.65198","6.94856","2.3","0","732","thing","Roll Through the Ages: The Iron Age with Mediterranean Expansion","1","4","30","30","30","2014","1,2,3,4","3","10+","","","","","","","standalone","","","","",""
"Róma dicsősége","349793","0","0","0","1","0","0","0","0","0","0","0","3","","","","","","132309453","5.7981","7.02933","2.6667","4713","1612","thing","Age of Rome","1","4","90","90","60","2023","1,2,4","4","12+","Moderate in-game text - needs crib sheet or paste ups","","","","","","standalone","","Gém Klub Kft.; Teetotum Game Studios","Hungarian","2023","Hungarian edition"
"Root","237182","0","0","0","1","0","0","0","0","0","0","0","3","","","","","","95908428","7.88053","8.06863","3.835","33","95739","thing","Root","2","4","90","90","60","2018","3,4","4","12+","Extensive use of text - massive conversion needed to be playable","","","","","","standalone","","","","",""
"Rory's Story Cubes: Harry Potter","316585","0","0","0","1","0","0","0","0","0","0","0","3","","","","","","95908867","5.51138","5.97015","1","21551","473","thing","Rory's Story Cubes: Harry Potter","1","99","10","10","10","2021","3,4,5,6","4,5","","No necessary in-game text","","","","","","standalone","","","","",""
"Roundforest","310076","0","0","0","1","0","0","0","0","0","0","0","3","","","","","","73946119","5.51464","6.30108","2.125","20507","222","thing","Roundforest","2","4","60","60","45","2020","2,3,4","4","8–14","No necessary in-game text","","","","","","standalone","","","","",""
"Rumini A Küldetés","184723","0","0","0","1","0","0","0","0","0","0","0","3","","","","","","85441382","0","5.33143","1.5","0","88","thing","Rumini A Küldetés","2","4","50","50","30","2011","2,3,4","2,3,4","6–12","Moderate in-game text - needs crib sheet or paste ups","","","","","","standalone","","","","",""
"Rumini: Kincsesláda","254190","0","0","0","1","0","0","0","0","0","0","0","3","","","","","","70535402","0","7","2","0","23","thing","Rumini: Kincsesláda","2","5","20","20","10","2018","2,3,4,5","3,4","","","","","","","","standalone","","","","",""
"Rune Stones","285265","0","0","0","1","0","0","0","0","0","0","0","3","","","","","","85441389","6.30938","7.24329","2.3393","1800","3644","thing","Rune Stones","2","4","60","60","60","2019","2,3,4","3","10+","No necessary in-game text","","","","","","standalone","","","","",""
"Rush M.D.","284217","0","0","0","1","0","0","0","0","0","0","0","3","","","","","","104204224","6.23915","7.42678","2.3667","2032","4276","thing","Rush M.D.","1","4","45","45","30","2020","2,3,4","3","10+","Some necessary text - easily memorized or small crib sheet","","","","","","standalone","","","","",""
"Saboteur 2 (expansion-only editions)","91072","0","0","0","1","0","0","0","0","0","0","0","3","","","","","","132149473","6.45985","6.93822","1.5411","0","17788","thing","Saboteur 2 (expansion-only editions)","2","12","45","45","45","2011","4,5,6,7,8,9,10","5,6,7,8","8+","No necessary in-game text","","","","","","expansion","","","","",""
"Sagrada","199561","0","0","0","1","0","0","0","0","0","0","0","3","","","","","","70535821","7.32552","7.46906","1.9186","218","77065","thing","Sagrada","1","4","45","45","30","2017","1,2,3,4","2","8+","Some necessary text - easily memorized or small crib sheet","","","","","","standalone","","","","",""
"Sajtra szállás","347703","0","0","0","1","0","0","0","0","0","0","0","3","","","","","","132309462","6.82831","7.53082","2.2806","709","7093","thing","First Rat","1","5","75","75","30","2024","1,2,3,4,5","3,4","10+","No necessary in-game text","","","","","","standalone","","Gém Klub Kft.","Hungarian","2024","Hungarian edition"
"Samurai","3","0","0","0","1","0","0","0","0","0","0","0","3","","","","","","95908748","7.22573","7.48208","2.4414","276","17368","thing","Samurai","2","4","60","60","30","1998","2,3,4","3","10+","No necessary in-game text","","","","","","standalone","","","","",""
"Santiago de Cuba","104347","0","0","0","1","0","0","0","0","0","0","0","3","","","","","","70535823","6.41552","6.88094","2.1475","1510","5019","thing","Santiago de Cuba","2","4","75","75","40","2011","2,3,4","2","10+","No necessary in-game text","","","","","","standalone","","","","",""
"Santorini","194655","0","0","0","1","0","0","0","0","0","0","0","3","","","","","","70535824","7.20048","7.34041","1.7229","299","64815","thing","Santorini","2","4","20","20","20","2016","2,3","2","6+","No necessary in-game text","","","","","","standalone","","","","",""
"Sárkány Palota","232219","0","0","0","1","0","0","0","0","0","0","0","3","","","","","","70535830","6.72177","7.10368","1.9935","857","12030","thing","Dragon Castle","1","4","45","45","30","2017","2,3,4","2","8+","No necessary in-game text","","","","","","standalone","","","","",""
"Sárkányok","348096","0","0","0","1","0","0","0","0","0","0","0","3","","","","","","132309542","6.34174","6.87467","1.0597","1707","7768","thing","Kites","2","6","10","10","10","2023","2,3,4,5,6","4,5,6","8+","No necessary in-game text","","","","","","standalone","","Reflexshop","Hungarian","2023","Hungarian edition"
"Savannah Park","339484","0","0","0","1","0","0","0","0","0","0","0","3","","","","","","104204550","6.23787","7.03676","1.7593","2038","4070","thing","Savannah Park","1","4","40","40","20","2021","1,2,3,4","3","8+","No necessary in-game text","","","","","","standalone","","","","",""
"Save the Meeples","275800","0","0","0","1","0","0","0","0","0","0","0","3","","","","","","132309584","5.56949","6.38065","2.5714","11103","513","thing","Save the Meeples","2","4","60","60","40","2019","2,3,4","4","10+","No necessary in-game text","","","","","","standalone","","Blue Cocker Games","English; French","2019","English/French edition"
"Schotten Totten","372","0","0","0","1","0","0","0","0","0","0","0","3","","","","","","70535834","7.06401","7.35779","1.6737","427","23629","thing","Schotten Totten","2","2","20","20","20","1999","2","2","8+","No necessary in-game text","","","","","","standalone","","","","",""
"Schrödinger macskája","345972","0","0","0","1","0","0","0","0","0","0","0","3","","","","","","132309625","7.12135","7.45697","2.0407","366","23073","thing","Cat in the Box: Deluxe Edition","2","5","40","40","20","2023","3,4,5","4","10+","No necessary in-game text","","","","","","standalone","","Gém Klub Kft.","Hungarian","2023","Hungarian edition"
"SCOUT","291453","0","0","0","1","0","0","0","0","0","0","0","3","","","","","","132309643","7.58495","7.80389","1.3792","102","49325","thing","SCOUT","2","5","20","20","20","2024","3,4,5","4","8+","No necessary in-game text","","","","","","standalone","","Gém Klub Kft.","Hungarian","2024","Hungarian edition"
"Scythe","169786","0","0","0","1","0","0","0","0","0","0","0","3","","","","","","70535835","7.95533","8.10833","3.4523","22","124697","thing","Scythe","1","5","115","115","115","2016","1,2,3,4,5","4","12+","Moderate in-game text - needs crib sheet or paste ups","","","","","","standalone","","","","",""
"The Search for Planet X","279537","0","0","0","1","0","0","0","0","0","0","0","3","","","","","","104204112","7.55643","7.90866","2.4332","110","25803","thing","The Search for Planet X","1","4","75","75","60","2020","1,2,3,4","2,3","12+","Extensive use of text - massive conversion needed to be playable","","","","","","standalone","","","","",""
"Sequence","2375","0","0","0","1","0","0","0","0","0","0","0","3","","","","","","132309678","5.9612","6.16639","1.3146","3346","28071","thing","Sequence","2","12","30","30","10","1982","2,3,4,6","3,4","6+","No necessary in-game text","","","","","","standalone","","","","",""
"Set!","1198","0","0","0","1","0","0","0","0","0","0","0","3","","","","","","85441421","6.29421","6.50665","1.6511","1846","25563","thing","SET","1","20","30","30","30","1988","1,2,3,4,5,6,7","3,4","6+","No necessary in-game text","","","","","","standalone","","","","",""
"SETI: Kutatás a földön kívüli élet után","418059","0","0","0","1","0","0","0","0","0","0","0","3","","","","","","132311592","7.92684","8.3969","3.8111","27","23646","thing","SETI: Search for Extraterrestrial Intelligence","1","4","160","160","40","2025","1,2,3,4","3","14+","Moderate in-game text - needs crib sheet or paste ups","","","","","","standalone","","Gém Klub Kft.","Hungarian","2025","Hungarian edition"
"Shanghaien","34320","0","0","0","1","0","0","0","0","0","0","0","3","","","","","","70535851","5.88079","6.52792","1.469","3919","1748","thing","Shanghaien","2","2","20","20","20","2008","2","2","8+","No necessary in-game text","","","","","","standalone","","","","",""
"Shards of the Jaguar","263222","0","0","0","1","0","0","0","0","0","0","0","3","","","","","","95908759","5.59691","7.78095","3.3077","9331","291","thing","Shards of the Jaguar","1","4","90","90","90","2021","2,3,4","4","12+","No necessary in-game text","","","","","","standalone","","","","",""
"Sherlock","149869","0","0","0","1","0","0","0","0","0","0","0","3","","","","","","85441452","5.74976","6.3215","1.6087","5320","2157","thing","Sherlock 13","2","4","15","15","15","2013","3,4","4","8+","No necessary in-game text","","","","","","standalone","","","","",""
"Shit Happens","196379","0","0","0","1","0","0","0","0","0","0","0","3","","","","","","95908774","5.38528","5.3106","1.0556","29423","4673","thing","Shit Happens","2","8","60","60","20","2016","3,4,5,6,7,8","4,6","16+","Unplayable in another language","","","","","","standalone","","","","",""
"Shit Happens: 50 Shades of Shit","255310","0","0","0","1","0","0","0","0","0","0","0","3","","","","","","95908780","5.5089","5.70939","1","22326","579","thing","Shit Happens: 50 Shades of Shit","2","99","60","60","15","2018","3,4,5,6,7,8","4,5,6","","","","","","","","standalone","","","","",""
"Silent Planet","325841","0","0","0","1","0","0","0","0","0","0","0","3","","","","","","95908784","5.48908","5.11649","1","26974","166","thing","Silent Planet","2","6","15","15","15","2021","2,3,4,5,6","2","8+","","","","","","","standalone","","","","",""
"Similo: Állatok","268620","0","0","0","0","0","0","0","0","0","0","0","3","","","","","","132309843","6.47521","6.81095","1.0545","1356","22506","thing","Similo","2","8","15","15","10","2021","2,3,4,5,6","3,4","6+","No necessary in-game text","","","","","","standalone","","Delta Vision Publishing","Hungarian","2021","Hungarian edition"
"Similo: Board Games '23","268620","0","0","0","1","0","0","0","0","0","0","0","3","","","","","","132309772","6.47521","6.81095","1.0545","1356","22506","thing","Similo","2","8","15","15","10","2023","2,3,4,5,6","3,4","6+","No necessary in-game text","","","","","","standalone","","Horrible Guild","English","2023","English edition"
"Similo: Jurassic World","268620","0","0","0","1","0","0","0","0","0","0","0","3","","","","","","132309887","6.47521","6.81095","1.0545","1356","22506","thing","Similo","2","8","15","15","10","2024","2,3,4,5,6","3,4","6+","No necessary in-game text","","","","","","standalone","","Horrible Guild","English","2024","English edition"
"Similo: Mesék","268620","0","0","0","1","0","0","0","0","0","0","0","3","","","","","","132309830","6.47521","6.81095","1.0545","1356","22506","thing","Similo","2","8","15","15","10","2021","2,3,4,5,6","3,4","6+","No necessary in-game text","","","","","","standalone","","Delta Vision Publishing","Hungarian","2021","Hungarian edition"
"Similo: Spookies","268620","0","0","0","1","0","0","0","0","0","0","0","3","","","","","","132309931","6.47521","6.81095","1.0545","1356","22506","thing","Similo","2","8","15","15","10","2021","2,3,4,5,6","3,4","6+","No necessary in-game text","","","","","","standalone","","Horrible Guild","English","2021","English edition"
"Similo: Történelem","268620","0","0","0","1","0","0","0","0","0","0","0","3","","","","","","132309850","6.47521","6.81095","1.0545","1356","22506","thing","Similo","2","8","15","15","10","2021","2,3,4,5,6","3,4","6+","No necessary in-game text","","","","","","standalone","","Delta Vision Publishing","Hungarian","2021","Hungarian edition"
"Sínen vagyunk","180602","0","0","0","1","0","0","0","0","0","0","0","3","","","","","","132309938","5.89409","6.35825","1.25","3835","3811","thing","Game of Trains","2","4","20","20","20","2016","2,3,4","3","8+","No necessary in-game text","","","","","","standalone","","Brain Games; Reflexshop","Hungarian","2016","Hungarian edition"
"Skicc: Mi az ábra","252526","0","0","0","1","0","0","0","0","0","0","0","3","","","","","","70535855","6.59354","7.56208","1.4464","1088","5088","thing","Pictomania (Second Edition)","3","6","40","40","20","2018","3,4,5,6","5,6","10+","Extensive use of text - massive conversion needed to be playable","","","","","","standalone","","","","",""
"Skull","92415","0","0","0","1","0","0","0","0","0","0","0","3","","","","","","70535858","7.01393","7.177","1.118","472","44698","thing","Skull","3","6","45","45","15","2011","3,4,5,6","5,6","8+","No necessary in-game text","","","","","","standalone","","","","",""
"Skye szigete","176494","0","0","0","1","0","0","0","0","0","0","0","3","","","","","","85441461","7.21726","7.38978","2.2519","287","35376","thing","Isle of Skye: From Chieftain to King","2","5","50","50","30","2015","2,3,4,5","3,4","8+","No necessary in-game text","","","","","","standalone","","","","",""
"Sleeping Gods","255984","0","0","0","1","0","0","0","0","0","0","0","3","","","","","","105100528","7.70294","8.11548","3.2608","68","34206","thing","Sleeping Gods","1","4","120","120","60","2021","1,2,3","1,2","12+","Unplayable in another language","","","","","","standalone","","","","",""
"Small World","40692","0","0","0","1","0","0","0","0","0","0","0","3","","","","","","70535860","7.08899","7.19453","2.3465","400","102296","thing","Small World","2","5","80","80","40","2009","2,3,4,5","4","8+","No necessary in-game text","","","","","","standalone","","","","",""
"Small World of Warcraft","309630","0","0","0","1","0","0","0","0","0","0","0","3","","","","","","85441467","6.58744","7.2623","2.6852","1108","12968","thing","Small World of Warcraft","2","5","80","80","40","2020","2,3,4,5","4","10+","No necessary in-game text","","","","","","standalone","","","","",""
"Smart10: Family","340722","0","0","0","1","0","0","0","0","0","0","0","3","","","","","","132309971","5.64282","7.38804","1","7519","571","thing","Smart10: Family","2","8","20","0","20","2021","2,3,4","2,3","","Extensive use of text - massive conversion needed to be playable","","","","","","standalone","","","","",""
"So Clover!","329839","0","0","0","1","0","0","0","0","0","0","0","3","","","","","","95908860","7.22109","7.59136","1.1243","282","18941","thing","So Clover!","3","6","30","30","30","2021","2,3,4,5,6","3,4","10+","Unplayable in another language","","","","","","standalone","","","","",""
"Sonar Family","259809","0","0","0","1","0","0","0","0","0","0","0","3","","","","","","95908794","5.83241","6.82531","1.5333","4367","2309","thing","Sonar Family","2","4","30","30","30","2018","2,4","4","8+","No necessary in-game text","","","","","","standalone","","","","",""
"Sorban állás","85325","0","0","0","1","0","0","0","0","0","0","0","3","","","","","","73946071","6.1752","6.65798","2.034","2277","5800","thing","Kolejka","2","5","60","60","60","2011","3,4,5","5","10+","Moderate in-game text - needs crib sheet or paste ups","","","","","","standalone","","","","",""
"Soviet Kitchen Unleashed","260407","0","0","0","1","0","0","0","0","0","0","0","3","","","","","","95908037","6.01047","6.76426","1.2778","3046","3605","thing","Soviet Kitchen Unleashed","1","6","25","25","25","2018","1,2,3,4,5,6","4","8+","Some necessary text - easily memorized or small crib sheet","","","","","","standalone","","","","",""
"Space Taxi","316973","0","0","0","1","0","0","0","0","0","0","0","3","","","","","","85441490","5.51597","6.45473","1.5","20092","63","thing","Space Taxi","3","5","30","30","20","2020","2,3,4,5","4","8+","","","","","","","standalone","","","","",""
"Spicy","299169","0","0","0","1","0","0","0","0","0","0","0","3","","","","","","70535867","6.70658","7.15566","1.3217","886","14422","thing","Spicy","2","6","20","20","15","2020","3,4,5,6","4,5","8+","No necessary in-game text","","","","","","standalone","","","","",""
"Splendor","148228","0","0","0","1","0","0","0","0","0","0","0","3","","","","","","70535870","7.29182","7.41882","1.7771","237","133122","thing","Splendor","2","4","30","30","30","2014","2,3,4","3","8+","No necessary in-game text","","","","","","standalone","","","","",""
"Splendor Párbaj","364073","0","0","0","1","0","0","0","0","0","0","0","3","","","","","","132310032","7.54996","7.88448","2.0079","114","34165","thing","Splendor Duel","2","2","30","30","30","2023","2","2","10+","No necessary in-game text","","","","","","standalone","","Gém Klub Kft.","Hungarian","2023","Hungarian edition"
"Splendor: Marvel","293296","0","0","0","1","0","0","0","0","0","0","0","3","","","","","","85441505","6.91788","7.56089","1.789","592","13925","thing","Splendor: Marvel","2","4","30","30","30","2020","2,3,4","3","8+","No necessary in-game text","","","","","","standalone","","","","",""
"Star Wars: Empire vs. Rebellion","160964","0","0","0","1","0","0","0","0","0","0","0","3","","","","","","95908805","5.83803","6.25987","1.7444","4307","5169","thing","Star Wars: Empire vs. Rebellion","2","2","60","60","60","2014","2","2","8+","Moderate in-game text - needs crib sheet or paste ups","","","","","","standalone","","","","",""
"Star Wars: Outer Rim","271896","0","0","0","1","0","0","0","0","0","0","0","3","","","","","","95908810","7.36154","7.74283","2.5769","200","27080","thing","Star Wars: Outer Rim","1","4","180","180","120","2019","1,2,3,4","3","10+","Extensive use of text - massive conversion needed to be playable","","","","","","standalone","","","","",""
"Star Wars: The Clone Wars","370913","0","0","0","1","0","0","0","0","0","0","0","3","","","","","","104204581","6.80536","7.53669","2.1575","735","12095","thing","Star Wars: The Clone Wars","1","5","60","60","60","2022","1,2,3,4","2,3","10+","Moderate in-game text - needs crib sheet or paste ups","","","","","","standalone","","","","",""
"Stella: Dixit Universe","329845","0","0","0","1","0","0","0","0","0","0","0","3","","","","","","95908822","6.6555","7.29139","1.1649","977","8756","thing","Stella: Dixit Universe","3","6","30","30","30","2021","3,4,5,6","5,6","6+","Some necessary text - easily memorized or small crib sheet","","","","","","standalone","","","","",""
"Stone Age Junior","191004","0","0","0","1","0","0","0","0","0","0","0","3","","","","","","70535895","6.10308","6.61378","1.1389","2600","6200","thing","My First Stone Age","2","4","15","15","15","2016","2,3,4","3,4","4–10","No necessary in-game text","","","","","","standalone","","","","",""
"Stone Age: Jubileum","260678","0","0","0","1","0","0","0","0","0","0","0","3","","","","","","70535878","6.68409","7.94668","2.3067","0","5193","thing","Stone Age: Anniversary","2","4","90","90","60","2018","2,3,4","4","8+","No necessary in-game text","","","","","","standalone","","","","",""
"Stranger Things: Attack of the Mind Flayer","361457","0","0","0","1","0","0","0","0","0","0","0","3","","","","","","95908831","5.49267","5.54406","1.125","26449","925","thing","Stranger Things: Attack of the Mind Flayer","4","10","20","20","20","2022","4,5,6,7,8,9,10","7,8","8+","","","","","","","standalone","","","","",""
"Stranger Things: Hellyel lefelé","374502","0","0","0","1","0","0","0","0","0","0","0","3","","","","","","132310074","6.02438","7.2943","2.1935","2974","2978","thing","Stranger Things: Upside Down","2","4","60","60","60","2023","1,2,3,4","4","8+","Some necessary text - easily memorized or small crib sheet","","","","","","standalone","","Reflexshop","Hungarian","2023","Hungarian edition"
"Stupefy!","369519","0","0","0","1","0","0","0","0","0","0","0","3","","","","","","104204593","5.58899","6.28463","1.3","9783","964","thing","Stupefy!","4","8","30","30","30","2022","4,5,6,7,8","4,6,8","6+","No necessary in-game text","","","","","","standalone","","","","",""
"Stupid Deaths","258855","0","0","0","1","0","0","0","0","0","0","0","3","","","","","","132310083","5.32336","4.3983","1","29505","1731","thing","Stupid Deaths","2","6","0","0","0","2019","4,5,6","6","6+","Extensive use of text - massive conversion needed to be playable","","","","","","standalone","","Piatnik","Hungarian","2019","Piatnik Hungarian edition"
"Subtext","265684","0","0","0","1","0","0","0","0","0","0","0","3","","","","","","73945910","5.66733","6.45416","1.2857","6862","884","thing","Subtext","4","8","40","40","20","2019","5,6,7","5","","Extensive use of text - massive conversion needed to be playable","","","","","","standalone","","","","",""
"Summoner Wars (Second Edition)","332800","0","0","0","1","0","0","0","0","0","0","0","3","","","","","","95908840","7.14115","8.05461","2.5714","349","8550","thing","Summoner Wars (Second Edition)","2","2","60","60","40","2021","2","2","10+","Moderate in-game text - needs crib sheet or paste ups","","","","","","standalone","","","","",""
"Super Farmer","17557","0","0","0","1","0","0","0","0","0","0","0","3","","","","","","85441580","5.5481","5.72071","1.1466","13197","3000","thing","Super Farmer","2","6","20","20","20","1943","2,3,4,5,6","4","6+","No necessary in-game text","","","","","","standalone","","","","",""
"Sushi Dice","142334","0","0","0","1","0","0","0","0","0","0","0","3","","","","","","70535915","5.60462","5.88637","1.0789","8951","1979","thing","Sushi Dice","2","6","20","20","20","2014","2,3,4","2","8+","No necessary in-game text","","","","","","standalone","","","","",""
"Sushi Go Party!","192291","0","0","0","1","0","0","0","0","0","0","0","3","","","","","","70535900","7.22205","7.37731","1.3162","279","72446","thing","Sushi Go Party!","2","8","20","20","20","2016","2,3,4,5,6,7,8","4,5","8+","Some necessary text - easily memorized or small crib sheet","","","","","","standalone","","","","",""
"Sushi Go!","133473","0","0","0","1","0","0","0","0","0","0","0","3","","","","","","70535898","6.87481","6.98621","1.1633","644","94614","thing","Sushi Go!","2","5","15","15","15","2013","3,4,5","4","6+","No necessary in-game text","","","","","","standalone","","","","",""
"Sushi Roll","271869","0","0","0","1","0","0","0","0","0","0","0","3","","","","","","132310112","6.47924","6.99488","1.2821","1343","9903","thing","Sushi Roll","2","5","20","20","20","2020","2,3,4,5","4","6+","No necessary in-game text","","","","","","standalone","","Reflexshop","Hungarian","2020","Hungarian edition"
"Sweet & Spicy","355737","0","0","0","1","0","0","0","0","0","0","0","3","","","","","","104204596","5.65405","6.79571","1.3333","7201","979","thing","Sweet & Spicy","2","6","15","15","15","2022","2,3,4,5,6","4,5","6+","","","","","","","standalone","","","","",""
"Swordcrafters","243994","0","0","0","1","0","0","0","0","0","0","0","3","","","","","","70535909","5.64486","6.43347","1.3333","7436","803","thing","Swordcrafters","1","5","30","30","20","2018","2,3,4","3","8+","Some necessary text - easily memorized or small crib sheet","","","","","","standalone","","","","",""
"Szabadulj kvíz","328218","0","0","0","1","0","0","0","0","0","0","0","3","","","","","","85441536","0","5.85","0","0","16","thing","Szabadulj kvíz","2","6","60","60","60","0","","","","","","","","","","standalone","","","","",""
"Szabadulópakli: A függöny mögött","267735","0","0","0","1","0","0","0","0","0","0","0","3","","","","","","73946282","5.96898","6.84812","1.8421","3292","2508","thing","Deckscape: Behind the Curtain","1","6","60","60","60","2019","1,2,3,4","2","12+","Extensive use of text - massive conversion needed to be playable","","","","","","standalone","","","","",""
"Szabadulópakli: A velencei meló","245045","0","0","0","1","0","0","0","0","0","0","0","3","","","","","","73946276","6.04622","6.65216","1.6389","2869","3913","thing","Deckscape: Heist in Venice","1","6","90","90","30","2018","2,3,4,5,6","6","12+","Extensive use of text - massive conversion needed to be playable","","","","","","standalone","","","","",""
"Szabadulópakli: Eldorádó legendája","258451","0","0","0","1","0","0","0","0","0","0","0","3","","","","","","73946278","5.87697","6.39412","1.7419","3949","3309","thing","Deckscape: The Mystery of Eldorado","1","6","90","90","30","2018","1,2,3,4","2","10+","Extensive use of text - massive conversion needed to be playable","","","","","","standalone","","","","",""
"Szabadulópakli: Időpróba","218311","0","0","0","1","0","0","0","0","0","0","0","3","","","","","","73946272","6.08584","6.55237","1.5902","2676","4778","thing","Deckscape: Test Time","1","6","90","90","30","2017","1,2,3,4","2","10+","Extensive use of text - massive conversion needed to be playable","","","","","","standalone","","","","",""
"Szabadulópakli: London végórái","230498","0","0","0","1","0","0","0","0","0","0","0","3","","","","","","73946275","5.8212","6.15405","1.9737","4461","3969","thing","Deckscape: The Fate of London","1","6","60","60","60","2017","1,2,3,4","2,3","12+","Extensive use of text - massive conversion needed to be playable","","","","","","standalone","","","","",""
"Szamuráj szellem","158900","0","0","0","1","0","0","0","0","0","0","0","3","","","","","","70535911","6.2236","6.58133","2.135","2097","8439","thing","Samurai Spirit","1","7","45","45","20","2014","1,2,3,4,5,6,7","1","10+","No necessary in-game text","","","","","","standalone","","","","",""
"Szavadkőművesek","367367","0","0","0","1","0","0","0","0","0","0","0","3","","","","","","132310142","5.54719","6.26466","1","13316","581","thing","Little Secret","3","9","45","45","15","2023","5,6,7,8,9","6,7","","","","","","","","standalone","","Reflexshop","Hungarian","2023","Hungarian edition"
"Szellemek Szigete","162886","0","0","0","1","0","0","0","0","0","0","0","3","","","","","","73946099","8.1418","8.33997","4.0763","11","92862","thing","Spirit Island","1","4","120","120","90","2017","1,2,3,4","2","14+","Extensive use of text - massive conversion needed to be playable","","","","","","standalone","","","","",""
"Szellemlépcső","12346","0","0","0","1","0","0","0","0","0","0","0","3","","","","","","70535929","5.90748","6.41889","1.0935","3721","3596","thing","Spooky Stairs","2","4","15","15","10","2003","3,4","4","4+","No necessary in-game text","","","","","","standalone","","","","",""
"Szellemtinta: Üzenetek a túlvilágról","330592","0","0","0","1","0","0","0","0","0","0","0","3","","","","","","132310192","6.47819","7.40172","1.1739","1346","5023","thing","Phantom Ink","2","8","15","15","10","2023","4,5,6,7,8","4,6","12+","Extensive use of text - massive conversion needed to be playable","","","","","","standalone","","Gém Klub Kft.","Hungarian","2023","Hungarian edition"
"Szerelmes Levél","129622","0","0","0","1","0","0","0","0","0","0","0","3","","","","","","70535925","7.123","7.22574","1.1846","364","116110","thing","Love Letter","2","4","20","20","20","2012","3,4","4","8+","Some necessary text - easily memorized or small crib sheet","","","","","","standalone","","","","",""
"Szkítia fosztogatói","301880","0","0","0","1","0","0","0","0","0","0","0","3","","","","","","85441559","7.09098","7.70444","2.7727","398","12344","thing","Raiders of Scythia","1","4","80","80","60","2020","1,2,3,4","3","12+","Moderate in-game text - needs crib sheet or paste ups","","","","","","standalone","","","","",""
"Szócsapdák","257527","0","0","0","1","0","0","0","0","0","0","0","3","","","","","","132310223","6.38776","6.98923","1.4262","1584","7201","thing","Trapwords","4","8","45","45","30","2019","4,5,6,7,8","6","10+","Extensive use of text - massive conversion needed to be playable","","","","","","standalone","","Gém Klub Kft.","Hungarian","2019","Hungarian edition"
"Szörnyparádé","231484","0","0","0","1","0","0","0","0","0","0","0","3","","","","","","85441566","6.43805","7.22059","2.1529","1457","5402","thing","Carnival of Monsters","2","5","45","45","45","2019","3,4,5","4","10+","Moderate in-game text - needs crib sheet or paste ups","","","","","","standalone","","","","",""
"Szörnyszekrény","43578","0","0","0","1","0","0","0","0","0","0","0","3","","","","","","85441571","5.77782","6.31227","1.0169","4964","2910","thing","Monster Chase","1","6","10","10","10","2009","1,2,3,4,5","3","3–8","No necessary in-game text","","","","","","standalone","","","","",""
"Sztorikocka","20545","0","0","0","1","0","0","0","0","0","0","0","3","","","","","","70535921","5.92651","6.22263","1.1111","3589","11818","thing","Rory's Story Cubes","1","12","20","20","20","2005","1,2,3,4,5,6","2,3,4","4+","No necessary in-game text","","","","","","standalone","","","","",""
"Szuper Farmer","17557","0","0","0","1","0","0","0","0","0","0","0","3","","","","","","85441582","5.5481","5.72071","1.1466","13197","3000","thing","Super Farmer","2","6","20","20","20","1943","2,3,4,5,6","4","6+","No necessary in-game text","","","","","","standalone","","","","",""
"Szuper Farmer - A kártyajáték","286147","0","0","0","1","0","0","0","0","0","0","0","3","","","","","","85463461","5.54109","7.35313","1.5","14168","151","thing","Super Farmer: The Card Game","2","6","30","30","15","2019","2,3,4,5,6","2,3,4","8+","","","","","","","standalone","","","","",""
"Szuper Farmer - Ranch","130729","0","0","0","1","0","0","0","0","0","0","0","3","","","","","","85463511","5.56206","6.04851","1.5625","11729","600","thing","Rancho","2","6","45","45","45","2012","3,4,5,6","6","8+","No necessary in-game text","","","","","","standalone","","","","",""
"Szupercsapat!","359970","0","0","0","1","0","0","0","0","0","0","0","3","","","","","","132310336","6.66471","7.07135","1.8053","955","10652","thing","Challengers!","1","8","45","45","45","2022","2,4,6,8","4,6,8","8+","Moderate in-game text - needs crib sheet or paste ups","","","","","","standalone","","1 More Time Games; Gém Klub Kft.; Z-Man Games","Hungarian","2022","Hungarian edition"
"Szüret","205045","0","0","0","1","0","0","0","0","0","0","0","3","","","","","","85441594","6.04843","6.81159","1.3636","2858","2235","thing","Avenue","1","10","15","15","15","2016","1,2,3,4,5,6,7,8,9,10","2,4","8+","No necessary in-game text","","","","","","standalone","","","","",""
"T.I.M.E Stories","146508","0","0","0","1","0","0","0","0","0","0","0","3","","","","","","70536008","7.15297","7.35429","2.5882","341","43168","thing","T.I.M.E Stories","2","4","90","90","90","2015","2,3,4","4","14+","Unplayable in another language","","","","","","standalone","","","","",""
"Taboo","1111","0","0","0","1","0","0","0","0","0","0","0","3","","","","","","132310460","6.13748","6.31373","1.2006","2441","27283","thing","Taboo","4","10","20","20","20","1989","4,5,6,7,8,9,10","6,8","10+","Unplayable in another language","","","","","","standalone","","","","",""
"Tábortűz","295192","0","0","0","1","0","0","0","0","0","0","0","3","","","","","","132310418","6.14061","6.76809","1","2424","8411","thing","Tinderblox","2","6","15","15","3","2024","2,3,4,5,6","3,4","6+","No necessary in-game text","","","","","","standalone","","Reflexshop","Hungarian","2024","Hungarian edition"
"Taco Cat Goat Cheese Pizza","253664","0","0","0","1","0","0","0","0","0","0","0","3","","","","","","95907776","6.1775","6.50713","1.0359","2268","23168","thing","Taco Cat Goat Cheese Pizza","2","8","30","30","10","2018","3,4,5,6,7,8","4,5,6","6+","No necessary in-game text","","","","","","standalone","","","","",""
"Take a Train","182799","0","0","0","1","0","0","0","0","0","0","0","3","","","","","","85441598","5.51386","5.95861","1.6667","20752","177","thing","Take a Train","2","6","60","60","30","2015","3,4,5","4","8–12","No necessary in-game text","","","","","","standalone","","","","",""
"Takenoko","70919","0","0","0","1","0","0","0","0","0","0","0","3","","","","","","70535936","7.06106","7.19927","1.9728","428","76016","thing","Takenoko","2","4","45","45","45","2011","2,3,4","3","8+","No necessary in-game text","","","","","","standalone","","","","",""
"Takenoko: Apróságok","174095","0","0","0","1","0","0","0","0","0","0","0","3","","","","","","70535939","6.77866","7.51658","1.8824","0","18081","thing","Takenoko: Chibis","2","4","45","0","45","2015","2,3,4","3,4","8+","No necessary in-game text","","","","","","expansion","","","","",""
"The Taverns of Tiefenthal","269207","0","0","0","1","0","0","0","0","0","0","0","3","","","","","","95908885","7.2784","7.57568","2.6944","246","28316","thing","The Taverns of Tiefenthal","2","4","60","60","60","2019","2,3,4","2,3","10+","No necessary in-game text","","","","","","standalone","","","","",""
"Tea 2 főre","294448","0","0","0","1","0","0","0","0","0","0","0","3","","","","","","73946023","5.803","6.55971","1.4815","4653","2939","thing","Tea for 2","2","2","30","30","20","2020","2","2","8+","No necessary in-game text","","","","","","standalone","","","","",""
"Tension: The Crazy Naming Game","12920","0","0","0","1","0","0","0","0","0","0","0","3","","","","","","132310586","5.52622","5.83224","1","17155","609","thing","Tension: The Crazy Naming Game","4","4","40","40","40","1992","","","10+","","","","","","","standalone","","","","",""
"Terra Mystica","120677","0","0","0","1","0","0","0","0","0","0","0","3","","","","","","70535943","7.86471","8.03703","3.9732","35","54348","thing","Terra Mystica","2","5","150","150","60","2012","2,3,4,5","4","12+","No necessary in-game text","","","","","","standalone","","","","",""
"Terraforming Mars: Ares Expedition","328871","0","0","0","1","0","0","0","0","0","0","0","3","","","","","","95907432","7.37812","7.64144","2.9172","186","38688","thing","Terraforming Mars: Ares Expedition","1","4","60","60","45","2021","1,2,3,4","3","12+","Moderate in-game text - needs crib sheet or paste ups","","","","","","standalone","","","","",""
"Terraforming Mars: Colonies","255681","0","0","0","1","0","0","0","0","0","0","0","3","","","","","","108077028","7.47616","8.10271","2.9903","0","31079","thing","Terraforming Mars: Colonies","1","5","120","120","120","2018","1,2,3,4,5","3","12+","Extensive use of text - massive conversion needed to be playable","","","","","","expansion","","","","",""
"Terraforming Mars: Hellas & Elysium","218127","0","0","0","1","0","0","0","0","0","0","0","3","","","","","","108077004","7.85943","8.37565","2.7791","0","39624","thing","Terraforming Mars: Hellas & Elysium","1","5","120","120","90","2017","1,2,3,4,5","3","12+","No necessary in-game text","","","","","","expansion","","","","",""
"Terraforming Mars: Prelude","247030","0","0","0","1","0","0","0","0","0","0","0","3","","","","","","108077021","8.41288","8.84569","2.5435","0","51422","thing","Terraforming Mars: Prelude","1","5","120","120","90","2018","1,2,3,4,5","3","12+","Moderate in-game text - needs crib sheet or paste ups","","","","","","expansion","","","","",""
"Terraforming Mars: Turmoil","273473","0","0","0","1","0","0","0","0","0","0","0","3","","","","","","108077017","6.84658","7.47346","3.6727","0","25436","thing","Terraforming Mars: Turmoil","1","5","150","150","150","2019","1,2,3,4,5","3","12+","Extensive use of text - massive conversion needed to be playable","","","","","","expansion","","","","",""
"Terraforming Mars: Venus Next","231965","0","0","0","1","0","0","0","0","0","0","0","3","","","","","","108077011","7.09426","7.56899","2.8547","0","31672","thing","Terraforming Mars: Venus Next","1","5","120","120","90","2017","1,2,3,4,5","3,4","12+","Extensive use of text - massive conversion needed to be playable","","","","","","expansion","","","","",""
"Tezamen","321953","0","0","0","1","0","0","0","0","0","0","0","3","","","","","","85441620","0","5","0","0","11","thing","Tezamen","2","2","15","15","15","2020","","","","","","","","","","standalone","","","","",""
"Thurn and Taxis","21790","0","0","0","1","0","0","0","0","0","0","0","3","","","","","","85441630","6.91102","7.09209","2.2571","601","24102","thing","Thurn and Taxis","2","4","60","60","60","2006","2,3,4","3,4","10+","No necessary in-game text","","","","","","standalone","","","","",""
"Tic Tac K.O.: Dragons vs Unicorns","346296","0","0","0","1","0","0","0","0","0","0","0","3","","","","","","104204611","5.58869","6.46469","1.0833","9799","1474","thing","Tic Tac K.O.: Dragons vs Unicorns","2","4","60","60","30","2021","2,4","2","8+","Moderate in-game text - needs crib sheet or paste ups","","","","","","standalone","","","","",""
"Tichu","215","0","0","0","1","0","0","0","0","0","0","0","3","","","","","","70535965","7.27899","7.5748","2.3421","244","26964","thing","Tichu","4","4","60","60","60","1991","4","4","12+","No necessary in-game text","","","","","","standalone","","","","",""
"Tick Tack Bumm: Vibrations","331541","0","0","0","1","0","0","0","0","0","0","0","3","","","","","","95908906","0","6.75","0","0","40","thing","Tick Tack Bumm: Vibrations","3","8","25","25","25","2020","","","","","","","","","","standalone","","","","",""
"Ticket to Ride: Az első utazás","218208","0","0","0","1","0","0","0","0","0","0","0","3","","","","","","70535979","6.19613","7.01506","1.4746","2211","5622","thing","Ticket to Ride: First Journey (Europe)","2","4","30","30","15","2017","2,3,4","4","5+","No necessary in-game text","","","","","","standalone","","","","",""
"Ticket to Ride: Európa","14996","0","0","0","1","0","0","0","0","0","0","0","3","","","","","","70535974","7.39735","7.52511","1.9171","174","132646","thing","Ticket to Ride: Europe","2","5","60","60","30","2005","2,3,4,5","4","8+","No necessary in-game text","","","","","","standalone","","","","",""
"Tikal","54","0","0","0","1","0","0","0","0","0","0","0","3","","","","","","70535985","7.11151","7.31885","2.7772","372","28803","thing","Tikal","2","4","90","90","90","1999","2,3,4","4","10+","No necessary in-game text","","","","","","standalone","","","","",""
"Time's Up! Party Edition","230262","0","0","0","1","0","0","0","0","0","0","0","3","","","","","","95908934","5.97973","7.60381","1.1429","3237","1638","thing","Time's Up! Party Edition","4","12","90","90","45","2004","6,7,8,9,10,11,12","6,8,10,12","14","No necessary in-game text","","","","","","standalone","","","","",""
"Time's Up!: Harry Potter","347304","0","0","0","1","0","0","0","0","0","0","0","3","","","","","","95908931","5.65283","7.37024","1","7232","799","thing","Time's Up!: Harry Potter","4","12","30","30","30","2021","12","12","","Unplayable in another language","","","","","","standalone","","","","",""
"Timeline: General Interest","131325","0","0","0","1","0","0","0","0","0","0","0","3","","","","","","85441638","6.31568","6.7637","1.0696","1782","9023","thing","Timeline: General Interest","2","8","15","15","15","2012","2,3,4,5,6,7,8","4","8+","Some necessary text - easily memorized or small crib sheet","","","","","","standalone","","","","",""
"Timeline: Star Wars","183797","0","0","0","1","0","0","0","0","0","0","0","3","","","","","","70536007","5.64415","6.09696","1.1333","7462","1695","thing","Timeline: Star Wars","2","8","15","15","15","2015","2,3,4,5,6","4","8+","Moderate in-game text - needs crib sheet or paste ups","","","","","","standalone","","","","",""
"Timeline: Zene&Mozi","145189","0","0","0","1","0","0","0","0","0","0","0","3","","","","","","70536005","6.21874","6.72112","1.086","2118","7033","thing","Timeline: Music & Cinema","2","8","15","15","15","2013","2,3,4,5,6,7,8","4,5,6","10+","Some necessary text - easily memorized or small crib sheet","","","","","","standalone","","","","",""
"Tiny Epic Mechs","257283","0","0","0","1","0","0","0","0","0","0","0","3","","","","","","105100523","6.08672","6.68705","2.566","2670","10482","thing","Tiny Epic Mechs","1","4","60","60","30","2019","1,2,3,4","3,4","10+","Moderate in-game text - needs crib sheet or paste ups","","","","","","standalone","","","","",""
"Tiny Towns","265736","0","0","0","1","0","0","0","0","0","0","0","3","","","","","","85441652","6.99316","7.18975","2.0676","497","35203","thing","Tiny Towns","1","6","60","60","45","2019","1,2,3,4,5","3","10+","Moderate in-game text - needs crib sheet or paste ups","","","","","","standalone","","","","",""
"Titkos szavak","275467","0","0","0","1","0","0","0","0","0","0","0","3","","","","","","73945879","6.66411","7.15101","1.9495","957","9857","thing","Letter Jam","2","6","45","45","45","2019","3,4,5,6","6","10+","Unplayable in another language","","","","","","standalone","","","","",""
"Tokaido","123540","0","0","0","1","0","0","0","0","0","0","0","3","","","","","","70536019","6.74489","6.91401","1.7436","822","43172","thing","Tokaido","1","5","45","45","45","2012","2,3,4,5","4","8+","No necessary in-game text","","","","","","standalone","","","","",""
"Tokió Királya","70323","0","0","0","1","0","0","0","0","0","0","0","3","","","","","","70536023","7.01369","7.11814","1.4853","473","109651","thing","King of Tokyo","2","6","30","30","30","2011","3,4,5,6","4,5","6+","Moderate in-game text - needs crib sheet or paste ups","","","","","","standalone","","","","",""
"Tokió királya: Párbaj","422484","0","0","0","1","0","0","0","0","0","0","0","3","","","","","","132310765","6.20985","7.13897","2.0952","2150","4014","thing","King of Tokyo: Duel","2","2","20","20","20","2024","2","2","8+","Moderate in-game text - needs crib sheet or paste ups","","","","","","standalone","","IELLO; Reflexshop","Hungarian","2024","Hungarian edition"
"Tokyo Train","41052","0","0","0","1","0","0","0","0","0","0","0","3","","","","","","70536039","5.7544","6.4323","1.0816","5262","1660","thing","Loco Motive","4","8","15","15","15","2009","4,6,8","6,8","8+","No necessary in-game text","","","","","","standalone","","","","",""
"Too Many Bones","192135","0","0","0","1","0","0","0","0","0","0","0","3","","","","","","132310813","7.86347","8.30154","3.8592","36","24869","thing","Too Many Bones","1","4","120","120","60","2024","1,2,3,4","2","12+","Extensive use of text - massive conversion needed to be playable","","","","","","standalone","","Reflexshop","Hungarian","2024","Hungarian edition"
"Top 10","300905","0","0","0","1","0","0","0","0","0","0","0","3","","","","","","85441681","6.76279","7.40233","1.0811","793","8554","thing","Top Ten","4","9","30","30","30","2020","4,5,6,7,8,9","6,7,8","12+","Extensive use of text - massive conversion needed to be playable","","","","","","standalone","","","","",""
"Top Spot","301446","0","0","0","1","0","0","0","0","0","0","0","3","","","","","","85441683","0","6.10714","0","0","39","thing","Top Spot","3","5","0","0","0","2020","","","","","","","","","","standalone","","","","",""
"Top Ten 18+","334137","0","0","0","1","0","0","0","0","0","0","0","3","","","","","","105100509","5.80476","7.27071","1.0909","4631","1189","thing","Top Ten 18+","4","9","40","40","20","2021","4,5,6,7,8,9","7","16+","Moderate in-game text - needs crib sheet or paste ups","","","","","","standalone","","","","",""
"Tortuga 1667","218530","0","0","0","1","0","0","0","0","0","0","0","3","","","","","","85441673","6.32384","6.88927","2.0482","1754","11810","thing","Tortuga 1667","2","9","40","40","20","2017","5,6,7,8,9","5,7","10+","Moderate in-game text - needs crib sheet or paste ups","","","","","","standalone","","","","",""
"Tortuga 2199","265017","0","0","0","1","0","0","0","0","0","0","0","3","","","","","","95908976","5.9774","7.07803","2.5769","3248","2591","thing","Tortuga 2199","2","4","90","90","60","2020","2,3,4","3,4","10+","Some necessary text - easily memorized or small crib sheet","","","","","","standalone","","","","",""
"Tough Calls: Dystopia","288276","0","0","0","1","0","0","0","0","0","0","0","3","","","","","","104204461","5.58804","7.30599","1.1667","9839","429","thing","Tough Calls: Dystopia","3","5","60","60","45","2020","3,4,5","5","10+","Extensive use of text - massive conversion needed to be playable","","","","","","standalone","","","","",""
"Tranquility","288513","0","0","0","1","0","0","0","0","0","0","0","3","","","","","","104204083","6.37447","6.93657","1.3465","1615","7591","thing","Tranquility","1","5","20","20","15","2020","1,2,3,4","2","8+","No necessary in-game text","","","","","","standalone","","","","",""
"Travelin'","205961","0","0","0","1","0","0","0","0","0","0","0","3","","","","","","132310832","5.6356","6.87036","1.3125","7733","664","thing","Travelin'","2","5","50","50","20","2019","3,4,5","4,5","8","Moderate in-game text - needs crib sheet or paste ups","","","","","","standalone","","Reflexshop","Hungarian","2019","Hungarian edition"
"Treasure of the Dragons","7483","0","0","0","1","0","0","0","0","0","0","0","3","","","","","","95907936","5.64941","6.74517","1.1739","7326","685","thing","Treasure of the Dragons","2","5","20","20","20","2003","2,3,4,5","3","4–12","No necessary in-game text","","","","","","standalone","","","","",""
"Trial by Trolley","282171","0","0","0","1","0","0","0","0","0","0","0","3","","","","","","95909064","5.77989","6.02094","1.0253","4938","11059","thing","Trial by Trolley","3","13","90","90","30","2020","3,4,5,6,7,8,9,10","5,7","16+","Unplayable in another language","","","","","","standalone","","","","",""
"Trio","352515","0","0","0","1","0","0","0","0","0","0","0","3","","","","","","132310837","6.96916","7.38646","1.0457","526","20054","thing","Trio","3","6","15","15","15","2023","3,4,5,6","4,5","6+","No necessary in-game text","","","","","","standalone","","Reflexshop","Hungarian","2023","Hungarian edition"
"Trivial pursuit: Házibuli","436229","0","0","0","1","0","0","0","0","0","0","0","3","","","","","","132310923","0","6.5","1","0","21","thing","Trivial Pursuit: Party! – Bite Size","2","99","30","30","30","2020","","","","","","","","","","standalone","","Reflexshop","Hungarian","0","Hungarian edition"
"Trónok harca: A király segítője","205610","0","0","0","1","0","0","0","0","0","0","0","3","","","","","","70536074","6.19754","6.57967","1.2233","2202","9290","thing","A Game of Thrones: Hand of the King","2","4","30","30","15","2016","2,3,4","2","10+","Some necessary text - easily memorized or small crib sheet","","","","","","standalone","","","","",""
"Trool Park","246814","0","0","0","1","0","0","0","0","0","0","0","3","","","","","","85441693","5.50725","5.85874","2.1429","22867","238","thing","Trool Park","2","4","45","45","30","2018","2,3,4","4","8+","No necessary in-game text","","","","","","standalone","","","","",""
"Truth or Drink: The Card Game","319307","0","0","0","1","0","0","0","0","0","0","0","3","","","","","","132310972","5.51173","6.23404","1","21436","253","thing","Truth or Drink: The Card Game","3","8","60","60","30","2019","","","","","","","","","","standalone","","","","",""
"Tsuro","16992","0","0","0","1","0","0","0","0","0","0","0","3","","","","","","70536027","6.53426","6.66711","1.2195","1214","45793","thing","Tsuro","2","8","20","20","15","2005","2,3,4,5,6,7,8","4,6","6+","No necessary in-game text","","","","","","standalone","","","","",""
"Tubyrinth","193161","0","0","0","1","0","0","0","0","0","0","0","3","","","","","","104204634","5.53055","6.20239","1","16106","272","thing","Tubyrinth","1","6","20","20","20","2016","2","2","8+","No necessary in-game text","","","","","","standalone","","","","",""
"A tudattalan mélyén","329500","0","0","0","1","0","0","0","0","0","0","0","3","","","","","","132149374","7.14971","7.91569","4.009","343","12445","thing","Unconscious Mind","1","4","120","120","60","2024","1,2,3","2,3","14+","No necessary in-game text","","","","","","standalone","","Fantasia Games; Gém Klub Kft.","Hungarian","2024","Hungarian edition"
"Túl az Óperencián","189065","0","0","0","1","0","0","0","0","0","0","0","3","","","","","","85441703","0","5.25","1","0","29","thing","Túl az Óperencián","2","4","30","30","20","2015","3,4","4","4–12","","","","","","","standalone","","","","",""
"Túlvilági történetek","280136","0","0","0","1","0","0","0","0","0","0","0","3","","","","","","85441710","6.27077","6.94588","1.6458","1922","6155","thing","Paranormal Detectives","2","6","50","50","30","2019","3,4,5,6","4,5","10+","Moderate in-game text - needs crib sheet or paste ups","","","","","","standalone","","","","",""
"Turing Machine","356123","0","0","0","1","0","0","0","0","0","0","0","3","","","","","","132310984","7.17957","7.62912","2.5068","315","18160","thing","Turing Machine","1","4","20","20","20","2023","1,2,3,4","1","12+","Some necessary text - easily memorized or small crib sheet","","","","","","standalone","","Reflexshop","Hungarian","2023","Hungarian edition"
"Tussie Mussie","257614","0","0","0","1","0","0","0","0","0","0","0","3","","","","","","105100477","6.45344","6.90658","1.1408","1412","12171","thing","Tussie Mussie","2","4","30","30","20","2019","1,2,3,4","2","8+","Moderate in-game text - needs crib sheet or paste ups","","","","","","standalone","","","","",""
"Tutajra fel!","40935","0","0","0","1","0","0","0","0","0","0","0","3","","","","","","85441712","5.63612","6.32004","1.0513","7718","806","thing","Zoowaboo","2","4","30","30","20","2009","3,4","4","4+","No necessary in-game text","","","","","","standalone","","","","",""
"Twin It!","222887","0","0","0","1","0","0","0","0","0","0","0","3","","","","","","70536029","5.86592","6.7277","1","4046","2529","thing","Twin It!","2","6","10","10","5","2017","2,3,4,5,6","4","5+","No necessary in-game text","","","","","","standalone","","","","",""
"Ubongo","16986","0","0","0","1","0","0","0","0","0","0","0","3","","","","","","70536088","6.42255","6.67333","1.4972","1490","14871","thing","Ubongo","1","4","25","25","25","2003","2,3,4","4","6+","No necessary in-game text","","","","","","standalone","","","","",""
"Üdvözlet újra a Mélyben","195043","0","0","0","1","0","0","0","0","0","0","0","3","","","","","","70536092","6.28329","6.69561","1.3099","1875","10683","thing","Welcome Back to the Dungeon","2","4","30","30","30","2016","2,3,4","3,4","8+","Some necessary text - easily memorized or small crib sheet","","","","","","standalone","","","","",""
"Underground Panic","290437","0","0","0","1","0","0","0","0","0","0","0","3","","","","","","70536098","5.51176","6.5","2","21425","101","thing","Underground Panic","2","4","60","60","45","2019","2,3,4","2","8–14","No necessary in-game text","","","","","","standalone","","","","",""
"Unikornisok: A rémes ménes","234190","0","0","0","1","0","0","0","0","0","0","0","3","","","","","","85441736","5.94192","6.2303","1.4925","3480","32166","thing","Unstable Unicorns","2","8","60","60","30","2017","3,4,5,6","4,5","8+","Moderate in-game text - needs crib sheet or paste ups","","","","","","standalone","","","","",""
"Unlock 2: Rejtélyes kalandok","228867","0","0","0","1","0","0","0","0","0","0","0","3","","","","","","132311050","6.65279","7.31578","2.0851","981","8311","thing","Unlock!: Mystery Adventures","1","6","75","75","45","2019","1,2,3,4","2","12+","Unplayable in another language","","","","","","standalone","","Gém Klub Kft.","Hungarian","2019","Hungarian edition"
"Unmatched: Battle of Legends, Volume One","274637","0","0","0","1","0","0","0","0","0","0","0","3","","","","","","95909009","7.21801","7.68707","1.9391","286","20674","thing","Unmatched: Battle of Legends, Volume One","2","4","40","40","20","2019","2,4","2","10+","Moderate in-game text - needs crib sheet or paste ups","","","","","","standalone","","","","",""
"Unmatched: Battle of Legends, Volume Two","335764","0","0","0","1","0","0","0","0","0","0","0","3","","","","","","104204641","7.00147","8.22037","2.0851","485","9812","thing","Unmatched: Battle of Legends, Volume Two","2","4","40","40","20","2021","2,4","2,4","10+","Moderate in-game text - needs crib sheet or paste ups","","","","","","standalone","","","","",""
"Unmatched: Cobble & Fog","294484","0","0","0","1","0","0","0","0","0","0","0","3","","","","","","95909024","7.37695","7.93377","1.9712","187","21178","thing","Unmatched: Cobble & Fog","2","4","40","40","20","2020","2,4","2","10+","Moderate in-game text - needs crib sheet or paste ups","","","","","","standalone","","","","",""
"Unmatched: Houdini vs. a dzsinn","354544","0","0","0","1","0","0","0","0","0","0","0","3","","","","","","132311080","6.63859","8.21106","2.2759","1013","7067","thing","Unmatched: Houdini vs. The Genie","2","2","20","20","20","2023","2","2","10+","Moderate in-game text - needs crib sheet or paste ups","","","","","","standalone","","Reflexshop","Hungarian","2023","Hungarian edition"
"Unmatched: Piroska vs. Beowulf","325635","0","0","0","1","0","0","0","0","0","0","0","3","","","","","","132311075","6.97478","8.07654","2","516","11030","thing","Unmatched: Little Red Riding Hood vs. Beowulf","2","2","20","20","20","2021","2","2","10+","Moderate in-game text - needs crib sheet or paste ups","","","","","","standalone","","Reflexshop","Hungarian","2021","Hungarian edition"
"Unmatched: Robin Hood vs. Bigfoot","274638","0","0","0","1","0","0","0","0","0","0","0","3","","","","","","95909020","7.07047","7.89866","1.9153","418","12847","thing","Unmatched: Robin Hood vs. Bigfoot","2","2","20","20","20","2019","2","2","10+","Moderate in-game text - needs crib sheet or paste ups","","","","","","standalone","","","","",""
"Uradalom","347303","0","0","0","1","0","0","0","0","0","0","0","3","","","","","","95909025","5.51603","7.21","1.5","20070","61","thing","Uradalom","1","6","45","45","30","2021","","","","No necessary in-game text","","","","","","standalone","","","","",""
"Űrcsempészek","235821","0","0","0","1","0","0","0","0","0","0","0","3","","","","","","70536102","5.50521","6.09211","2.4","23489","69","thing","Űrcsempészek","2","6","15","15","10","2016","3,4,5,6","3,4,6","8+","No necessary in-game text","","","","","","standalone","","","","",""
"Utazás a múltba","353288","0","0","0","1","0","0","0","0","0","0","0","3","","","","","","132311162","6.96349","7.53304","1.7551","536","12313","thing","Trekking Through History","1","4","60","60","30","2023","1,2,3,4","3","8+","No necessary in-game text","","","","","","standalone","","Gém Klub Kft.","Hungarian","2023","Hungarian edition"
"Vaalbara","361241","0","0","0","1","0","0","0","0","0","0","0","3","","","","","","132311173","6.37804","7.17715","1.7273","1610","4176","thing","Vaalbara","2","5","20","20","20","2023","2,3,4,5","4","10+","Moderate in-game text - needs crib sheet or paste ups","","","","","","standalone","","Gém Klub Kft.; Studio H","Hungarian","2023","Hungarian edition"
"Vándorló tornyok","355483","0","0","0","1","0","0","0","0","0","0","0","3","","","","","","132311206","6.78899","7.34312","1.5913","756","10677","thing","Wandering Towers","2","6","30","30","30","2024","3,4,5,6","4,5","6+","No necessary in-game text","","","","","","standalone","","Gém Klub Kft.","Hungarian","2024","Hungarian edition"
"Vándortáj","385761","0","0","0","1","0","0","0","0","0","0","0","3","","","","","","132311239","7.24492","7.55267","1.9113","266","26969","thing","Faraway","2","6","30","30","15","2024","2,3,4,5","3","10+","No necessary in-game text","","","","","","standalone","","Reflexshop","Hungarian","2024","Hungarian edition"
"Vedelsz vagy Mersz?","363070","0","0","0","1","0","0","0","0","0","0","0","3","","","","","","95909048","0","0","0","0","2","thing","Vedelsz vagy Mersz?","2","99","0","0","0","0","","","","","","","","","","standalone","","","","",""
"Vidámpark","300683","0","0","0","1","0","0","0","0","0","0","0","3","","","","","","85441761","6.25462","7.20733","1.9216","1969","4398","thing","Meeple Land","2","4","45","45","45","2020","2,3,4","3","8+","No necessary in-game text","","","","","","standalone","","","","",""
"Vigyáz(z)6!","432","0","0","0","1","0","0","0","0","0","0","0","3","","","","","","70536118","6.85325","6.98084","1.1901","676","48380","thing","Take 5","2","10","45","45","45","1994","3,4,5,6,7,8,9,10","5,6","8+","No necessary in-game text","","","","","","standalone","","","","",""
"Vigyázat, vadnyugat!","169124","0","0","0","1","0","0","0","0","0","0","0","3","","","","","","70536108","6.55812","6.84192","1.3462","1159","16732","thing","Flick 'em Up!","2","10","45","45","30","2015","2,3,4,5,6","2,4","6+","No necessary in-game text","","","","","","standalone","","","","",""
"Vikingdoms","206780","0","0","0","1","0","0","0","0","0","0","0","3","","","","","","70536127","5.56576","6.78546","2.3333","11403","312","thing","Vikingdoms","2","2","30","30","20","2016","2","2","","No necessary in-game text","","","","","","standalone","","","","",""
"A világ csodái","365258","0","0","0","1","0","0","0","0","0","0","0","3","","","","","","132149381","7.00366","7.61797","2.2573","482","10783","thing","World Wonders","1","5","70","70","50","2023","1,2,3,4","3","10+","No necessary in-game text","","","","","","standalone","","Gém Klub Kft.; MeepleBR; MUNDUS","Hungarian","2023","Hungarian edition"
"Virágoskert","204027","0","0","0","1","0","0","0","0","0","0","0","3","","","","","","85441774","6.54534","6.84774","1.8871","1183","13039","thing","Cottage Garden","1","4","60","60","60","2016","1,2,3,4","3","8+","No necessary in-game text","","","","","","standalone","","","","",""
"Viticulture","128621","0","0","0","1","0","0","0","0","0","0","0","3","","","","","","132311332","7.18546","7.47451","2.9495","312","12783","thing","Viticulture","2","6","90","90","90","2014","2,3,4,5","3,4","12+","Moderate in-game text - needs crib sheet or paste ups","","","","","","standalone","","Stonemaier Games","English","2014","English second edition"
"Víz alatti városok","247763","0","0","0","1","0","0","0","0","0","0","0","3","","","","","","85441779","7.77419","8.0425","3.5801","50","29064","thing","Underwater Cities","1","4","150","150","80","2018","1,2,3","2","12+","Moderate in-game text - needs crib sheet or paste ups","","","","","","standalone","","","","",""
"Vörös Előőrs","287589","0","0","0","1","0","0","0","0","0","0","0","3","","","","","","132149389","6.16818","6.88538","2.5435","2310","5010","thing","Red Outpost","1","4","60","60","30","2020","2,3,4","3","10+","No necessary in-game text","","","","","","standalone","","Lifestyle Boardgames Ltd; Reflexshop","Hungarian","2020","Hungarian edition"
"Vox Pop","13200","0","0","0","1","0","0","0","0","0","0","0","3","","","","","","132311364","0","5.6","0","0","9","thing","Vox Pop","2","40","0","0","0","1938","","","","","","","","","","standalone","","","","",""
"Walk the Plank!","35505","0","0","0","1","0","0","0","0","0","0","0","3","","","","","","95909079","5.93227","6.51879","1.253","3548","3091","thing","Walk the Plank!","3","5","20","20","20","2013","3,4,5","4,5","6+","No necessary in-game text","","","","","","standalone","","","","",""
"Waterfall Park","396618","0","0","0","1","0","0","0","0","0","0","0","3","","","","","","132311418","5.95725","7.0693","1.95","3377","2482","thing","Waterfall Park","3","5","45","45","45","2023","4,5","5","8+","No necessary in-game text","","","","","","standalone","","Games7Days; Gém Klub Kft.; Repos Production","Hungarian; Ukrainian","2023","Hungarian/Ukrainian edition"
"WAU","352822","0","0","0","1","0","0","0","0","0","0","0","3","","","","","","95909084","0","8.75","1","0","10","thing","WAU","2","5","50","50","20","2021","2,3,4,5","3","5+","","","","","","","standalone","","","","",""
"Wayfarers of the South Tigris","350316","0","0","0","1","0","0","0","0","0","0","0","3","","","","","","108077032","7.14359","7.78589","3.8127","347","12630","thing","Wayfarers of the South Tigris","1","4","90","90","60","2022","1,2,3","2","14+","No necessary in-game text","","","","","","standalone","","","","",""
"Wazabi","48979","0","0","0","1","0","0","0","0","0","0","0","3","","","","","","70536134","5.65305","5.92513","1.0779","7225","3794","thing","Wazabi","2","6","20","20","20","2008","3,4,5,6","4","6+","No necessary in-game text","","","","","","standalone","","","","",""
"Welcome to the Moon","339789","0","0","0","1","0","0","0","0","0","0","0","3","","","","","","95908465","7.35006","7.87202","2.4466","206","19472","thing","Welcome to the Moon","1","6","30","30","25","2021","1,2,3,4,5,6","2,3,4","10+","No necessary in-game text","","","","","","standalone","","","","",""
"Western Legends","232405","0","0","0","1","0","0","0","0","0","0","0","3","","","","","","105102115","7.22198","7.60449","2.8527","280","19607","thing","Western Legends","2","6","90","90","60","2018","3,4,5","4","12+","Moderate in-game text - needs crib sheet or paste ups","","","","","","standalone","","","","",""
"What Do You Meme?","226610","0","0","0","1","0","0","0","0","0","0","0","3","","","","","","132311443","5.19153","5.07356","1.0563","29569","9397","thing","What Do You Meme?","3","20","90","90","30","2016","4,5,6,7,8,9","6","16+","Extensive use of text - massive conversion needed to be playable","","","","","","standalone","","","","",""
"What's That Sound?","341136","0","0","0","1","0","0","0","0","0","0","0","3","","","","","","104204343","5.51791","5.96067","1","19469","200","thing","What's That Sound?","3","6","20","20","15","2021","","","","No necessary in-game text","","","","","","standalone","","","","",""
"Wild Space","298371","0","0","0","1","0","0","0","0","0","0","0","3","","","","","","95909037","6.4484","7.14967","2.0833","1426","6270","thing","Wild Space","1","5","40","40","15","2020","1,2,3,4","2,3","10+","No necessary in-game text","","","","","","standalone","","","","",""
"Wizard","1465","0","0","0","1","0","0","0","0","0","0","0","3","","","","","","70536141","6.72086","6.99247","1.7035","860","24172","thing","Wizard","3","6","45","45","45","1984","3,4,5,6","4,5","10+","No necessary in-game text","","","","","","standalone","","","","",""
"Wombat Rescue","170300","0","0","0","1","0","0","0","0","0","0","0","3","","","","","","104204679","5.64662","6.43993","2.1","7395","858","thing","Wombat Rescue","1","4","60","60","60","2015","2,3,4","3","8+","No necessary in-game text","","","","","","standalone","","","","",""
"World of Warcraft: Wrath of the Lich King","342848","0","0","0","1","0","0","0","0","0","0","0","3","","","","","","95909099","6.56134","7.3785","2.2874","1155","9714","thing","World of Warcraft: Wrath of the Lich King","1","5","60","60","45","2021","1,2,3,4,5","3","8+","Some necessary text - easily memorized or small crib sheet","","","","","","standalone","","","","",""
"Wormlord","282347","0","0","0","1","0","0","0","0","0","0","0","3","","","","","","85441785","5.50067","5.69531","1","24728","84","thing","Wormlord","2","8","10","10","5","2019","","","","","","","","","","standalone","","","","",""
"Wrong Party","336622","0","0","0","1","0","0","0","0","0","0","0","3","","","","","","95907962","5.61142","6.4017","1.2","8654","1694","thing","Wrong Party","2","5","60","60","30","2021","4,5","5","10+","No necessary in-game text","","","","","","standalone","","","","",""
"WTF?","265832","0","0","0","1","0","0","0","0","0","0","0","3","","","","","","104204689","5.46267","4.54304","1.1667","28779","344","thing","WTF?","3","0","0","0","0","2017","","","16+","","","","","","","standalone","","","","",""
"Yukon Airways","283294","0","0","0","1","0","0","0","0","0","0","0","3","","","","","","95909105","6.41144","7.30742","2.7768","1523","4125","thing","Yukon Airways","1","4","90","90","60","2019","1,2,3,4","3","12+","No necessary in-game text","","","","","","standalone","","","","",""
"Zagadki Smoka Obiboka","32088","0","0","0","1","0","0","0","0","0","0","0","3","","","","","","132309518","0","5.2","0","0","38","thing","Zagadki Smoka Obiboka","1","6","30","30","30","1996","","","3–6","Unplayable in another language","","","","","","standalone","","Granna","Polish","0","Second edition"
"Zangle!","267006","0","0","0","1","0","0","0","0","0","0","0","3","","","","","","85441790","5.49661","5.34722","1","25667","212","thing","Zangle!","1","6","45","45","45","2019","","","","","","","","","","standalone","","","","",""
"ZÈRTZ","528","0","0","0","1","0","0","0","0","0","0","0","3","","","","","","70536151","6.64416","7.26574","2.7339","1001","6704","thing","ZÈRTZ","2","2","60","60","30","1999","2","2","8+","No necessary in-game text","","","","","","standalone","","","","",""
"Zombie Dice","62871","0","0","0","1","0","0","0","0","0","0","0","3","","","","","","70536155","6.07865","6.22943","1.0929","2712","37468","thing","Zombie Dice","2","99","20","20","10","2010","2,3,4,5,6,7,8","4,5","6+","No necessary in-game text","","","","","","standalone","","","","",""
"Zooloretto","27588","0","0","0","1","0","0","0","0","0","0","0","3","","","","","","70536163","6.59332","6.78826","1.8584","1091","20128","thing","Zooloretto","2","5","45","45","45","2007","2,3,4,5","4","6+","No necessary in-game text","","","","","","standalone","","","","",""
